run_id,qid,open_library_id,rank,work_key,title,first_publish_year,edition_count,retrieved_at
20261004T202614Z-fc20c6,Q100948,OL225621A,1,/works/OL1884862W,Silent Spring,1962,57,2026-10-04T20:13:17+00:00
20261004T202614Z-fc20c6,Q100948,OL225621A,2,/works/OL1884868W,Under the sea-wind,1941,47,2026-10-04T20:13:17+00:00
20261004T202614Z-fc20c6,Q100948,OL225621A,3,/works/OL1884867W,The Sea Around Us,1950,43,2026-10-04T20:13:17+00:00
20261004T202614Z-fc20c6,Q101638,OL73405A,1,/works/OL849186W,A Vindication of Rights of Woman,1792,309,2026-10-04T20:13:18+00:00
20261004T202614Z-fc20c6,Q101638,OL73405A,2,/works/OL849217W,"Maria; or, The Wrongs of Woman",1799,265,2026-10-04T20:13:18+00:00
20261004T202614Z-fc20c6,Q101638,OL73405A,3,/works/OL849185W,Thoughts on the Education of Daughters,1787,22,2026-10-04T20:13:18+00:00
20261004T202614Z-fc20c6,Q102071,OL279921A,1,/works/OL2195990W,Trollkarlens hatt,1950,54,2026-10-04T20:13:18+00:00
20261004T202614Z-fc20c6,Q102071,OL279921A,2,/works/OL2195985W,Kometen kommer (Kometjakten),1946,44,2026-10-04T20:13:18+00:00
20261004T202614Z-fc20c6,Q102071,OL279921A,3,/works/OL2195994W,Muminpappans bravader / Muminpappans memoarer,1950,36,2026-10-04T20:13:18+00:00
20261004T202614Z-fc20c6,Q102513,OL22157A,1,/works/OL152161W,Uncle Tom's Cabin,1850,688,2026-10-04T20:13:19+00:00
20261004T202614Z-fc20c6,Q102513,OL22157A,2,/works/OL152223W,The pearl of Orr's Island,1862,152,2026-10-04T20:13:19+00:00
20261004T202614Z-fc20c6,Q102513,OL22157A,3,/works/OL152211W,Queer Little Folks,1886,145,2026-10-04T20:13:19+00:00
20261004T202614Z-fc20c6,Q103114,OL300477A,1,/works/OL2286729W,Les particules élémentaires,1998,43,2026-10-04T20:13:21+00:00
20261004T202614Z-fc20c6,Q103114,OL300477A,2,/works/OL2286749W,Plateforme,2001,22,2026-10-04T20:13:21+00:00
20261004T202614Z-fc20c6,Q103114,OL300477A,3,/works/OL17106654W,Soumission,2015,21,2026-10-04T20:13:21+00:00
20261004T202614Z-fc20c6,Q1067,OL29303A,1,/works/OL93082W,La Divina Commedia,1472,1339,2026-10-04T20:13:26+00:00
20261004T202614Z-fc20c6,Q1067,OL29303A,2,/works/OL93227W,Inferno,1767,446,2026-10-04T20:13:26+00:00
20261004T202614Z-fc20c6,Q1067,OL29303A,3,/works/OL93230W,Il Paradiso,1595,291,2026-10-04T20:13:26+00:00
20261004T202614Z-fc20c6,Q1072531,OL2827678A,1,/works/OL8470853W,Old Floating Cloud,1992,2,2026-10-04T20:13:23+00:00
20261004T202614Z-fc20c6,Q1072531,OL2827678A,2,/works/OL8470852W,La Rue de la Boue Jaune,2001,1,2026-10-04T20:13:23+00:00
20261004T202614Z-fc20c6,Q1072531,OL2827678A,3,/works/OL8483589W,Blue Light in the Sky & Other Stories,2006,1,2026-10-04T20:13:23+00:00
20261004T202614Z-fc20c6,Q111472131,OL7993510A,1,/works/OL20658092W,The Mountains Sing,2020,8,2026-10-04T20:13:25+00:00
20261004T202614Z-fc20c6,Q111472131,OL7993510A,2,/works/OL32191885W,Những ngôi sao hình quang gánh,2011,1,2026-10-04T20:13:25+00:00
20261004T202614Z-fc20c6,Q111472131,OL7993510A,3,/works/OL43186284W,Dust Child,2023,1,2026-10-04T20:13:25+00:00
20261004T202614Z-fc20c6,Q11523472,OL6573124A,1,/works/OL19744024W,Convenience store woman,2018,16,2026-10-04T20:13:27+00:00
20261004T202614Z-fc20c6,Q11523472,OL6573124A,2,/works/OL24350404W,地球星人,2018,15,2026-10-04T20:13:27+00:00
20261004T202614Z-fc20c6,Q11523472,OL6573124A,3,/works/OL26932013W,Life Ceremony,2022,6,2026-10-04T20:13:27+00:00
20261004T202614Z-fc20c6,Q115243,OL46671A,1,/works/OL606721W,Léon l'Africain,1986,43,2026-10-04T20:13:28+00:00
20261004T202614Z-fc20c6,Q115243,OL46671A,2,/works/OL606700W,Les Croisades vues par les Arabes,1983,37,2026-10-04T20:13:28+00:00
20261004T202614Z-fc20c6,Q115243,OL46671A,3,/works/OL28602667W,Samarcande,1988,30,2026-10-04T20:13:28+00:00
20261004T202614Z-fc20c6,Q1153825,OL29466A,1,/works/OL280577W,Principles of internal medicine,1950,173,2026-10-04T20:13:29+00:00
20261004T202614Z-fc20c6,Q1153825,OL29466A,2,/works/OL102394W,La place,1983,37,2026-10-04T20:13:29+00:00
20261004T202614Z-fc20c6,Q1153825,OL29466A,3,/works/OL102389W,Les années,2001,23,2026-10-04T20:13:29+00:00
20261004T202614Z-fc20c6,Q117018,OL256110A,1,/works/OL2084284W,Altazor,1919,13,2026-10-04T20:13:30+00:00
20261004T202614Z-fc20c6,Q117018,OL256110A,2,/works/OL2084283W,Poems,1984,11,2026-10-04T20:13:30+00:00
20261004T202614Z-fc20c6,Q117018,OL256110A,3,/works/OL2084238W,Cagliostro,1931,10,2026-10-04T20:13:30+00:00
20261004T202614Z-fc20c6,Q1187562,OL91941A,1,/works/OL991961W,Te trataré como a una reina,1982,20,2026-10-04T20:13:31+00:00
20261004T202614Z-fc20c6,Q1187562,OL91941A,2,/works/OL991957W,Crónica del desamor,1979,18,2026-10-04T20:13:31+00:00
20261004T202614Z-fc20c6,Q1187562,OL91941A,3,/works/OL19697831W,La hija del caníbal,1997,18,2026-10-04T20:13:31+00:00
20261004T202614Z-fc20c6,Q126633,OL1394320A,1,/works/OL5735175W,Persepolis 1-4,2000,21,2026-10-04T20:13:32+00:00
20261004T202614Z-fc20c6,Q126633,OL1394320A,2,/works/OL5735173W,Bordados / Embroideries,2004,19,2026-10-04T20:13:32+00:00
20261004T202614Z-fc20c6,Q126633,OL1394320A,3,/works/OL5735184W,Pollo con ciruelas,1998,16,2026-10-04T20:13:32+00:00
20261004T202614Z-fc20c6,Q12807,OL20735A,1,/works/OL8996439W,Il nome della rosa,1980,151,2026-10-04T20:13:33+00:00
20261004T202614Z-fc20c6,Q12807,OL20735A,2,/works/OL8996438W,Il pendolo di Foucault,1988,81,2026-10-04T20:13:33+00:00
20261004T202614Z-fc20c6,Q12807,OL20735A,3,/works/OL3027014W,The meaning of meaning,1923,61,2026-10-04T20:13:33+00:00
20261004T202614Z-fc20c6,Q12881,OL66700A,1,/works/OL796465W,O Alquimista,1988,141,2026-10-04T20:13:34+00:00
20261004T202614Z-fc20c6,Q12881,OL66700A,2,/works/OL796473W,Am Ufer des Rio Piedra saß ich und weinte,1975,72,2026-10-04T20:13:34+00:00
20261004T202614Z-fc20c6,Q12881,OL66700A,3,/works/OL796582W,A bruxa de Portobello,2006,32,2026-10-04T20:13:34+00:00
20261004T202614Z-fc20c6,Q13005,OL783268A,1,/works/OL4154143W,Jia,1958,9,2026-10-04T20:13:37+00:00
20261004T202614Z-fc20c6,Q13005,OL783268A,2,/works/OL4154142W,Chun,1962,8,2026-10-04T20:13:37+00:00
20261004T202614Z-fc20c6,Q13005,OL783268A,3,/works/OL4154141W,Sui xiang lu,1900,6,2026-10-04T20:13:37+00:00
20261004T202614Z-fc20c6,Q13012,OL204214A,1,/works/OL1756937W,Grande sertão,1956,18,2026-10-04T20:13:40+00:00
20261004T202614Z-fc20c6,Q13012,OL204214A,2,/works/OL1756936W,Sagarana,1966,4,2026-10-04T20:13:40+00:00
20261004T202614Z-fc20c6,Q13012,OL204214A,3,/works/OL11123576W,Primeiras estórias,1964,3,2026-10-04T20:13:40+00:00
20261004T202614Z-fc20c6,Q130631,OL23065A,1,/works/OL3353722W,Live from death row,1995,9,2026-10-04T20:13:39+00:00
20261004T202614Z-fc20c6,Q130631,OL23065A,2,/works/OL17810307W,Deconstruction and Pragmatism,1996,9,2026-10-04T20:13:39+00:00
20261004T202614Z-fc20c6,Q130631,OL23065A,3,/works/OL15268W,De la grammatologie,1967,7,2026-10-04T20:13:39+00:00
20261004T202614Z-fc20c6,Q131149,OL19690A,1,/works/OL55649W,Walden,1854,1140,2026-10-04T20:13:38+00:00
20261004T202614Z-fc20c6,Q131149,OL19690A,2,/works/OL55631W,Civil Disobedience,1800,261,2026-10-04T20:13:38+00:00
20261004T202614Z-fc20c6,Q131149,OL19690A,3,/works/OL55670W,A week on the Concord and Merrimack Rivers,1849,236,2026-10-04T20:13:38+00:00
20261004T202614Z-fc20c6,Q131333,OL24528A,1,/works/OL20938W,The Mill on the Floss,1800,763,2026-10-04T20:13:42+00:00
20261004T202614Z-fc20c6,Q131333,OL24528A,2,/works/OL20874W,Silas Marner,1800,628,2026-10-04T20:13:42+00:00
20261004T202614Z-fc20c6,Q131333,OL24528A,3,/works/OL20935W,Adam Bede,1800,543,2026-10-04T20:13:42+00:00
20261004T202614Z-fc20c6,Q132589,OL83751A,1,/works/OL944244W,The family of Pascal Duarte,1946,28,2026-10-04T20:09:31+00:00
20261004T202614Z-fc20c6,Q132589,OL83751A,2,/works/OL944359W,La familia de Pascual Duarte,1942,21,2026-10-04T20:09:31+00:00
20261004T202614Z-fc20c6,Q132589,OL83751A,3,/works/OL944358W,La colmena,1951,19,2026-10-04T20:09:31+00:00
20261004T202614Z-fc20c6,Q132805,OL18277A,1,/works/OL44927W,Tess of the d'Urbervilles,1707,747,2026-10-04T20:13:43+00:00
20261004T202614Z-fc20c6,Q132805,OL18277A,2,/works/OL8193406W,The Mayor of Casterbridge,1800,676,2026-10-04T20:13:43+00:00
20261004T202614Z-fc20c6,Q132805,OL18277A,3,/works/OL44986W,Jude the Obscure,1895,425,2026-10-04T20:13:43+00:00
20261004T202614Z-fc20c6,Q133042,OL29646A,1,/works/OL109481W,The bridal canopy,1937,7,2026-10-04T20:13:44+00:00
20261004T202614Z-fc20c6,Q133042,OL29646A,2,/works/OL109475W,Short stories,1966,7,2026-10-04T20:13:44+00:00
20261004T202614Z-fc20c6,Q133042,OL29646A,3,/works/OL109484W,Days of awe,1948,7,2026-10-04T20:13:44+00:00
20261004T202614Z-fc20c6,Q133054,OL4327652A,1,/works/OL1865528W,The Bell Jar,1948,177,2026-10-04T20:13:45+00:00
20261004T202614Z-fc20c6,Q133054,OL4327652A,2,/works/OL1865549W,Ariel,1965,57,2026-10-04T20:13:45+00:00
20261004T202614Z-fc20c6,Q133054,OL4327652A,3,/works/OL1865547W,The Colossus and Other Poems,1960,53,2026-10-04T20:13:45+00:00
20261004T202614Z-fc20c6,Q134456,OL220942A,1,/works/OL1845211W,午後の曳航,1965,42,2026-10-04T20:13:46+00:00
20261004T202614Z-fc20c6,Q134456,OL220942A,2,/works/OL1845333W,金閣寺,1956,28,2026-10-04T20:13:46+00:00
20261004T202614Z-fc20c6,Q134456,OL220942A,3,/works/OL1845331W,Kinjiki,1964,26,2026-10-04T20:13:46+00:00
20261004T202614Z-fc20c6,Q134798,OL382524A,1,/works/OL2625431W,海辺のカフカ,2001,61,2026-10-04T20:13:49+00:00
20261004T202614Z-fc20c6,Q134798,OL382524A,2,/works/OL2625457W,Norwegian Wood,1987,56,2026-10-04T20:13:49+00:00
20261004T202614Z-fc20c6,Q134798,OL382524A,3,/works/OL15029001W,1Q84,2009,42,2026-10-04T20:13:49+00:00
20261004T202614Z-fc20c6,Q1392121,OL441423A,1,/works/OL2900596W,Vidas secas,1964,17,2026-10-04T20:13:48+00:00
20261004T202614Z-fc20c6,Q1392121,OL441423A,2,/works/OL2900597W,São Bernardo,1965,10,2026-10-04T20:13:48+00:00
20261004T202614Z-fc20c6,Q1392121,OL441423A,3,/works/OL2900565W,Infância,1945,7,2026-10-04T20:13:48+00:00
20261004T202614Z-fc20c6,Q1398,OL28294A,1,/works/OL97727W,Metamorfosi,1474,747,2026-10-04T20:13:49+00:00
20261004T202614Z-fc20c6,Q1398,OL28294A,2,/works/OL47087W,Aeneis,1592,721,2026-10-04T20:13:49+00:00
20261004T202614Z-fc20c6,Q1398,OL28294A,3,/works/OL15237196W,"The Georgics of Virgil translated by Thomas Neville, ..",1523,248,2026-10-04T20:13:49+00:00
20261004T202614Z-fc20c6,Q1399,OL23135A,1,/works/OL1089297W,The Prince,1515,1407,2026-10-04T20:13:50+00:00
20261004T202614Z-fc20c6,Q1399,OL23135A,2,/works/OL21456413W,Prince,1998,183,2026-10-04T20:13:50+00:00
20261004T202614Z-fc20c6,Q1399,OL23135A,3,/works/OL15968W,Dell'Arte della Guerra,1540,140,2026-10-04T20:13:50+00:00
20261004T202614Z-fc20c6,Q140052,OL30118A,1,/works/OL481143W,White Teeth,2000,48,2026-10-04T20:13:52+00:00
20261004T202614Z-fc20c6,Q140052,OL30118A,2,/works/OL481148W,On Beauty,2005,39,2026-10-04T20:13:52+00:00
20261004T202614Z-fc20c6,Q140052,OL30118A,3,/works/OL481144W,The Autograph Man,2002,27,2026-10-04T20:13:52+00:00
20261004T202614Z-fc20c6,Q1401,OL77056A,1,/works/OL15469822W,Rime,1475,230,2026-10-04T20:13:53+00:00
20261004T202614Z-fc20c6,Q1401,OL77056A,2,/works/OL15234306W,Epistolae,1601,37,2026-10-04T20:13:53+00:00
20261004T202614Z-fc20c6,Q1401,OL77056A,3,/works/OL878577W,De remediis utriusque fortunae,1492,19,2026-10-04T20:13:53+00:00
20261004T202614Z-fc20c6,Q1402,OL2055261A,1,/works/OL7180368W,Decamerone,1516,700,2026-10-04T20:13:54+00:00
20261004T202614Z-fc20c6,Q1402,OL2055261A,2,/works/OL15231350W,Fiammetta,1524,28,2026-10-04T20:13:54+00:00
20261004T202614Z-fc20c6,Q1402,OL2055261A,3,/works/OL40567956W,Decameron,2001,23,2026-10-04T20:13:54+00:00
20261004T202614Z-fc20c6,Q1403,OL32292A,1,/works/OL141870W,I Malavoglia di Giovanni Verga,1873,369,2026-10-04T20:13:55+00:00
20261004T202614Z-fc20c6,Q1403,OL32292A,2,/works/OL100436W,Sei personaggi in cerca d'autore,1900,110,2026-10-04T20:13:55+00:00
20261004T202614Z-fc20c6,Q1403,OL32292A,3,/works/OL15699928W,Novelle per un anno,1900,48,2026-10-04T20:13:55+00:00
20261004T202614Z-fc20c6,Q1430,OL133986A,1,/works/OL1317211W,Meditations,1626,643,2026-10-04T20:13:58+00:00
20261004T202614Z-fc20c6,Q1430,OL133986A,2,/works/OL28521353W,Meditations,2006,73,2026-10-04T20:13:58+00:00
20261004T202614Z-fc20c6,Q1430,OL133986A,3,/works/OL379949W,"The Apology, Phaedo and Crito of Plato; Golden Sayings of Epictetus; Meditations of Marcus Aurelius",1907,35,2026-10-04T20:13:58+00:00
20261004T202614Z-fc20c6,Q1446797,OL2631224A,1,/works/OL14933038W,Cutting for Stone,2009,34,2026-10-04T20:13:57+00:00
20261004T202614Z-fc20c6,Q1446797,OL2631224A,2,/works/OL921339W,The Body,1992,12,2026-10-04T20:13:57+00:00
20261004T202614Z-fc20c6,Q1446797,OL2631224A,3,/works/OL277199W,The Tennis Partner (ARC),1998,9,2026-10-04T20:13:57+00:00
20261004T202614Z-fc20c6,Q148886,OL2657678A,1,/works/OL2510290W,The street of crocodiles,1963,9,2026-10-04T20:13:58+00:00
20261004T202614Z-fc20c6,Q148886,OL2657678A,2,/works/OL2510292W,Le sanatorium au croque-mort,1974,6,2026-10-04T20:13:58+00:00
20261004T202614Z-fc20c6,Q148886,OL2657678A,3,/works/OL2510288W,Sanatorium under the sign of the hourglass,1978,5,2026-10-04T20:13:58+00:00
20261004T202614Z-fc20c6,Q1500,OL178062A,1,/works/OL1622789W,Noli Me Tangere,1902,135,2026-10-04T20:13:59+00:00
20261004T202614Z-fc20c6,Q1500,OL178062A,2,/works/OL1622748W,El filibusterismo,1900,84,2026-10-04T20:13:59+00:00
20261004T202614Z-fc20c6,Q1500,OL178062A,3,/works/OL34393091W,Filibusterismo,2016,12,2026-10-04T20:13:59+00:00
20261004T202614Z-fc20c6,Q151872,OL170730A,1,/works/OL1580908W,מיכאל שלי,1968,43,2026-10-04T20:14:01+00:00
20261004T202614Z-fc20c6,Q151872,OL170730A,2,/works/OL1580894W,סיפור על אהבה וחושך,2002,36,2026-10-04T20:14:01+00:00
20261004T202614Z-fc20c6,Q151872,OL170730A,3,/works/OL15832527W,פנתר במרתף,1994,33,2026-10-04T20:14:01+00:00
20261004T202614Z-fc20c6,Q152824,OL33042A,1,/works/OL496476W,On Photography,1977,35,2026-10-04T20:14:02+00:00
20261004T202614Z-fc20c6,Q152824,OL33042A,2,/works/OL496469W,Regarding the Pain of Others,2002,27,2026-10-04T20:14:02+00:00
20261004T202614Z-fc20c6,Q152824,OL33042A,3,/works/OL496473W,Against Interpretation,1966,26,2026-10-04T20:14:02+00:00
20261004T202614Z-fc20c6,Q153248,OL45468A,1,/works/OL159541W,Moderato cantabile,1900,42,2026-10-04T20:14:05+00:00
20261004T202614Z-fc20c6,Q153248,OL45468A,2,/works/OL159382W,L'Amant,1984,35,2026-10-04T20:14:05+00:00
20261004T202614Z-fc20c6,Q153248,OL45468A,3,/works/OL159535W,Hiroshima mon amour,1960,19,2026-10-04T20:14:05+00:00
20261004T202614Z-fc20c6,Q153670,OL74802A,1,/works/OL860066W,Se questo è un uomo,1947,112,2026-10-04T20:14:04+00:00
20261004T202614Z-fc20c6,Q153670,OL74802A,2,/works/OL860026W,La tregua,1963,54,2026-10-04T20:14:04+00:00
20261004T202614Z-fc20c6,Q153670,OL74802A,3,/works/OL860022W,Il sistema periodico,1975,50,2026-10-04T20:14:04+00:00
20261004T202614Z-fc20c6,Q15449810,OL7505388A,1,/works/OL19865299W,Lost Children Archive,2019,14,2026-10-04T20:14:05+00:00
20261004T202614Z-fc20c6,Q15449810,OL7505388A,2,/works/OL19667395W,Los niños perdidos,2011,8,2026-10-04T20:14:05+00:00
20261004T202614Z-fc20c6,Q15449810,OL7505388A,3,/works/OL19638097W,Faces in the Crowd,2012,7,2026-10-04T20:14:05+00:00
20261004T202614Z-fc20c6,Q15452495,OL3379613A,1,/works/OL17201654W,Between the World and Me,2015,19,2026-10-04T20:14:06+00:00
20261004T202614Z-fc20c6,Q15452495,OL3379613A,2,/works/OL20125974W,The Water Dancer,2019,17,2026-10-04T20:14:06+00:00
20261004T202614Z-fc20c6,Q15452495,OL3379613A,3,/works/OL9334412W,The Beautiful Struggle,2001,11,2026-10-04T20:14:06+00:00
20261004T202614Z-fc20c6,Q154691,OL4333664A,1,/works/OL872225W,Aura,1962,65,2026-10-04T20:14:08+00:00
20261004T202614Z-fc20c6,Q154691,OL4333664A,2,/works/OL872226W,Gringo viejo,1765,41,2026-10-04T20:14:08+00:00
20261004T202614Z-fc20c6,Q154691,OL4333664A,3,/works/OL872224W,La muerte de Artemio Cruz,1962,17,2026-10-04T20:14:08+00:00
20261004T202614Z-fc20c6,Q154756,OL4326372A,1,/works/OL15322W,Il barone rampante,1957,50,2026-10-04T20:14:10+00:00
20261004T202614Z-fc20c6,Q154756,OL4326372A,2,/works/OL15307W,"Marcovaldo, ovvero Le stagioni in città",1958,46,2026-10-04T20:14:10+00:00
20261004T202614Z-fc20c6,Q154756,OL4326372A,3,/works/OL15297W,Le città invisibili,1972,45,2026-10-04T20:14:10+00:00
20261004T202614Z-fc20c6,Q155106,OL2661154A,1,/works/OL857568W,El Club Dumas,1993,54,2026-10-04T20:09:32+00:00
20261004T202614Z-fc20c6,Q155106,OL2661154A,2,/works/OL992494W,La tabla de Flandes,1990,47,2026-10-04T20:09:32+00:00
20261004T202614Z-fc20c6,Q155106,OL2661154A,3,/works/OL992490W,El capitán Alatriste,1996,45,2026-10-04T20:09:32+00:00
20261004T202614Z-fc20c6,Q155845,OL78910A,1,/works/OL891786W,Things Fall Apart,1958,94,2026-10-04T20:14:15+00:00
20261004T202614Z-fc20c6,Q155845,OL78910A,2,/works/OL891789W,No Longer at Ease,1960,41,2026-10-04T20:14:15+00:00
20261004T202614Z-fc20c6,Q155845,OL78910A,3,/works/OL891787W,A Man of the People,1966,40,2026-10-04T20:14:15+00:00
20261004T202614Z-fc20c6,Q155855,OL1155711A,1,/works/OL575625W,R.U.R. and The insect play,1920,147,2026-10-04T20:14:24+00:00
20261004T202614Z-fc20c6,Q155855,OL1155711A,2,/works/OL575639W,Válka s mloky,1936,75,2026-10-04T20:14:24+00:00
20261004T202614Z-fc20c6,Q155855,OL1155711A,3,/works/OL575636W,Továrna na absolutno,1922,42,2026-10-04T20:14:24+00:00
20261004T202614Z-fc20c6,Q156501,OL571A,1,/works/OL7924292W,The Vintage Book of Indian Writing 1947-1997,1997,8,2026-10-04T20:14:16+00:00
20261004T202614Z-fc20c6,Q156501,OL571A,2,/works/OL294107W,Selections,2000,6,2026-10-04T20:14:16+00:00
20261004T202614Z-fc20c6,Q156501,OL571A,3,/works/OL15084362W,Toba Tek Singh,2008,3,2026-10-04T20:14:16+00:00
20261004T202614Z-fc20c6,Q157309,OL43117A,1,/works/OL587614W,La pesanteur et la grace,1948,43,2026-10-04T20:14:15+00:00
20261004T202614Z-fc20c6,Q157309,OL43117A,2,/works/OL587642W,L'enracinement,1949,32,2026-10-04T20:14:15+00:00
20261004T202614Z-fc20c6,Q157309,OL43117A,3,/works/OL587641W,Attente de Dieu,1950,30,2026-10-04T20:14:15+00:00
20261004T202614Z-fc20c6,Q157322,OL123692A,1,/works/OL1226059W,La Vie Devant Soi,1975,26,2026-10-04T20:14:19+00:00
20261004T202614Z-fc20c6,Q157322,OL123692A,2,/works/OL1226087W,Au­-delà de cette limite votre ticket n'est plus valable,1975,12,2026-10-04T20:14:19+00:00
20261004T202614Z-fc20c6,Q157322,OL123692A,3,/works/OL1226119W,The Ski Bum,1964,12,2026-10-04T20:14:19+00:00
20261004T202614Z-fc20c6,Q157326,OL136299A,1,/works/OL1338173W,Cinco horas con Mario,1966,47,2026-10-04T20:14:19+00:00
20261004T202614Z-fc20c6,Q157326,OL136299A,2,/works/OL1338186W,El camino,1950,46,2026-10-04T20:14:19+00:00
20261004T202614Z-fc20c6,Q157326,OL136299A,3,/works/OL1338306W,Los santos inocentes,1981,33,2026-10-04T20:14:19+00:00
20261004T202614Z-fc20c6,Q160263,OL5192245A,1,/works/OL1963514W,אשה בורחת מבשורה,2008,22,2026-10-04T20:14:22+00:00
20261004T202614Z-fc20c6,Q160263,OL5192245A,2,/works/OL4037165W,מישהו לרוץ איתו,2000,19,2026-10-04T20:14:22+00:00
20261004T202614Z-fc20c6,Q160263,OL5192245A,3,/works/OL1963524W,יש ילדים זיגזג,1994,18,2026-10-04T20:14:22+00:00
20261004T202614Z-fc20c6,Q161933,OL20919A,1,/works/OL14857506W,Agostino,1944,36,2026-10-04T20:14:23+00:00
20261004T202614Z-fc20c6,Q161933,OL20919A,2,/works/OL14857509W,La Romana,1947,35,2026-10-04T20:14:23+00:00
20261004T202614Z-fc20c6,Q161933,OL20919A,3,/works/OL14857508W,La ciociara,1957,31,2026-10-04T20:14:23+00:00
20261004T202614Z-fc20c6,Q16285,OL60411A,1,/works/OL741877W,La tregua,1960,59,2026-10-04T20:14:23+00:00
20261004T202614Z-fc20c6,Q16285,OL60411A,2,/works/OL741876W,Primavera con una esquina rota,1982,42,2026-10-04T20:14:23+00:00
20261004T202614Z-fc20c6,Q16285,OL60411A,3,/works/OL741875W,Gracias por el fuego,1965,35,2026-10-04T20:14:23+00:00
20261004T202614Z-fc20c6,Q1634870,OL2660318A,1,/works/OL20216955W,Espía de Dios,2006,7,2026-10-04T20:09:30+00:00
20261004T202614Z-fc20c6,Q1634870,OL2660318A,2,/works/OL22749190W,La leyenda del ladrón,2012,6,2026-10-04T20:09:30+00:00
20261004T202614Z-fc20c6,Q1634870,OL2660318A,3,/works/OL37579358W,Black Wolf,2024,5,2026-10-04T20:09:30+00:00
20261004T202614Z-fc20c6,Q165257,OL80534A,1,/works/OL914527W,Fuente Ovejuna,1909,140,2026-10-04T20:15:09+00:00
20261004T202614Z-fc20c6,Q165257,OL80534A,2,/works/OL914405W,El caballero de Olmedo,1606,65,2026-10-04T20:15:09+00:00
20261004T202614Z-fc20c6,Q165257,OL80534A,3,/works/OL914869W,Comedias,1604,52,2026-10-04T20:15:09+00:00
20261004T202614Z-fc20c6,Q166590,OL4287831A,1,/works/OL10358190W,Cómo me hice monja,1996,4,2026-10-04T20:14:27+00:00
20261004T202614Z-fc20c6,Q166590,OL4287831A,2,/works/OL10358167W,"Argentina, las grandes estancias",1995,2,2026-10-04T20:14:27+00:00
20261004T202614Z-fc20c6,Q166590,OL4287831A,3,/works/OL10358188W,Una novela china,1987,2,2026-10-04T20:14:27+00:00
20261004T202614Z-fc20c6,Q16864,OL70874A,1,/works/OL830720W,Short stories,1937,31,2026-10-04T20:14:27+00:00
20261004T202614Z-fc20c6,Q16864,OL70874A,2,/works/OL830719W,Cuentos de la selva,1940,30,2026-10-04T20:14:27+00:00
20261004T202614Z-fc20c6,Q16864,OL70874A,3,/works/OL830718W,"Cuentos de amor, de locura y de muerte",1900,18,2026-10-04T20:14:27+00:00
20261004T202614Z-fc20c6,Q16867,OL28127A,1,/works/OL41072W,The Murders in the Rue Morgue,1841,532,2026-10-04T20:15:05+00:00
20261004T202614Z-fc20c6,Q16867,OL28127A,2,/works/OL40962W,The Narrative of Arthur Gordon Pym,1838,391,2026-10-04T20:15:05+00:00
20261004T202614Z-fc20c6,Q16867,OL28127A,3,/works/OL41081W,The Raven,1845,287,2026-10-04T20:15:05+00:00
20261004T202614Z-fc20c6,Q16873,OL132586A,1,/works/OL1305767W,El astillero,1961,16,2026-10-04T20:15:22+00:00
20261004T202614Z-fc20c6,Q16873,OL132586A,2,/works/OL1305766W,Juntacadáveres,1964,14,2026-10-04T20:15:22+00:00
20261004T202614Z-fc20c6,Q16873,OL132586A,3,/works/OL1305765W,La vida breve,1950,13,2026-10-04T20:15:22+00:00
20261004T202614Z-fc20c6,Q170302,OL2108A,1,/works/OL240498W,گُلِستان,1700,129,2026-10-04T20:15:35+00:00
20261004T202614Z-fc20c6,Q170302,OL2108A,2,/works/OL311989W,"Būstān-i Shaykh Muṣliḥ al-Dīn Saʻdī Shīrāzī, maʻah farhang va sharḥ-i Mawlavī Tamīz al-Dīn",1851,68,2026-10-04T20:15:35+00:00
20261004T202614Z-fc20c6,Q170302,OL2108A,3,/works/OL312024W,The Gulistān,1636,17,2026-10-04T20:15:35+00:00
20261004T202614Z-fc20c6,Q170509,OL21001A,1,/works/OL276386W,The Turn of the Screw,1898,563,2026-10-04T20:15:14+00:00
20261004T202614Z-fc20c6,Q170509,OL21001A,2,/works/OL276365W,The Portrait of a Lady,1881,432,2026-10-04T20:15:14+00:00
20261004T202614Z-fc20c6,Q170509,OL21001A,3,/works/OL276328W,Daisy Miller,1877,244,2026-10-04T20:15:14+00:00
20261004T202614Z-fc20c6,Q170800,OL4280652A,1,/works/OL10341558W,La vida es sueño,1740,69,2026-10-04T20:15:13+00:00
20261004T202614Z-fc20c6,Q170800,OL4280652A,2,/works/OL10341535W,Comedias religiosas,1600,38,2026-10-04T20:15:13+00:00
20261004T202614Z-fc20c6,Q170800,OL4280652A,3,/works/OL10341556W,El alcalde de Zalamea,1900,34,2026-10-04T20:15:13+00:00
20261004T202614Z-fc20c6,Q171091,OL274606A,1,/works/OL2172356W,Do Androids Dream of Electric Sheep?,1968,90,2026-10-04T20:15:13+00:00
20261004T202614Z-fc20c6,Q171091,OL274606A,2,/works/OL2172403W,The Man in the High Castle,1962,84,2026-10-04T20:15:13+00:00
20261004T202614Z-fc20c6,Q171091,OL274606A,3,/works/OL25417538W,Second Variety,1853,68,2026-10-04T20:15:13+00:00
20261004T202614Z-fc20c6,Q173481,OL73160A,1,/works/OL847061W,Livro do Desassossego,1982,85,2026-10-04T20:09:33+00:00
20261004T202614Z-fc20c6,Q173481,OL73160A,2,/works/OL40140637W,Livro de Notas,2015,45,2026-10-04T20:09:33+00:00
20261004T202614Z-fc20c6,Q173481,OL73160A,3,/works/OL847252W,Poems,1945,43,2026-10-04T20:09:33+00:00
20261004T202614Z-fc20c6,Q173767,OL76614A,1,/works/OL15239288W,Poems,1888,63,2026-10-04T20:15:13+00:00
20261004T202614Z-fc20c6,Q173767,OL76614A,2,/works/OL15239287W,Antología poética,1927,17,2026-10-04T20:15:13+00:00
20261004T202614Z-fc20c6,Q173767,OL76614A,3,/works/OL15239286W,Cantos de vida y esperanza,1900,16,2026-10-04T20:15:13+00:00
20261004T202614Z-fc20c6,Q174152,OL4683A,1,/works/OL331909W,Short stories,1946,17,2026-10-04T20:15:14+00:00
20261004T202614Z-fc20c6,Q174152,OL4683A,2,/works/OL332076W,Godāna,1939,13,2026-10-04T20:15:14+00:00
20261004T202614Z-fc20c6,Q174152,OL4683A,3,/works/OL332064W,Nirmalā,1936,11,2026-10-04T20:15:14+00:00
20261004T202614Z-fc20c6,Q174210,OL2631008A,1,/works/OL14860424W,Rayuela,1963,129,2026-10-04T20:09:36+00:00
20261004T202614Z-fc20c6,Q174210,OL2631008A,2,/works/OL276957W,62/Modelo para armar,1968,45,2026-10-04T20:09:36+00:00
20261004T202614Z-fc20c6,Q174210,OL2631008A,3,/works/OL276963W,Final del juego,1956,42,2026-10-04T20:09:36+00:00
20261004T202614Z-fc20c6,Q1768256,OL6748233A,1,/works/OL15348317W,Ilustrado,2010,15,2026-10-04T20:15:16+00:00
20261004T202614Z-fc20c6,Q1768256,OL6748233A,2,/works/OL25446540W,I Was the President's Mistress!!,2022,4,2026-10-04T20:15:16+00:00
20261004T202614Z-fc20c6,Q17714,OL2675573A,1,/works/OL1892617W,A Brief History of Time,1988,120,2026-10-04T20:15:18+00:00
20261004T202614Z-fc20c6,Q17714,OL2675573A,2,/works/OL5714585W,George's Secret Key to the Universe,1998,35,2026-10-04T20:15:18+00:00
20261004T202614Z-fc20c6,Q17714,OL2675573A,3,/works/OL1892622W,The Universe in a Nutshell,2000,34,2026-10-04T20:15:18+00:00
20261004T202614Z-fc20c6,Q17892,OL92777A,1,/works/OL997593W,Sappho,1887,25,2026-10-04T20:15:21+00:00
20261004T202614Z-fc20c6,Q17892,OL92777A,2,/works/OL10545107W,Sappho,1885,14,2026-10-04T20:15:21+00:00
20261004T202614Z-fc20c6,Q17892,OL92777A,3,/works/OL20729254W,Sappho,1920,13,2026-10-04T20:15:21+00:00
20261004T202614Z-fc20c6,Q179109,OL2645171A,1,/works/OL1375089W,Mythologies,1953,26,2026-10-04T20:15:27+00:00
20261004T202614Z-fc20c6,Q179109,OL2645171A,2,/works/OL1374992W,Fragments d'un discours amoureux,1977,15,2026-10-04T20:15:27+00:00
20261004T202614Z-fc20c6,Q179109,OL2645171A,3,/works/OL1375093W,S/Z,1970,14,2026-10-04T20:15:27+00:00
20261004T202614Z-fc20c6,Q179695,OL86811A,1,/works/OL963872W,The General of the Dead Army,1963,25,2026-10-04T20:15:24+00:00
20261004T202614Z-fc20c6,Q179695,OL86811A,2,/works/OL963873W,Chronicle in Stone,1973,24,2026-10-04T20:15:24+00:00
20261004T202614Z-fc20c6,Q179695,OL86811A,3,/works/OL963826W,The Siege,1974,14,2026-10-04T20:15:24+00:00
20261004T202614Z-fc20c6,Q180626,OL1142590A,1,/works/OL5156829W,The legendary couple,2003,10,2026-10-04T20:15:24+00:00
20261004T202614Z-fc20c6,Q180626,OL1142590A,2,/works/OL5156835W,She diao ying xiong zhuan,1975,9,2026-10-04T20:15:24+00:00
20261004T202614Z-fc20c6,Q180626,OL1142590A,3,/works/OL5156826W,Heaven Sword & Dragon Sabre,2002,8,2026-10-04T20:15:24+00:00
20261004T202614Z-fc20c6,Q181659,OL31353A,1,/works/OL59800W,The Left Hand of Darkness,1969,91,2026-10-04T20:15:25+00:00
20261004T202614Z-fc20c6,Q181659,OL31353A,2,/works/OL59798W,A Wizard of Earthsea,1968,87,2026-10-04T20:15:25+00:00
20261004T202614Z-fc20c6,Q181659,OL31353A,3,/works/OL59863W,The Dispossessed,1974,75,2026-10-04T20:15:25+00:00
20261004T202614Z-fc20c6,Q181677,OL234664A,1,/works/OL257943W,A Game of Thrones,1996,136,2026-10-04T20:15:26+00:00
20261004T202614Z-fc20c6,Q181677,OL234664A,2,/works/OL257939W,A Clash of Kings,1998,76,2026-10-04T20:15:26+00:00
20261004T202614Z-fc20c6,Q181677,OL234664A,3,/works/OL257948W,A Feast for Crows,2005,69,2026-10-04T20:15:26+00:00
20261004T202614Z-fc20c6,Q182658,OL498120A,1,/works/OL3140822W,To Kill a Mockingbird,1960,213,2026-10-04T20:15:26+00:00
20261004T202614Z-fc20c6,Q182658,OL498120A,2,/works/OL17163917W,Go Set A Watchman,2015,32,2026-10-04T20:15:26+00:00
20261004T202614Z-fc20c6,Q182658,OL498120A,3,/works/OL44382079W,The Land of Sweet Forever,2025,6,2026-10-04T20:15:26+00:00
20261004T202614Z-fc20c6,Q182804,OL135127A,1,/works/OL1325749W,Out of Africa,1937,34,2026-10-04T20:15:40+00:00
20261004T202614Z-fc20c6,Q182804,OL135127A,2,/works/OL1325745W,Seven Gothic tales,1934,32,2026-10-04T20:15:40+00:00
20261004T202614Z-fc20c6,Q182804,OL135127A,3,/works/OL1325748W,Vinter-eventyr,1942,21,2026-10-04T20:15:40+00:00
20261004T202614Z-fc20c6,Q183074,OL117489A,1,/works/OL1159898W,Obras escogidas,1928,9,2026-10-04T20:15:29+00:00
20261004T202614Z-fc20c6,Q183074,OL117489A,2,/works/OL1159899W,Primero sueño,1951,8,2026-10-04T20:15:29+00:00
20261004T202614Z-fc20c6,Q183074,OL117489A,3,/works/OL1159897W,Los empeños de una casa,1940,7,2026-10-04T20:15:29+00:00
20261004T202614Z-fc20c6,Q183266,OL21070A,1,/works/OL4558936W,"The History of Rasselas, Prince of Abyssinia",1759,249,2026-10-04T20:15:33+00:00
20261004T202614Z-fc20c6,Q183266,OL21070A,2,/works/OL14862662W,A dictionary of the English language,1747,104,2026-10-04T20:15:33+00:00
20261004T202614Z-fc20c6,Q183266,OL21070A,3,/works/OL14862914W,The rambler,1750,91,2026-10-04T20:15:33+00:00
20261004T202614Z-fc20c6,Q183492,OL52922A,1,/works/OL675783W,The Handmaid's Tale,1985,174,2026-10-04T20:15:34+00:00
20261004T202614Z-fc20c6,Q183492,OL52922A,2,/works/OL675698W,The Blind Assassin,2000,89,2026-10-04T20:15:34+00:00
20261004T202614Z-fc20c6,Q183492,OL52922A,3,/works/OL675834W,alias Grace,1996,81,2026-10-04T20:15:34+00:00
20261004T202614Z-fc20c6,Q18355929,OL7607606A,1,/works/OL20783698W,On Earth We're Briefly Gorgeous,2019,14,2026-10-04T20:15:36+00:00
20261004T202614Z-fc20c6,Q18355929,OL7607606A,2,/works/OL20027324W,Night sky with exit wounds,2016,9,2026-10-04T20:15:36+00:00
20261004T202614Z-fc20c6,Q18355929,OL7607606A,3,/works/OL42394591W,The Emperor of Gladness,2025,7,2026-10-04T20:15:36+00:00
20261004T202614Z-fc20c6,Q18391,OL20891A,1,/works/OL14856842W,La Nuit,1955,59,2026-10-04T20:15:36+00:00
20261004T202614Z-fc20c6,Q18391,OL20891A,2,/works/OL14856833W,Dawn,1961,17,2026-10-04T20:15:36+00:00
20261004T202614Z-fc20c6,Q18391,OL20891A,3,/works/OL5368445W,Zalmen,1968,15,2026-10-04T20:15:36+00:00
20261004T202614Z-fc20c6,Q184440,OL126038A,1,/works/OL1248164W,Dona Flor e seus dais maridos,1966,60,2026-10-04T20:15:37+00:00
20261004T202614Z-fc20c6,Q184440,OL126038A,2,/works/OL1248178W,"Gabriela, Cravo e Canela",1962,40,2026-10-04T20:15:37+00:00
20261004T202614Z-fc20c6,Q184440,OL126038A,3,/works/OL1248157W,Capitães da Areia,1937,23,2026-10-04T20:15:37+00:00
20261004T202614Z-fc20c6,Q184746,OL39009A,1,/works/OL548259W,In the shadow of man,1971,26,2026-10-04T20:15:44+00:00
20261004T202614Z-fc20c6,Q184746,OL39009A,2,/works/OL548240W,Through a Window,1990,15,2026-10-04T20:15:44+00:00
20261004T202614Z-fc20c6,Q184746,OL39009A,3,/works/OL548256W,Reason for Hope,1999,13,2026-10-04T20:15:44+00:00
20261004T202614Z-fc20c6,Q184785,OL39486A,1,/works/OL77826W,Interview With the Vampire,1672,84,2026-10-04T20:15:38+00:00
20261004T202614Z-fc20c6,Q184785,OL39486A,2,/works/OL77828W,The Queen of the Damned,1988,55,2026-10-04T20:15:38+00:00
20261004T202614Z-fc20c6,Q184785,OL39486A,3,/works/OL77813W,The Vampire Lestat,1986,53,2026-10-04T20:15:38+00:00
20261004T202614Z-fc20c6,Q184906,OL176448A,1,/works/OL1613125W,Poems,1932,7,2026-10-04T20:15:53+00:00
20261004T202614Z-fc20c6,Q184906,OL176448A,2,/works/OL1613085W,Bursa cezaevinden Vâ-Nûʼlara mektuplar,1970,5,2026-10-04T20:15:53+00:00
20261004T202614Z-fc20c6,Q184906,OL176448A,3,/works/OL1613087W,The day before tomorrow,1972,5,2026-10-04T20:15:53+00:00
20261004T202614Z-fc20c6,Q185548,OL81486A,1,/works/OL922430W,Sofies verden,1991,50,2026-10-04T20:15:45+00:00
20261004T202614Z-fc20c6,Q185548,OL81486A,2,/works/OL922427W,The Christmas Mystery,1996,19,2026-10-04T20:15:45+00:00
20261004T202614Z-fc20c6,Q185548,OL81486A,3,/works/OL922370W,Kabalmysteriet,1990,18,2026-10-04T20:15:45+00:00
20261004T202614Z-fc20c6,Q185696,OL26680A,1,/works/OL29983W,Little Women,1848,1889,2026-10-04T20:15:45+00:00
20261004T202614Z-fc20c6,Q185696,OL26680A,2,/works/OL26668762W,Jo's Boys,1886,597,2026-10-04T20:15:45+00:00
20261004T202614Z-fc20c6,Q185696,OL26680A,3,/works/OL17846238W,Eight cousins,1874,596,2026-10-04T20:15:45+00:00
20261004T202614Z-fc20c6,Q186273,OL832531A,1,/works/OL6308270W,Daiyon kampyoki,1970,13,2026-10-04T20:15:52+00:00
20261004T202614Z-fc20c6,Q186273,OL832531A,2,/works/OL2644757W,砂の女,1962,12,2026-10-04T20:15:52+00:00
20261004T202614Z-fc20c6,Q186273,OL832531A,3,/works/OL2644750W,Hakobune Sakura Maru,1984,10,2026-10-04T20:15:52+00:00
20261004T202614Z-fc20c6,Q186326,OL794876A,1,/works/OL4188238W,Rashomon and other stories,1952,97,2026-10-04T20:15:59+00:00
20261004T202614Z-fc20c6,Q186326,OL794876A,2,/works/OL4188237W,Kappa,1933,18,2026-10-04T20:15:59+00:00
20261004T202614Z-fc20c6,Q186326,OL794876A,3,/works/OL16538128W,Antología de la literatura fantástica,1940,16,2026-10-04T20:15:59+00:00
20261004T202614Z-fc20c6,Q186630,OL2748652A,1,/works/OL617847W,El túnel,1948,120,2026-10-04T20:15:54+00:00
20261004T202614Z-fc20c6,Q186630,OL2748652A,2,/works/OL617876W,Sobre héroes y tumbas,1961,62,2026-10-04T20:15:54+00:00
20261004T202614Z-fc20c6,Q186630,OL2748652A,3,/works/OL617874W,Abaddón el exterminador,1974,30,2026-10-04T20:15:54+00:00
20261004T202614Z-fc20c6,Q188093,OL26459A,1,/works/OL28566W,Not without laughter,1930,47,2026-10-04T20:15:48+00:00
20261004T202614Z-fc20c6,Q188093,OL26459A,2,/works/OL28551W,A pictorial history of the Negro in America,1956,21,2026-10-04T20:15:48+00:00
20261004T202614Z-fc20c6,Q188093,OL26459A,3,/works/OL28523W,Mule bone,1931,20,2026-10-04T20:15:48+00:00
20261004T202614Z-fc20c6,Q188838,OL182043A,1,/works/OL1635921W,El juguete rabioso,1926,22,2026-10-04T20:15:49+00:00
20261004T202614Z-fc20c6,Q188838,OL182043A,2,/works/OL1635920W,Los Siete Locos,1958,12,2026-10-04T20:15:49+00:00
20261004T202614Z-fc20c6,Q188838,OL182043A,3,/works/OL1635917W,El criador de gorilas,1964,7,2026-10-04T20:15:49+00:00
20261004T202614Z-fc20c6,Q189119,OL6898863A,1,/works/OL88813W,A Room with a View,1905,755,2026-10-04T20:15:50+00:00
20261004T202614Z-fc20c6,Q189119,OL6898863A,2,/works/OL88881W,Howards End,1910,498,2026-10-04T20:15:50+00:00
20261004T202614Z-fc20c6,Q189119,OL6898863A,3,/works/OL88878W,The Longest Journey,1907,386,2026-10-04T20:15:50+00:00
20261004T202614Z-fc20c6,Q189869,OL68704A,1,/works/OL815454W,Doña Perfecta,1886,44,2026-10-04T20:09:37+00:00
20261004T202614Z-fc20c6,Q189869,OL68704A,2,/works/OL815453W,Marianela,1883,37,2026-10-04T20:09:37+00:00
20261004T202614Z-fc20c6,Q189869,OL68704A,3,/works/OL815311W,Nazaŕin,1895,34,2026-10-04T20:09:37+00:00
20261004T202614Z-fc20c6,Q190220,OL26545A,1,/works/OL28988W,Northern Lights,1995,148,2026-10-04T20:15:57+00:00
20261004T202614Z-fc20c6,Q190220,OL26545A,2,/works/OL28993W,The Subtle Knife,1997,106,2026-10-04T20:15:57+00:00
20261004T202614Z-fc20c6,Q190220,OL26545A,3,/works/OL28996W,The Amber Spyglass,1999,87,2026-10-04T20:15:57+00:00
20261004T202614Z-fc20c6,Q190379,OL222146A,1,/works/OL1855944W,Atonement,2001,76,2026-10-04T20:16:00+00:00
20261004T202614Z-fc20c6,Q190379,OL222146A,2,/works/OL1855945W,Saturday,2004,53,2026-10-04T20:16:00+00:00
20261004T202614Z-fc20c6,Q190379,OL222146A,3,/works/OL1855943W,Amsterdam,1998,44,2026-10-04T20:16:00+00:00
20261004T202614Z-fc20c6,Q192069,OL233814A,1,/works/OL1948704W,Five on a Treasure Island,1942,85,2026-10-04T20:16:01+00:00
20261004T202614Z-fc20c6,Q192069,OL233814A,2,/works/OL1948670W,Five Go Adventuring Again,1943,53,2026-10-04T20:16:01+00:00
20261004T202614Z-fc20c6,Q192069,OL233814A,3,/works/OL1948504W,Five Run Away Together,1942,52,2026-10-04T20:16:01+00:00
20261004T202614Z-fc20c6,Q193111,OL2688714A,1,/works/OL1581234W,Sinuhe egyptiläinen,1947,9,2026-10-04T20:16:02+00:00
20261004T202614Z-fc20c6,Q193111,OL2688714A,2,/works/OL8075880W,The Etruscan,1957,3,2026-10-04T20:16:02+00:00
20261004T202614Z-fc20c6,Q193111,OL2688714A,3,/works/OL1581232W,The Adventurer,1950,3,2026-10-04T20:16:02+00:00
20261004T202614Z-fc20c6,Q193116,OL1412764A,1,/works/OL5781992W,The Kite Runner,2003,126,2026-10-04T20:16:02+00:00
20261004T202614Z-fc20c6,Q193116,OL1412764A,2,/works/OL5782000W,A Thousand Splendid Suns,2007,61,2026-10-04T20:16:02+00:00
20261004T202614Z-fc20c6,Q193116,OL1412764A,3,/works/OL16804912W,And the Mountains Echoed,2013,37,2026-10-04T20:16:02+00:00
20261004T202614Z-fc20c6,Q19330,OL218453A,1,/works/OL1822441W,The Woman Warrior,1976,17,2026-10-04T20:16:03+00:00
20261004T202614Z-fc20c6,Q19330,OL218453A,2,/works/OL1822440W,China men,1977,10,2026-10-04T20:16:03+00:00
20261004T202614Z-fc20c6,Q19330,OL218453A,3,/works/OL7951018W,"Prentice Hall Literature--Timeless Voices, Timeless Themes--The American Experience",1999,9,2026-10-04T20:16:03+00:00
20261004T202614Z-fc20c6,Q19526,OL28885A,1,/works/OL80021W,I Know Why the Caged Bird Sings,1969,81,2026-10-04T20:16:04+00:00
20261004T202614Z-fc20c6,Q19526,OL28885A,2,/works/OL80019W,The heart of a woman,1981,24,2026-10-04T20:16:04+00:00
20261004T202614Z-fc20c6,Q19526,OL28885A,3,/works/OL80020W,Singin' and swingin' and gettin' merry like Christmas,1976,19,2026-10-04T20:16:04+00:00
20261004T202614Z-fc20c6,Q197155,OL1254460A,1,/works/OL128527W,Love in a fallen city,1985,7,2026-10-04T20:16:17+00:00
20261004T202614Z-fc20c6,Q197155,OL1254460A,2,/works/OL128539W,The rice-sprout song,1963,5,2026-10-04T20:16:17+00:00
20261004T202614Z-fc20c6,Q197155,OL1254460A,3,/works/OL128540W,Hong lou meng yan,1977,5,2026-10-04T20:16:17+00:00
20261004T202614Z-fc20c6,Q1977234,OL6826A,1,/works/OL23339381W,"Reportage on the Marcoses, 1964-1970",1981,3,2026-10-04T20:16:07+00:00
20261004T202614Z-fc20c6,Q1977234,OL6826A,2,/works/OL345148W,Tropical baroque,1982,3,2026-10-04T20:16:07+00:00
20261004T202614Z-fc20c6,Q1977234,OL6826A,3,/works/OL345149W,The woman who had two navels,1961,3,2026-10-04T20:16:07+00:00
20261004T202614Z-fc20c6,Q200661,OL199285A,1,/works/OL1731119W,Pedro Páramo,1955,134,2026-10-04T20:16:09+00:00
20261004T202614Z-fc20c6,Q200661,OL199285A,2,/works/OL1731074W,El llano en llamas,1953,52,2026-10-04T20:16:09+00:00
20261004T202614Z-fc20c6,Q200661,OL199285A,3,/works/OL1731097W,Pedro Páramo / El llano en llamas,1969,25,2026-10-04T20:16:09+00:00
20261004T202614Z-fc20c6,Q201315,OL44728A,1,/works/OL144961W,Historia de la vida del Buscón,1626,186,2026-10-04T20:16:16+00:00
20261004T202614Z-fc20c6,Q201315,OL44728A,2,/works/OL144960W,Poems,1661,30,2026-10-04T20:16:16+00:00
20261004T202614Z-fc20c6,Q201315,OL44728A,3,/works/OL144959W,Sueños,1668,28,2026-10-04T20:16:16+00:00
20261004T202614Z-fc20c6,Q201538,OL26322A,1,/works/OL27405W,Orientalism,1978,33,2026-10-04T20:16:17+00:00
20261004T202614Z-fc20c6,Q201538,OL26322A,2,/works/OL27391W,Culture and imperialism,1993,17,2026-10-04T20:16:17+00:00
20261004T202614Z-fc20c6,Q201538,OL26322A,3,/works/OL27402W,Covering Islam,1981,15,2026-10-04T20:16:17+00:00
20261004T202614Z-fc20c6,Q2022,OL4326210A,1,/works/OL10422862W,La luna e i falò,1950,14,2026-10-04T20:16:12+00:00
20261004T202614Z-fc20c6,Q2022,OL4326210A,2,/works/OL10422863W,Paesi tuoi,1941,9,2026-10-04T20:16:12+00:00
20261004T202614Z-fc20c6,Q2022,OL4326210A,3,/works/OL10422861W,Il compagno,1947,9,2026-10-04T20:16:12+00:00
20261004T202614Z-fc20c6,Q202693,OL1471661A,1,/works/OL34744408W,Sorgenfri,2003,19,2026-10-04T20:16:12+00:00
20261004T202614Z-fc20c6,Q202693,OL1471661A,2,/works/OL27311842W,Marekors,2003,17,2026-10-04T20:16:12+00:00
20261004T202614Z-fc20c6,Q202693,OL1471661A,3,/works/OL16129583W,Gjenferd,2011,15,2026-10-04T20:16:12+00:00
20261004T202614Z-fc20c6,Q2032745,OL41938A,1,/works/OL574966W,El cuarto mundo,1988,5,2026-10-04T20:16:13+00:00
20261004T202614Z-fc20c6,Q2032745,OL41938A,2,/works/OL574964W,El padre mío,1989,3,2026-10-04T20:16:13+00:00
20261004T202614Z-fc20c6,Q2032745,OL41938A,3,/works/OL574965W,Lumpérica,1983,3,2026-10-04T20:16:13+00:00
20261004T202614Z-fc20c6,Q203715,OL3792450A,1,/works/OL629346W,Rimas,1897,21,2026-10-04T20:16:14+00:00
20261004T202614Z-fc20c6,Q203715,OL3792450A,2,/works/OL629344W,Leyendas,1941,20,2026-10-04T20:16:14+00:00
20261004T202614Z-fc20c6,Q203715,OL3792450A,3,/works/OL629345W,Rimas y leyendas,1938,20,2026-10-04T20:16:14+00:00
20261004T202614Z-fc20c6,Q2054,OL3143587A,1,/works/OL15223083W,Tragedies,1493,62,2026-10-04T20:16:14+00:00
20261004T202614Z-fc20c6,Q2054,OL3143587A,2,/works/OL102324W,Tragoediae,1513,53,2026-10-04T20:16:14+00:00
20261004T202614Z-fc20c6,Q2054,OL3143587A,3,/works/OL102329W,Epistulae morales,1917,50,2026-10-04T20:16:14+00:00
20261004T202614Z-fc20c6,Q205772,OL540031A,1,/works/OL276558W,"Guns, Germs, and Steel",1997,61,2026-10-04T20:16:27+00:00
20261004T202614Z-fc20c6,Q205772,OL540031A,2,/works/OL276557W,Collapse,2004,38,2026-10-04T20:16:27+00:00
20261004T202614Z-fc20c6,Q205772,OL540031A,3,/works/OL276556W,The Third Chimpanzee,1991,27,2026-10-04T20:16:27+00:00
20261004T202614Z-fc20c6,Q207720,OL2758657A,1,/works/OL1778801W,Yawmīyāt al-ḥuzn al-ʻādī,1973,7,2026-10-04T20:16:16+00:00
20261004T202614Z-fc20c6,Q207720,OL2758657A,2,/works/OL1778800W,Why Did You Leave the Horse Alone?,1995,6,2026-10-04T20:16:16+00:00
20261004T202614Z-fc20c6,Q207720,OL2758657A,3,/works/OL8303280W,"Unfortunately, It Was Paradise",2003,6,2026-10-04T20:16:16+00:00
20261004T202614Z-fc20c6,Q210059,OL53305A,1,/works/OL679358W,Coraline,2001,94,2026-10-04T20:16:19+00:00
20261004T202614Z-fc20c6,Q210059,OL53305A,2,/works/OL453936W,Good Omens,1990,73,2026-10-04T20:16:19+00:00
20261004T202614Z-fc20c6,Q210059,OL53305A,3,/works/OL679360W,American Gods,2001,72,2026-10-04T20:16:19+00:00
20261004T202614Z-fc20c6,Q212730,OL29930A,1,/works/OL477832W,The Language Instinct,1994,35,2026-10-04T20:16:21+00:00
20261004T202614Z-fc20c6,Q212730,OL29930A,2,/works/OL477826W,The Blank Slate,2002,24,2026-10-04T20:16:21+00:00
20261004T202614Z-fc20c6,Q212730,OL29930A,3,/works/OL477829W,How the Mind Works,1997,23,2026-10-04T20:16:21+00:00
20261004T202614Z-fc20c6,Q212801,OL104867A,1,/works/OL1052133W,The God of Small Things,1997,65,2026-10-04T20:16:24+00:00
20261004T202614Z-fc20c6,Q212801,OL104867A,2,/works/OL17778666W,The Ministry of Utmost Happiness,2017,27,2026-10-04T20:16:24+00:00
20261004T202614Z-fc20c6,Q212801,OL104867A,3,/works/OL1052137W,Field Notes on Democracy,2009,15,2026-10-04T20:16:24+00:00
20261004T202614Z-fc20c6,Q213482,OL325884A,1,/works/OL2386305W,Il Gattopardo,1958,94,2026-10-04T20:16:24+00:00
20261004T202614Z-fc20c6,Q213482,OL325884A,2,/works/OL2386321W,Racconti,1962,5,2026-10-04T20:16:24+00:00
20261004T202614Z-fc20c6,Q213482,OL325884A,3,/works/OL2386320W,Opere,1965,4,2026-10-04T20:16:24+00:00
20261004T202614Z-fc20c6,Q2134968,OL22530A,1,/works/OL17359118W,Men Explain Things To Me,2014,17,2026-10-04T20:16:25+00:00
20261004T202614Z-fc20c6,Q2134968,OL22530A,2,/works/OL12446W,Wanderlust,2000,17,2026-10-04T20:16:25+00:00
20261004T202614Z-fc20c6,Q2134968,OL22530A,3,/works/OL12443W,Hope in the Dark,2004,17,2026-10-04T20:16:25+00:00
20261004T202614Z-fc20c6,Q214565,OL32541A,1,/works/OL108735W,The Tale of Peter Rabbit,1900,159,2026-10-04T20:16:26+00:00
20261004T202614Z-fc20c6,Q214565,OL32541A,2,/works/OL16067296W,The tale of Jemima Puddle-Duck,1908,106,2026-10-04T20:16:26+00:00
20261004T202614Z-fc20c6,Q214565,OL32541A,3,/works/OL26460746W,The Tale of Peter Rabbit,1920,102,2026-10-04T20:16:26+00:00
20261004T202614Z-fc20c6,Q214622,OL29174A,1,/works/OL85509W,Vios ke Politia tou Alexi Zorba,1952,61,2026-10-04T20:16:27+00:00
20261004T202614Z-fc20c6,Q214622,OL29174A,2,/works/OL85526W,O Christos xanastavronetai,1901,43,2026-10-04T20:16:27+00:00
20261004T202614Z-fc20c6,Q214622,OL29174A,3,/works/OL85516W,O telefteos pirasmos,1901,39,2026-10-04T20:16:27+00:00
20261004T202614Z-fc20c6,Q215868,OL217774A,1,/works/OL273644W,The Color Purple,1976,108,2026-10-04T20:16:40+00:00
20261004T202614Z-fc20c6,Q215868,OL217774A,2,/works/OL1815835W,The Temple of My Familiar,1989,22,2026-10-04T20:16:40+00:00
20261004T202614Z-fc20c6,Q215868,OL217774A,3,/works/OL1815833W,Meridian,1976,18,2026-10-04T20:16:40+00:00
20261004T202614Z-fc20c6,Q216478,OL298044A,1,/works/OL141870W,I Malavoglia di Giovanni Verga,1873,369,2026-10-04T20:16:35+00:00
20261004T202614Z-fc20c6,Q216478,OL298044A,2,/works/OL2276498W,Confession of Zeno,1930,118,2026-10-04T20:16:35+00:00
20261004T202614Z-fc20c6,Q216478,OL298044A,3,/works/OL2276585W,Senilità,1932,34,2026-10-04T20:16:35+00:00
20261004T202614Z-fc20c6,Q218679,OL119715A,1,/works/OL1184871W,Chéri,1900,61,2026-10-04T20:16:31+00:00
20261004T202614Z-fc20c6,Q218679,OL119715A,2,/works/OL1184869W,Le blé en herbe,1923,30,2026-10-04T20:16:31+00:00
20261004T202614Z-fc20c6,Q218679,OL119715A,3,/works/OL1184870W,La vagabonde,1910,27,2026-10-04T20:16:31+00:00
20261004T202614Z-fc20c6,Q218960,OL53291A,1,/works/OL679230W,"The Life and Opinions of Tristram Shandy, Gentleman",1760,85,2026-10-04T20:16:33+00:00
20261004T202614Z-fc20c6,Q218960,OL53291A,2,/works/OL679229W,A sentimental journey through France and Italy,1766,74,2026-10-04T20:16:33+00:00
20261004T202614Z-fc20c6,Q218960,OL53291A,3,/works/OL28231093W,Sentimental Journey,2001,67,2026-10-04T20:16:33+00:00
20261004T202614Z-fc20c6,Q219368,OL538504A,1,/works/OL893584W,Gender Trouble,1989,23,2026-10-04T20:16:34+00:00
20261004T202614Z-fc20c6,Q219368,OL538504A,2,/works/OL3292644W,Bodies that matter,1993,16,2026-10-04T20:16:34+00:00
20261004T202614Z-fc20c6,Q219368,OL538504A,3,/works/OL893583W,Excitable speech,1996,12,2026-10-04T20:16:34+00:00
20261004T202614Z-fc20c6,Q220480,OL226273A,1,/works/OL27778127W,Their Eyes Were Watching God,1937,66,2026-10-04T20:16:41+00:00
20261004T202614Z-fc20c6,Q220480,OL226273A,2,/works/OL1890346W,Dust tracks on a road,1942,33,2026-10-04T20:16:41+00:00
20261004T202614Z-fc20c6,Q220480,OL226273A,3,/works/OL28523W,Mule bone,1931,20,2026-10-04T20:16:41+00:00
20261004T202614Z-fc20c6,Q220980,OL60791A,1,/works/OL745027W,El árbol de la ciencia,1911,89,2026-10-04T20:16:36+00:00
20261004T202614Z-fc20c6,Q220980,OL60791A,2,/works/OL10335855W,Zalacaín el aventurero,1909,12,2026-10-04T20:16:36+00:00
20261004T202614Z-fc20c6,Q220980,OL60791A,3,/works/OL30283526W,Pío Baroja - la Intuición y el Estilo,2019,10,2026-10-04T20:16:36+00:00
20261004T202614Z-fc20c6,Q221771,OL261016A,1,/works/OL2107915W,Obabakoak (Espasa Bolsillo),1988,34,2026-10-04T20:16:36+00:00
20261004T202614Z-fc20c6,Q221771,OL261016A,2,/works/OL34995759W,El hijo del acordeonista,2011,5,2026-10-04T20:16:36+00:00
20261004T202614Z-fc20c6,Q221771,OL261016A,3,/works/OL21003795W,Accordionist's Son,2008,5,2026-10-04T20:16:36+00:00
20261004T202614Z-fc20c6,Q222944,OL60496A,1,/works/OL742762W,Rue des boutiques obscures,1978,9,2026-10-04T20:16:37+00:00
20261004T202614Z-fc20c6,Q222944,OL60496A,2,/works/OL2517967W,Lacombe Lucien,1974,8,2026-10-04T20:16:37+00:00
20261004T202614Z-fc20c6,Q222944,OL60496A,3,/works/OL742760W,Livret de famille,1977,7,2026-10-04T20:16:37+00:00
20261004T202614Z-fc20c6,Q22670,OL2414180A,1,/works/OL207638W,Wilhelm Tell,1800,136,2026-10-04T20:16:44+00:00
20261004T202614Z-fc20c6,Q22670,OL2414180A,2,/works/OL207637W,Maria Stuart,1801,103,2026-10-04T20:16:44+00:00
20261004T202614Z-fc20c6,Q22670,OL2414180A,3,/works/OL207636W,Wallenstein,1800,80,2026-10-04T20:16:44+00:00
20261004T202614Z-fc20c6,Q228494,OL4278548A,1,/works/OL1198483W,Poems,1844,95,2026-10-04T20:16:38+00:00
20261004T202614Z-fc20c6,Q228494,OL4278548A,2,/works/OL34593975W,Sonnets from the Portuguese,1979,63,2026-10-04T20:16:38+00:00
20261004T202614Z-fc20c6,Q228494,OL4278548A,3,/works/OL1198482W,Sonnets from the Portuguese,1896,55,2026-10-04T20:16:38+00:00
20261004T202614Z-fc20c6,Q228589,OL20133A,1,/works/OL97945W,The inheritance of loss,2005,29,2026-10-04T20:16:39+00:00
20261004T202614Z-fc20c6,Q228589,OL20133A,2,/works/OL97944W,Hullabaloo in the guava orchard,1998,15,2026-10-04T20:16:39+00:00
20261004T202614Z-fc20c6,Q228589,OL20133A,3,/works/OL7924292W,The Vintage Book of Indian Writing 1947-1997,1997,8,2026-10-04T20:16:39+00:00
20261004T202614Z-fc20c6,Q229480,OL22583A,1,/works/OL12791W,My Ántonia,1818,832,2026-10-04T20:16:43+00:00
20261004T202614Z-fc20c6,Q229480,OL22583A,2,/works/OL12795W,O Pioneers!,1913,613,2026-10-04T20:16:43+00:00
20261004T202614Z-fc20c6,Q229480,OL22583A,3,/works/OL12831W,The Song of the Lark,1915,409,2026-10-04T20:16:43+00:00
20261004T202614Z-fc20c6,Q230141,OL1393502A,1,/works/OL16805415W,Americanah,1969,58,2026-10-04T20:16:45+00:00
20261004T202614Z-fc20c6,Q230141,OL1393502A,2,/works/OL5731538W,Purple Hibiscus,2003,44,2026-10-04T20:16:45+00:00
20261004T202614Z-fc20c6,Q230141,OL1393502A,3,/works/OL5731542W,Half of a Yellow Sun,2006,43,2026-10-04T20:16:45+00:00
20261004T202614Z-fc20c6,Q230586,OL85306A,1,/works/OL953162W,Como agua para chocolate,1989,83,2026-10-04T20:16:46+00:00
20261004T202614Z-fc20c6,Q230586,OL85306A,2,/works/OL16039405W,Tan veloz como el deseo,2001,23,2026-10-04T20:16:46+00:00
20261004T202614Z-fc20c6,Q230586,OL85306A,3,/works/OL953154W,La ley del amour,1995,20,2026-10-04T20:16:46+00:00
20261004T202614Z-fc20c6,Q231603,OL765545A,1,/works/OL4087158W,Makura no sōshi,1917,37,2026-10-04T20:16:48+00:00
20261004T202614Z-fc20c6,Q231603,OL765545A,2,/works/OL44039751W,枕草子,1937,6,2026-10-04T20:16:48+00:00
20261004T202614Z-fc20c6,Q231603,OL765545A,3,/works/OL272072W,The Pillow Book of Sei Shonagon,2005,4,2026-10-04T20:16:48+00:00
20261004T202614Z-fc20c6,Q231944,OL54732A,1,/works/OL695211W,The Mysteries of Udolpho,1794,210,2026-10-04T20:16:49+00:00
20261004T202614Z-fc20c6,Q231944,OL54732A,2,/works/OL36531825W,The Mysteries of Udolpho,1794,45,2026-10-04T20:16:49+00:00
20261004T202614Z-fc20c6,Q231944,OL54732A,3,/works/OL40956622W,Mysteries of Udolpho,1806,43,2026-10-04T20:16:49+00:00
20261004T202614Z-fc20c6,Q2320966,OL91235A,1,/works/OL987501W,O lapis do carpinteiro,1998,30,2026-10-04T20:16:50+00:00
20261004T202614Z-fc20c6,Q2320966,OL91235A,2,/works/OL987502W,En salvaxe compaña,1993,6,2026-10-04T20:16:50+00:00
20261004T202614Z-fc20c6,Q2320966,OL91235A,3,/works/OL34830569W,"Que me queres, amor?",2009,4,2026-10-04T20:16:50+00:00
20261004T202614Z-fc20c6,Q2321261,OL1450187A,1,/works/OL5881663W,Cinta tak ada mati,2005,1,2026-10-04T20:16:51+00:00
20261004T202614Z-fc20c6,Q2321261,OL1450187A,2,/works/OL5881664W,Gelak sedih,2005,1,2026-10-04T20:16:51+00:00
20261004T202614Z-fc20c6,Q2321261,OL1450187A,3,/works/OL42609631W,"Anjing Mengeong, Kucing Menggonggong",2024,1,2026-10-04T20:16:51+00:00
20261004T202614Z-fc20c6,Q232417,OL19066A,1,/works/OL115647W,Possession,1890,41,2026-10-04T20:16:52+00:00
20261004T202614Z-fc20c6,Q232417,OL19066A,2,/works/OL115646W,The Matisse Stories,1993,20,2026-10-04T20:16:52+00:00
20261004T202614Z-fc20c6,Q232417,OL19066A,3,/works/OL115631W,The Djinn in the Nightingale's Eye,1994,18,2026-10-04T20:16:52+00:00
20261004T202614Z-fc20c6,Q233265,OL48850A,1,/works/OL634478W,The complete works of Robert Browning Volume XVI,1800,185,2026-10-04T20:16:53+00:00
20261004T202614Z-fc20c6,Q233265,OL48850A,2,/works/OL76454W,Robert Browning,1903,176,2026-10-04T20:16:53+00:00
20261004T202614Z-fc20c6,Q233265,OL48850A,3,/works/OL284393W,The Pied Piper of Hamelin,1888,140,2026-10-04T20:16:53+00:00
20261004T202614Z-fc20c6,Q233584,OL229997A,1,/works/OL1918804W,Oranges Are Not the Only Fruit,1985,40,2026-10-04T20:16:55+00:00
20261004T202614Z-fc20c6,Q233584,OL229997A,2,/works/OL1918802W,Sexing the Cherry,1989,28,2026-10-04T20:16:55+00:00
20261004T202614Z-fc20c6,Q233584,OL229997A,3,/works/OL1918808W,The passion,1987,28,2026-10-04T20:16:55+00:00
20261004T202614Z-fc20c6,Q233950,OL2066695A,1,/works/OL15992072W,"Thinking, fast and slow",2011,36,2026-10-04T20:16:57+00:00
20261004T202614Z-fc20c6,Q233950,OL2066695A,2,/works/OL17962180W,Noise,2021,21,2026-10-04T20:16:57+00:00
20261004T202614Z-fc20c6,Q233950,OL2066695A,3,/works/OL18509420W,Heuristics and biases,2002,8,2026-10-04T20:16:57+00:00
20261004T202614Z-fc20c6,Q23434,OL13640A,1,/works/OL63073W,The Old Man and the Sea,1952,307,2026-10-04T20:16:58+00:00
20261004T202614Z-fc20c6,Q23434,OL13640A,2,/works/OL62979W,The Sun Also Rises,1926,215,2026-10-04T20:16:58+00:00
20261004T202614Z-fc20c6,Q23434,OL13640A,3,/works/OL63009W,For Whom the Bell Tolls,1940,185,2026-10-04T20:16:58+00:00
20261004T202614Z-fc20c6,Q234579,OL35145A,1,/works/OL65288W,A good man is hard to find,1955,32,2026-10-04T20:16:59+00:00
20261004T202614Z-fc20c6,Q234579,OL35145A,2,/works/OL65292W,The Complete Stories,1971,27,2026-10-04T20:16:59+00:00
20261004T202614Z-fc20c6,Q234579,OL35145A,3,/works/OL65293W,The violent bear it away,1960,25,2026-10-04T20:16:59+00:00
20261004T202614Z-fc20c6,Q234663,OL66969A,1,/works/OL798419W,La plaça del diamant,1964,47,2026-10-04T20:09:36+00:00
20261004T202614Z-fc20c6,Q234663,OL66969A,2,/works/OL798447W,Mirall trencat,1974,19,2026-10-04T20:09:36+00:00
20261004T202614Z-fc20c6,Q234663,OL66969A,3,/works/OL798446W,Aloma,1969,17,2026-10-04T20:09:36+00:00
20261004T202614Z-fc20c6,Q234819,OL82236A,1,/works/OL931688W,Lives of Girls and Women,1971,46,2026-10-04T20:17:00+00:00
20261004T202614Z-fc20c6,Q234819,OL82236A,2,/works/OL931689W,Who do you think you are?,1977,41,2026-10-04T20:17:00+00:00
20261004T202614Z-fc20c6,Q234819,OL82236A,3,/works/OL931666W,The View from Castle Rock,2006,40,2026-10-04T20:17:00+00:00
20261004T202614Z-fc20c6,Q234989,OL220796A,1,/works/OL1843720W,The Joy Luck Club,1989,59,2026-10-04T20:17:01+00:00
20261004T202614Z-fc20c6,Q234989,OL220796A,2,/works/OL15821869W,The Kitchen God's Wife,1991,56,2026-10-04T20:17:01+00:00
20261004T202614Z-fc20c6,Q234989,OL220796A,3,/works/OL1843703W,The Bonesetter's Daughter,1990,47,2026-10-04T20:17:01+00:00
20261004T202614Z-fc20c6,Q235291,OL662333A,1,/works/OL15845961W,Wild Swans,1989,72,2026-10-04T20:17:02+00:00
20261004T202614Z-fc20c6,Q235291,OL662333A,2,/works/OL3763273W,Mao,2002,27,2026-10-04T20:17:02+00:00
20261004T202614Z-fc20c6,Q235291,OL662333A,3,/works/OL19868664W,Empress Dowager Cixi,2013,10,2026-10-04T20:17:02+00:00
20261004T202614Z-fc20c6,Q235354,OL710654A,1,/works/OL3906336W,The King Must Die,1952,92,2026-10-04T20:17:02+00:00
20261004T202614Z-fc20c6,Q235354,OL710654A,2,/works/OL3906361W,The Bull from the Sea,1962,64,2026-10-04T20:17:02+00:00
20261004T202614Z-fc20c6,Q235354,OL710654A,3,/works/OL3906364W,The Mask of Apollo,1956,64,2026-10-04T20:17:02+00:00
20261004T202614Z-fc20c6,Q235403,OL89931A,1,/works/OL979974W,Primera memoria,1960,29,2026-10-04T20:17:03+00:00
20261004T202614Z-fc20c6,Q235403,OL89931A,2,/works/OL979958W,Doce historias de la artámila,1961,22,2026-10-04T20:17:03+00:00
20261004T202614Z-fc20c6,Q235403,OL89931A,3,/works/OL979973W,Fiesta al noroeste,1953,22,2026-10-04T20:17:03+00:00
20261004T202614Z-fc20c6,Q235955,OL93118A,1,/works/OL1002120W,A Hora da Estrela,1977,35,2026-10-04T20:17:04+00:00
20261004T202614Z-fc20c6,Q235955,OL93118A,2,/works/OL1002138W,A paixão segundo G.H.,1964,30,2026-10-04T20:17:04+00:00
20261004T202614Z-fc20c6,Q235955,OL93118A,3,/works/OL1002171W,Laços de família,1960,27,2026-10-04T20:17:04+00:00
20261004T202614Z-fc20c6,Q236596,OL36807A,1,/works/OL524625W,Poems,1888,23,2026-10-04T20:17:05+00:00
20261004T202614Z-fc20c6,Q236596,OL36807A,2,/works/OL524624W,Sing-song,1872,22,2026-10-04T20:17:05+00:00
20261004T202614Z-fc20c6,Q236596,OL36807A,3,/works/OL524623W,Goblin market,1865,17,2026-10-04T20:17:05+00:00
20261004T202614Z-fc20c6,Q236829,OL31384A,1,/works/OL60091W,Charmed Life,1977,45,2026-10-04T20:17:07+00:00
20261004T202614Z-fc20c6,Q236829,OL31384A,2,/works/OL60149W,Howl's Moving Castle,1986,37,2026-10-04T20:17:07+00:00
20261004T202614Z-fc20c6,Q236829,OL31384A,3,/works/OL60115W,Witch Week,1982,34,2026-10-04T20:17:07+00:00
20261004T202614Z-fc20c6,Q237058,OL85310A,1,/works/OL119224W,"Mambo Kings Play Songs of Love, The tie-in",1989,25,2026-10-04T20:17:09+00:00
20261004T202614Z-fc20c6,Q237058,OL85310A,2,/works/OL15398708W,Lo que me queda por vivir,2010,14,2026-10-04T20:17:09+00:00
20261004T202614Z-fc20c6,Q237058,OL85310A,3,/works/OL953170W,¡Cómo molo!,1996,14,2026-10-04T20:17:09+00:00
20261004T202614Z-fc20c6,Q238090,OL144345A,1,/works/OL1401583W,Gants Ṭevye der milkhiger,1921,38,2026-10-04T20:17:10+00:00
20261004T202614Z-fc20c6,Q238090,OL144345A,2,/works/OL1401743W,Short stories,1948,25,2026-10-04T20:17:10+00:00
20261004T202614Z-fc20c6,Q238090,OL144345A,3,/works/OL1401538W,Blondzshẹndiḳe shṭern,1912,15,2026-10-04T20:17:10+00:00
20261004T202614Z-fc20c6,Q238514,OL2758789A,1,/works/OL1602171W,The hidden face of Eve,1980,17,2026-10-04T20:17:11+00:00
20261004T202614Z-fc20c6,Q238514,OL2758789A,2,/works/OL1602166W,Suqūṭ al-Imām,1987,12,2026-10-04T20:17:11+00:00
20261004T202614Z-fc20c6,Q238514,OL2758789A,3,/works/OL1602169W,Woman at Point Zero,1983,7,2026-10-04T20:17:11+00:00
20261004T202614Z-fc20c6,Q238557,OL89027A,1,/works/OL974881W,Antologia Poetica,1961,6,2026-10-04T20:17:12+00:00
20261004T202614Z-fc20c6,Q238557,OL89027A,2,/works/OL974879W,Alfonsina Storni,1923,5,2026-10-04T20:17:12+00:00
20261004T202614Z-fc20c6,Q238557,OL89027A,3,/works/OL974880W,Antología poética,1940,5,2026-10-04T20:17:12+00:00
20261004T202614Z-fc20c6,Q23887092,OL1603399A,1,/works/OL17345497W,The Sympathizer,2015,15,2026-10-04T20:17:13+00:00
20261004T202614Z-fc20c6,Q23887092,OL1603399A,2,/works/OL21040575W,The Committed,2021,6,2026-10-04T20:17:13+00:00
20261004T202614Z-fc20c6,Q23887092,OL1603399A,3,/works/OL21266382W,Transpacific Studies,2014,4,2026-10-04T20:17:13+00:00
20261004T202614Z-fc20c6,Q238970,OL384307A,1,/works/OL2637599W,キッチン,1988,16,2026-10-04T20:17:14+00:00
20261004T202614Z-fc20c6,Q238970,OL384307A,2,/works/OL2637598W,N.P,1990,14,2026-10-04T20:17:14+00:00
20261004T202614Z-fc20c6,Q238970,OL384307A,3,/works/OL2637597W,Amrita,1994,11,2026-10-04T20:17:14+00:00
20261004T202614Z-fc20c6,Q2394979,OL1393419A,1,/works/OL5731230W,The Harmony Silk Factory,2005,14,2026-10-04T20:17:14+00:00
20261004T202614Z-fc20c6,Q2394979,OL1393419A,2,/works/OL16819795W,Five Star Billionaire,2013,9,2026-10-04T20:17:14+00:00
20261004T202614Z-fc20c6,Q2394979,OL1393419A,3,/works/OL5731229W,Map of the Invisible World,2009,9,2026-10-04T20:17:14+00:00
20261004T202614Z-fc20c6,Q239739,OL30802A,1,/works/OL35616W,Kindred,1979,29,2026-10-04T20:17:15+00:00
20261004T202614Z-fc20c6,Q239739,OL30802A,2,/works/OL35623W,Parable of the Sower,1993,23,2026-10-04T20:17:15+00:00
20261004T202614Z-fc20c6,Q239739,OL30802A,3,/works/OL35625W,Adulthood Rites,1988,22,2026-10-04T20:17:15+00:00
20261004T202614Z-fc20c6,Q239910,OL507165A,1,/works/OL3171069W,The Haunting of Hill House,1959,75,2026-10-04T20:17:16+00:00
20261004T202614Z-fc20c6,Q239910,OL507165A,2,/works/OL3171087W,We Have Always Lived in the Castle,1962,39,2026-10-04T20:17:16+00:00
20261004T202614Z-fc20c6,Q239910,OL507165A,3,/works/OL3171083W,"The Lottery, or The Adventures of James Harris",1949,17,2026-10-04T20:17:16+00:00
20261004T202614Z-fc20c6,Q241248,OL96984A,1,/works/OL1019598W,Benim Adım Kırmızı,1998,55,2026-10-04T20:17:17+00:00
20261004T202614Z-fc20c6,Q241248,OL96984A,2,/works/OL16064734W,Snow,2002,43,2026-10-04T20:17:17+00:00
20261004T202614Z-fc20c6,Q241248,OL96984A,3,/works/OL1019601W,Kara Kitap,1990,37,2026-10-04T20:17:17+00:00
20261004T202614Z-fc20c6,Q242130,OL73209A,1,/works/OL847985W,Něžný barbar,1979,13,2026-10-04T20:17:19+00:00
20261004T202614Z-fc20c6,Q242130,OL73209A,2,/works/OL847998W,I Served The King Of England,1971,11,2026-10-04T20:17:19+00:00
20261004T202614Z-fc20c6,Q242130,OL73209A,3,/works/OL847997W,Ostře sledované vlaky,1965,10,2026-10-04T20:17:19+00:00
20261004T202614Z-fc20c6,Q2484404,OL3778242A,1,/works/OL17075811W,Sapiens,2011,86,2026-10-04T20:17:21+00:00
20261004T202614Z-fc20c6,Q2484404,OL3778242A,2,/works/OL17641518W,ההיסטוריה של המחר,2015,39,2026-10-04T20:17:21+00:00
20261004T202614Z-fc20c6,Q2484404,OL3778242A,3,/works/OL17917961W,21 Lessons for the 21st Century,2018,33,2026-10-04T20:17:21+00:00
20261004T202614Z-fc20c6,Q25161,OL34184A,1,/works/OL45790W,Charlie and the Chocolate Factory,1964,245,2026-10-04T20:17:22+00:00
20261004T202614Z-fc20c6,Q25161,OL34184A,2,/works/OL45846W,Matilda,1988,184,2026-10-04T20:17:22+00:00
20261004T202614Z-fc20c6,Q25161,OL34184A,3,/works/OL45809W,James and the Giant Peach,1961,167,2026-10-04T20:17:22+00:00
20261004T202614Z-fc20c6,Q25163,OL5388045A,1,/works/OL17845971W,ZeroZeroZero,1656,13,2026-10-04T20:17:23+00:00
20261004T202614Z-fc20c6,Q25163,OL5388045A,2,/works/OL26199256W,Gomorra,2010,7,2026-10-04T20:17:23+00:00
20261004T202614Z-fc20c6,Q25163,OL5388045A,3,/works/OL9272875W,Gomorrah,2007,5,2026-10-04T20:17:23+00:00
20261004T202614Z-fc20c6,Q252088,OL67168A,1,/works/OL799946W,Maridos,2007,14,2026-10-04T20:17:24+00:00
20261004T202614Z-fc20c6,Q252088,OL67168A,2,/works/OL35243361W,Mal de amores,2009,4,2026-10-04T20:17:24+00:00
20261004T202614Z-fc20c6,Q252088,OL67168A,3,/works/OL19580234W,Arráncame la vida,1990,4,2026-10-04T20:17:24+00:00
20261004T202614Z-fc20c6,Q254032,OL258989A,1,/works/OL17351965W,Prowadź swój pług przez kości umarłych,2009,27,2026-10-04T20:17:25+00:00
20261004T202614Z-fc20c6,Q254032,OL258989A,2,/works/OL2097670W,Bieguni,2007,18,2026-10-04T20:17:25+00:00
20261004T202614Z-fc20c6,Q254032,OL258989A,3,/works/OL2097683W,Prawiek i inne czasy,1996,18,2026-10-04T20:17:25+00:00
20261004T202614Z-fc20c6,Q254041,OL117634A,1,/works/OL1161881W,"Facundo, or, civilization and barbarism",1868,74,2026-10-04T20:17:26+00:00
20261004T202614Z-fc20c6,Q254041,OL117634A,2,/works/OL1161954W,Recuerdos de provincia,1900,23,2026-10-04T20:17:26+00:00
20261004T202614Z-fc20c6,Q254041,OL117634A,3,/works/OL38870971W,Facundo,1929,7,2026-10-04T20:17:26+00:00
20261004T202614Z-fc20c6,Q255339,OL841112A,1,/works/OL4321141W,The Secret History,1992,52,2026-10-04T20:17:26+00:00
20261004T202614Z-fc20c6,Q255339,OL841112A,2,/works/OL16809803W,The Goldfinch,2013,42,2026-10-04T20:17:26+00:00
20261004T202614Z-fc20c6,Q255339,OL841112A,3,/works/OL4321136W,The Little Friend,2000,32,2026-10-04T20:17:26+00:00
20261004T202614Z-fc20c6,Q258662,OL217344A,1,/works/OL1811898W,The Man Who Mistook His Wife for a Hat,1980,62,2026-10-04T20:17:27+00:00
20261004T202614Z-fc20c6,Q258662,OL217344A,2,/works/OL277255W,Musicophilia,2007,43,2026-10-04T20:17:27+00:00
20261004T202614Z-fc20c6,Q258662,OL217344A,3,/works/OL1811911W,Awakenings,1973,40,2026-10-04T20:17:27+00:00
20261004T202614Z-fc20c6,Q25973,OL76437A,1,/works/OL872773W,Der Steppenwolf,1927,239,2026-10-04T20:17:29+00:00
20261004T202614Z-fc20c6,Q25973,OL76437A,2,/works/OL872932W,Siddhartha,1922,206,2026-10-04T20:17:29+00:00
20261004T202614Z-fc20c6,Q25973,OL76437A,3,/works/OL30457295W,Demian,1919,176,2026-10-04T20:17:29+00:00
20261004T202614Z-fc20c6,Q261397,OL224043A,1,/works/OL1871186W,"Hasta no verte, Jesus mio! / Here's to you, Jesusa!",1969,22,2026-10-04T20:17:30+00:00
20261004T202614Z-fc20c6,Q261397,OL224043A,2,/works/OL1871216W,Tinisima,1992,13,2026-10-04T20:17:30+00:00
20261004T202614Z-fc20c6,Q261397,OL224043A,3,/works/OL1871245W,Lilus Kikus,1954,12,2026-10-04T20:17:30+00:00
20261004T202614Z-fc20c6,Q265855,OL227047A,1,/works/OL1896615W,Roman Rusi,1988,7,2026-10-04T20:17:31+00:00
20261004T202614Z-fc20c6,Q265855,OL227047A,2,/works/OL1896614W,Yonah ṿe-naʻar,2006,5,2026-10-04T20:17:31+00:00
20261004T202614Z-fc20c6,Q265855,OL227047A,3,/works/OL34819908W,"Een geweer, een koe, een boom en een vrouw",2014,3,2026-10-04T20:17:31+00:00
20261004T202614Z-fc20c6,Q267691,OL4441955A,1,/works/OL500177W,Play It as It Lays,1970,37,2026-10-04T20:17:33+00:00
20261004T202614Z-fc20c6,Q267691,OL4441955A,2,/works/OL43100620W,slouching towards bethlehem,1967,35,2026-10-04T20:17:33+00:00
20261004T202614Z-fc20c6,Q267691,OL4441955A,3,/works/OL500171W,"Year of Magical Thinking, The",2005,28,2026-10-04T20:17:33+00:00
20261004T202614Z-fc20c6,Q26825,OL90792A,1,/works/OL15678068W,Ἱστορίαι,1494,284,2026-10-04T20:17:34+00:00
20261004T202614Z-fc20c6,Q26825,OL90792A,2,/works/OL10509647W,Historiae,1618,45,2026-10-04T20:17:34+00:00
20261004T202614Z-fc20c6,Q26825,OL90792A,3,/works/OL29803158W,Histoire d'Hérodote,2017,12,2026-10-04T20:17:34+00:00
20261004T202614Z-fc20c6,Q268495,OL34163A,1,/works/OL37694W,Clear Light of Day,1980,14,2026-10-04T20:17:35+00:00
20261004T202614Z-fc20c6,Q268495,OL34163A,2,/works/OL37701W,The village by the sea,1982,12,2026-10-04T20:17:35+00:00
20261004T202614Z-fc20c6,Q268495,OL34163A,3,/works/OL16025342W,Baumgartner's Bombay,1988,12,2026-10-04T20:17:35+00:00
20261004T202614Z-fc20c6,Q269123,OL133731A,1,/works/OL1315149W,Nada,1945,74,2026-10-04T20:09:37+00:00
20261004T202614Z-fc20c6,Q269123,OL133731A,2,/works/OL11886018W,La mujer nueva,1955,18,2026-10-04T20:09:37+00:00
20261004T202614Z-fc20c6,Q269123,OL133731A,3,/works/OL1315155W,La insolación,1963,18,2026-10-04T20:09:37+00:00
20261004T202614Z-fc20c6,Q270739,OL97320A,1,/works/OL21008331W,Bastard of Istanbul,2007,19,2026-10-04T20:17:37+00:00
20261004T202614Z-fc20c6,Q270739,OL97320A,2,/works/OL19996208W,The architect's apprentice,2013,9,2026-10-04T20:17:37+00:00
20261004T202614Z-fc20c6,Q270739,OL97320A,3,/works/OL1021391W,The Bastard of Istanbul,2006,7,2026-10-04T20:17:37+00:00
20261004T202614Z-fc20c6,Q270837,OL882516A,1,/works/OL17661158W,Nervous Conditions,1988,21,2026-10-04T20:17:38+00:00
20261004T202614Z-fc20c6,Q270837,OL882516A,2,/works/OL4436726W,The Book of Not,2006,7,2026-10-04T20:17:38+00:00
20261004T202614Z-fc20c6,Q270837,OL882516A,3,/works/OL19751050W,This mournable body,2018,6,2026-10-04T20:17:38+00:00
20261004T202614Z-fc20c6,Q272441,OL286671A,1,/works/OL2963651W,The Oxford Book of Gothic Tales,1992,4,2026-10-04T20:17:39+00:00
20261004T202614Z-fc20c6,Q272441,OL286671A,2,/works/OL23197108W,La condesa sangrienta,1971,2,2026-10-04T20:17:39+00:00
20261004T202614Z-fc20c6,Q272441,OL286671A,3,/works/OL18847117W,Diarios,2003,2,2026-10-04T20:17:39+00:00
20261004T202614Z-fc20c6,Q272610,OL28104A,1,/works/OL40873W,The Road,2006,84,2026-10-04T20:17:39+00:00
20261004T202614Z-fc20c6,Q272610,OL28104A,2,/works/OL40882W,All the Pretty Horses,1992,54,2026-10-04T20:17:39+00:00
20261004T202614Z-fc20c6,Q272610,OL28104A,3,/works/OL40875W,No Country for Old Men,1900,45,2026-10-04T20:17:39+00:00
20261004T202614Z-fc20c6,Q272855,OL28493A,1,/works/OL59048W,The Remains of the Day,1989,87,2026-10-04T20:17:41+00:00
20261004T202614Z-fc20c6,Q272855,OL28493A,2,/works/OL59038W,Never Let Me Go,2005,61,2026-10-04T20:17:41+00:00
20261004T202614Z-fc20c6,Q272855,OL28493A,3,/works/OL59042W,When We Were Orphans,2000,38,2026-10-04T20:17:41+00:00
20261004T202614Z-fc20c6,Q273034,OL39485A,1,/works/OL77746W,Anne of Green Gables,1908,1299,2026-10-04T20:17:48+00:00
20261004T202614Z-fc20c6,Q273034,OL39485A,2,/works/OL77764W,Anne's House of Dreams,1917,822,2026-10-04T20:17:48+00:00
20261004T202614Z-fc20c6,Q273034,OL39485A,3,/works/OL77744W,Anne of Avonlea,1909,813,2026-10-04T20:17:48+00:00
20261004T202614Z-fc20c6,Q273210,OL391839A,1,/works/OL228705W,Go Tell It on the Mountain,1952,66,2026-10-04T20:17:43+00:00
20261004T202614Z-fc20c6,Q273210,OL391839A,2,/works/OL228702W,Giovanni's Room,1956,65,2026-10-04T20:17:43+00:00
20261004T202614Z-fc20c6,Q273210,OL391839A,3,/works/OL2683364W,The fire next time,1962,54,2026-10-04T20:17:43+00:00
20261004T202614Z-fc20c6,Q274334,OL198376A,1,/works/OL1725875W,Цинковые мальчики,1991,27,2026-10-04T20:17:45+00:00
20261004T202614Z-fc20c6,Q274334,OL198376A,2,/works/OL1725867W,Чернобыльская молитва,1997,27,2026-10-04T20:17:45+00:00
20261004T202614Z-fc20c6,Q274334,OL198376A,3,/works/OL1725868W,У войны не женское лицо,1985,23,2026-10-04T20:17:45+00:00
20261004T202614Z-fc20c6,Q274348,OL340785A,1,/works/OL2454408W,Malena es un nombre de tango,1994,6,2026-10-04T20:09:40+00:00
20261004T202614Z-fc20c6,Q274348,OL340785A,2,/works/OL2454409W,Edades de Lulu,1993,5,2026-10-04T20:09:40+00:00
20261004T202614Z-fc20c6,Q274348,OL340785A,3,/works/OL28184942W,Todo va a mejorar,2022,3,2026-10-04T20:09:40+00:00
20261004T202614Z-fc20c6,Q2751383,OL1485501A,1,/works/OL17079567W,Being Mortal,2014,31,2026-10-04T20:17:46+00:00
20261004T202614Z-fc20c6,Q2751383,OL1485501A,2,/works/OL25651868W,Complications,2002,20,2026-10-04T20:17:46+00:00
20261004T202614Z-fc20c6,Q2751383,OL1485501A,3,/works/OL15436462W,The Checklist Manifesto,2010,10,2026-10-04T20:17:46+00:00
20261004T202614Z-fc20c6,Q275175,OL34096A,1,/works/OL37091W,Ferdydurke,1961,16,2026-10-04T20:17:46+00:00
20261004T202614Z-fc20c6,Q275175,OL34096A,2,/works/OL37089W,Kosmos,1965,15,2026-10-04T20:17:46+00:00
20261004T202614Z-fc20c6,Q275175,OL34096A,3,/works/OL37087W,Trans-Atlantyk,1953,12,2026-10-04T20:17:46+00:00
20261004T202614Z-fc20c6,Q2754,OL71477A,1,/works/OL835204W,Osudy dobrého vojáka Švejka za světové války,1926,117,2026-10-04T20:17:47+00:00
20261004T202614Z-fc20c6,Q2754,OL71477A,2,/works/OL835180W,The red commissar,1981,10,2026-10-04T20:17:47+00:00
20261004T202614Z-fc20c6,Q2754,OL71477A,3,/works/OL30778418W,Die Abenteuer des Braven Soldaten Schwejk,1949,6,2026-10-04T20:17:47+00:00
20261004T202614Z-fc20c6,Q275929,OL49026A,1,/works/OL637777W,Los Pazos de Ulloa,1886,68,2026-10-04T20:09:49+00:00
20261004T202614Z-fc20c6,Q275929,OL49026A,2,/works/OL637721W,La Tribuna,1892,22,2026-10-04T20:09:49+00:00
20261004T202614Z-fc20c6,Q275929,OL49026A,3,/works/OL637779W,La sirena negra,1908,22,2026-10-04T20:09:49+00:00
20261004T202614Z-fc20c6,Q275979,OL436779A,1,/works/OL2883788W,L'isola di Arturo,1957,38,2026-10-04T20:17:50+00:00
20261004T202614Z-fc20c6,Q275979,OL436779A,2,/works/OL2883795W,La storia,1974,34,2026-10-04T20:17:50+00:00
20261004T202614Z-fc20c6,Q275979,OL436779A,3,/works/OL2883791W,Menzogna e sortilegio,1948,21,2026-10-04T20:17:50+00:00
20261004T202614Z-fc20c6,Q275985,OL152441A,1,/works/OL1449798W,Lessico famigliare,1963,53,2026-10-04T20:17:50+00:00
20261004T202614Z-fc20c6,Q275985,OL152441A,2,/works/OL1449792W,Le voci della sera,1961,39,2026-10-04T20:17:50+00:00
20261004T202614Z-fc20c6,Q275985,OL152441A,3,/works/OL1449790W,Die kleinen Tugenden. Erzählungen,1962,36,2026-10-04T20:17:50+00:00
20261004T202614Z-fc20c6,Q276028,OL23767A,1,/works/OL69612W,The Secret Garden,1911,1598,2026-10-04T20:17:51+00:00
20261004T202614Z-fc20c6,Q276028,OL23767A,2,/works/OL69625W,Little Lord Fauntleroy,1886,332,2026-10-04T20:17:51+00:00
20261004T202614Z-fc20c6,Q276028,OL23767A,3,/works/OL69630W,A Little Princess,1905,305,2026-10-04T20:17:51+00:00
20261004T202614Z-fc20c6,Q276032,OL20188A,1,/works/OL98501W,Ethan Frome,1910,1000,2026-10-04T20:17:53+00:00
20261004T202614Z-fc20c6,Q276032,OL20188A,2,/works/OL98587W,The House of Mirth,1905,694,2026-10-04T20:17:53+00:00
20261004T202614Z-fc20c6,Q276032,OL20188A,3,/works/OL98491W,The Age of Innocence,1920,301,2026-10-04T20:17:53+00:00
20261004T202614Z-fc20c6,Q27757818,OL7400941A,1,/works/OL17795349W,Homegoing,2016,32,2026-10-04T20:17:54+00:00
20261004T202614Z-fc20c6,Q27757818,OL7400941A,2,/works/OL20760225W,Transcendent Kingdom,2020,15,2026-10-04T20:17:54+00:00
20261004T202614Z-fc20c6,Q27757818,OL7400941A,3,/works/OL26162216W,Yalnız Ağaçların Şarkısı,2019,1,2026-10-04T20:17:54+00:00
20261004T202614Z-fc20c6,Q284560,OL26284A,1,/works/OL27238W,Boquitas pintadas,1969,27,2026-10-04T20:17:55+00:00
20261004T202614Z-fc20c6,Q284560,OL26284A,2,/works/OL27220W,El beso de la mujer araña,1979,22,2026-10-04T20:17:55+00:00
20261004T202614Z-fc20c6,Q284560,OL26284A,3,/works/OL27237W,Cae la noche tropical,1988,11,2026-10-04T20:17:55+00:00
20261004T202614Z-fc20c6,Q286701,OL5613770A,1,/works/OL13595960W,センセイの鞄,2001,21,2026-10-04T20:17:57+00:00
20261004T202614Z-fc20c6,Q286701,OL5613770A,2,/works/OL13595948W,真鶴,2006,14,2026-10-04T20:17:57+00:00
20261004T202614Z-fc20c6,Q286701,OL5613770A,3,/works/OL13595941W,古道具 中野商店,2005,14,2026-10-04T20:17:57+00:00
20261004T202614Z-fc20c6,Q2881513,OL5318052A,1,/works/OL12215556W,A carrreira do salmón,2001,1,2026-10-04T20:17:58+00:00
20261004T202614Z-fc20c6,Q2881513,OL5318052A,2,/works/OL12215557W,Españoles todos,2004,1,2026-10-04T20:17:58+00:00
20261004T202614Z-fc20c6,Q2881513,OL5318052A,3,/works/OL12215558W,Nunca máis,2003,1,2026-10-04T20:17:58+00:00
20261004T202614Z-fc20c6,Q288501,OL121112A,1,/works/OL10342479W,Caminhos cruzados,1940,5,2026-10-04T20:18:10+00:00
20261004T202614Z-fc20c6,Q288501,OL121112A,2,/works/OL1199781W,Consider the lilies of the field,1947,5,2026-10-04T20:18:10+00:00
20261004T202614Z-fc20c6,Q288501,OL121112A,3,/works/OL10342478W,O tempo e o vento,1952,4,2026-10-04T20:18:10+00:00
20261004T202614Z-fc20c6,Q290143,OL223346A,1,/works/OL8036192W,Only in London,1998,6,2026-10-04T20:17:59+00:00
20261004T202614Z-fc20c6,Q290143,OL223346A,2,/works/OL11188981W,Innahā Landan yā ʻazīzī,2001,4,2026-10-04T20:17:59+00:00
20261004T202614Z-fc20c6,Q290143,OL223346A,3,/works/OL8036190W,Mujeres de Arena y Mirra,1996,3,2026-10-04T20:17:59+00:00
20261004T202614Z-fc20c6,Q290220,OL1434517A,1,/works/OL20017813W,The kindness of enemies,2015,5,2026-10-04T20:18:02+00:00
20261004T202614Z-fc20c6,Q290220,OL1434517A,2,/works/OL5846571W,Minaret,2005,3,2026-10-04T20:18:02+00:00
20261004T202614Z-fc20c6,Q290220,OL1434517A,3,/works/OL5846566W,Coloured lights,2001,2,2026-10-04T20:18:02+00:00
20261004T202614Z-fc20c6,Q290306,OL3039774A,1,/works/OL1938675W,Zanān bidūn-i mardān,1998,8,2026-10-04T20:18:02+00:00
20261004T202614Z-fc20c6,Q290306,OL3039774A,2,/works/OL12590463W,Touba and the Meaning of Night,2006,3,2026-10-04T20:18:02+00:00
20261004T202614Z-fc20c6,Q290306,OL3039774A,3,/works/OL8856329W,Touba and the Meaning of Night,2006,2,2026-10-04T20:18:02+00:00
20261004T202614Z-fc20c6,Q295431,OL238796A,1,/works/OL1984734W,Flaubert's Parrot,1984,36,2026-10-04T20:18:03+00:00
20261004T202614Z-fc20c6,Q295431,OL238796A,2,/works/OL11129743W,"England, England",1998,30,2026-10-04T20:18:03+00:00
20261004T202614Z-fc20c6,Q295431,OL238796A,3,/works/OL1984723W,Cross channel,1996,13,2026-10-04T20:18:03+00:00
20261004T202614Z-fc20c6,Q295598,OL49131A,1,/works/OL638607W,Burlador de Sevilla,1885,26,2026-10-04T20:18:05+00:00
20261004T202614Z-fc20c6,Q295598,OL49131A,2,/works/OL638606W,El burlador de Sevilla,1927,24,2026-10-04T20:18:05+00:00
20261004T202614Z-fc20c6,Q295598,OL49131A,3,/works/OL638605W,Don Gil de las calzas verdes,1800,18,2026-10-04T20:18:05+00:00
20261004T202614Z-fc20c6,Q296752,OL2632116A,1,/works/OL278437W,La sombra del viento,2001,99,2026-10-04T20:09:44+00:00
20261004T202614Z-fc20c6,Q296752,OL2632116A,2,/works/OL15165640W,El Juego del Ángel,2008,34,2026-10-04T20:09:44+00:00
20261004T202614Z-fc20c6,Q296752,OL2632116A,3,/works/OL278441W,El Palacio de la Medianoche,1994,30,2026-10-04T20:09:44+00:00
20261004T202614Z-fc20c6,Q297532,OL56795A,1,/works/OL712025W,2666,2004,62,2026-10-04T20:18:18+00:00
20261004T202614Z-fc20c6,Q297532,OL56795A,2,/works/OL712032W,Los detectives salvajes,1998,50,2026-10-04T20:18:18+00:00
20261004T202614Z-fc20c6,Q297532,OL56795A,3,/works/OL15193532W,El Tercer Reich,2010,25,2026-10-04T20:18:18+00:00
20261004T202614Z-fc20c6,Q298035,OL67141A,1,/works/OL14944489W,El sueño de los héroes,1954,46,2026-10-04T20:18:06+00:00
20261004T202614Z-fc20c6,Q298035,OL67141A,2,/works/OL14944491W,La invención de Morel,1940,42,2026-10-04T20:18:06+00:00
20261004T202614Z-fc20c6,Q298035,OL67141A,3,/works/OL14944488W,Plan de evasión,1945,24,2026-10-04T20:18:06+00:00
20261004T202614Z-fc20c6,Q298685,OL2622837A,1,/works/OL1898309W,The Cat in the Hat,1957,85,2026-10-04T20:18:07+00:00
20261004T202614Z-fc20c6,Q298685,OL2622837A,2,/works/OL1898308W,Green Eggs and Ham,1960,54,2026-10-04T20:18:07+00:00
20261004T202614Z-fc20c6,Q298685,OL2622837A,3,/works/OL261169W,How the Grinch Stole Christmas!,1957,42,2026-10-04T20:18:07+00:00
20261004T202614Z-fc20c6,Q299161,OL934588A,1,/works/OL953028W,Corazón tan blanco,1992,37,2026-10-04T20:18:15+00:00
20261004T202614Z-fc20c6,Q299161,OL934588A,2,/works/OL953023W,Todas las almas,1989,21,2026-10-04T20:18:15+00:00
20261004T202614Z-fc20c6,Q299161,OL934588A,3,/works/OL953050W,Mañana en la batalla piensa en mí,1994,19,2026-10-04T20:18:15+00:00
20261004T202614Z-fc20c6,Q299965,OL32983A,1,/works/OL495470W,Invisible Man,1952,60,2026-10-04T20:18:10+00:00
20261004T202614Z-fc20c6,Q299965,OL32983A,2,/works/OL15164554W,The United States in Literature [with three long stories] -- Seventh Edition,1952,12,2026-10-04T20:18:10+00:00
20261004T202614Z-fc20c6,Q299965,OL32983A,3,/works/OL20803040W,Juneteenth,2000,10,2026-10-04T20:18:10+00:00
20261004T202614Z-fc20c6,Q3080325,OL1062A,1,/works/OL300606W,Coṭen̲,1961,2,2026-10-04T20:18:14+00:00
20261004T202614Z-fc20c6,Q3080325,OL1062A,2,/works/OL300607W,Do hāth,1962,2,2026-10-04T20:18:14+00:00
20261004T202614Z-fc20c6,Q3080325,OL1062A,3,/works/OL300608W,Ṭeṛhī lakīr,1944,2,2026-10-04T20:18:14+00:00
20261004T202614Z-fc20c6,Q30875,OL20646A,1,/works/OL8193416W,The Picture of Dorian Gray,1890,3012,2026-10-04T20:18:15+00:00
20261004T202614Z-fc20c6,Q30875,OL20646A,2,/works/OL8269770W,The Happy Prince and other tales,1888,508,2026-10-04T20:18:15+00:00
20261004T202614Z-fc20c6,Q30875,OL20646A,3,/works/OL27776452W,The Importance of Being Earnest,1893,455,2026-10-04T20:18:15+00:00
20261004T202614Z-fc20c6,Q3087962,OL102484A,1,/works/OL1041829W,Burnt shadows,2009,17,2026-10-04T20:18:15+00:00
20261004T202614Z-fc20c6,Q3087962,OL102484A,2,/works/OL1041832W,Kartography,2002,12,2026-10-04T20:18:15+00:00
20261004T202614Z-fc20c6,Q3087962,OL102484A,3,/works/OL1041833W,Broken Verses,2005,11,2026-10-04T20:18:15+00:00
20261004T202614Z-fc20c6,Q310048,OL230288A,1,/works/OL1921196W,White Noise,1984,41,2026-10-04T20:18:17+00:00
20261004T202614Z-fc20c6,Q310048,OL230288A,2,/works/OL1921194W,Cosmopolis,2003,35,2026-10-04T20:18:17+00:00
20261004T202614Z-fc20c6,Q310048,OL230288A,3,/works/OL1921185W,Underworld,1997,34,2026-10-04T20:18:17+00:00
20261004T202614Z-fc20c6,Q310176,OL4728950A,1,/works/OL16851W,The Rachel Papers,1973,26,2026-10-04T20:18:18+00:00
20261004T202614Z-fc20c6,Q310176,OL4728950A,2,/works/OL16854W,London Fields,1989,25,2026-10-04T20:18:18+00:00
20261004T202614Z-fc20c6,Q310176,OL4728950A,3,/works/OL16847W,Money,1984,25,2026-10-04T20:18:18+00:00
20261004T202614Z-fc20c6,Q310913,OL2623681A,1,/works/OL263651W,Clefs pour le zen,1973,17,2026-10-04T20:18:19+00:00
20261004T202614Z-fc20c6,Q310913,OL2623681A,2,/works/OL263662W,The art of power,2007,15,2026-10-04T20:18:19+00:00
20261004T202614Z-fc20c6,Q310913,OL2623681A,3,/works/OL263655W,Phép lạ của sự tỉnh thức,1976,13,2026-10-04T20:18:19+00:00
20261004T202614Z-fc20c6,Q311001,OL2355312A,1,/works/OL26419966W,Luces de bohemia,1924,99,2026-10-04T20:18:19+00:00
20261004T202614Z-fc20c6,Q311001,OL2355312A,2,/works/OL943918W,Tirano Banderas,1927,82,2026-10-04T20:18:19+00:00
20261004T202614Z-fc20c6,Q311001,OL2355312A,3,/works/OL10252004W,Sonata de primavera,1913,62,2026-10-04T20:18:19+00:00
20261004T202614Z-fc20c6,Q311145,OL93286A,1,/works/OL1003017W,Memórias póstumas de Brás Cubas,1881,149,2026-10-04T20:18:22+00:00
20261004T202614Z-fc20c6,Q311145,OL93286A,2,/works/OL1003040W,Dom Casmurro,1900,90,2026-10-04T20:18:22+00:00
20261004T202614Z-fc20c6,Q311145,OL93286A,3,/works/OL1003079W,Quincas Borba,1899,44,2026-10-04T20:18:22+00:00
20261004T202614Z-fc20c6,Q312747,OL28169A,1,/works/OL41290W,La Regenta,1884,136,2026-10-04T20:18:22+00:00
20261004T202614Z-fc20c6,Q312747,OL28169A,2,/works/OL24709479W,"La Regenta, Tomo II",2013,13,2026-10-04T20:18:22+00:00
20261004T202614Z-fc20c6,Q312747,OL28169A,3,/works/OL41289W,Su único hijo,1890,12,2026-10-04T20:18:22+00:00
20261004T202614Z-fc20c6,Q313246,OL448939A,1,/works/OL2943602W,Infinite Jest,1996,24,2026-10-04T20:18:26+00:00
20261004T202614Z-fc20c6,Q313246,OL448939A,2,/works/OL2943600W,Everything and more,2003,11,2026-10-04T20:18:26+00:00
20261004T202614Z-fc20c6,Q313246,OL448939A,3,/works/OL15701417W,The Pale King,2011,10,2026-10-04T20:18:26+00:00
20261004T202614Z-fc20c6,Q313322,OL84919A,1,/works/OL2329640W,Kim Vân Kiè̂u,1943,22,2026-10-04T20:18:38+00:00
20261004T202614Z-fc20c6,Q313322,OL84919A,2,/works/OL23975993W,Truyện kiè̂u,2005,2,2026-10-04T20:18:38+00:00
20261004T202614Z-fc20c6,Q313322,OL84919A,3,/works/OL32112302W,Kim Vân Kiều tân truyện,1932,2,2026-10-04T20:18:38+00:00
20261004T202614Z-fc20c6,Q313593,OL34337A,1,/works/OL53071W,The English Patient,1992,93,2026-10-04T20:18:27+00:00
20261004T202614Z-fc20c6,Q313593,OL34337A,2,/works/OL53066W,Anil's Ghost,1999,48,2026-10-04T20:18:27+00:00
20261004T202614Z-fc20c6,Q313593,OL34337A,3,/works/OL53070W,Running in the Family,1982,35,2026-10-04T20:18:27+00:00
20261004T202614Z-fc20c6,Q314771,OL366346A,1,/works/OL2568879W,Where the Wild Things Are,1963,125,2026-10-04T20:18:29+00:00
20261004T202614Z-fc20c6,Q314771,OL366346A,2,/works/OL2568868W,In the Night Kitchen,1889,41,2026-10-04T20:18:29+00:00
20261004T202614Z-fc20c6,Q314771,OL366346A,3,/works/OL2568878W,Chicken Soup with Rice,1962,32,2026-10-04T20:18:29+00:00
20261004T202614Z-fc20c6,Q315017,OL43809A,1,/works/OL135791W,Būf-i kūr,1957,24,2026-10-04T20:18:30+00:00
20261004T202614Z-fc20c6,Q315017,OL43809A,2,/works/OL23885398W,Sag-i vilgard,1951,2,2026-10-04T20:18:30+00:00
20261004T202614Z-fc20c6,Q315017,OL43809A,3,/works/OL135787W,"Sadeq Hedayat, an anthology",1979,2,2026-10-04T20:18:30+00:00
20261004T202614Z-fc20c6,Q315147,OL30647A,1,/works/OL489842W,Kotlovan,1968,7,2026-10-04T20:18:30+00:00
20261004T202614Z-fc20c6,Q315147,OL30647A,2,/works/OL489841W,Short stories,1970,6,2026-10-04T20:18:30+00:00
20261004T202614Z-fc20c6,Q315147,OL30647A,3,/works/OL11520239W,Chevengur,1972,4,2026-10-04T20:18:30+00:00
20261004T202614Z-fc20c6,Q315167,OL5288692A,1,/works/OL44506319W,惶惑,1946,2,2026-10-04T20:18:31+00:00
20261004T202614Z-fc20c6,Q315167,OL5288692A,2,/works/OL44451769W,老張的哲學,1932,2,2026-10-04T20:18:31+00:00
20261004T202614Z-fc20c6,Q315167,OL5288692A,3,/works/OL44218209W,四世同堂,1946,2,2026-10-04T20:18:31+00:00
20261004T202614Z-fc20c6,Q315362,OL81940A,1,/works/OL928455W,The Famished Road,1991,14,2026-10-04T20:18:31+00:00
20261004T202614Z-fc20c6,Q315362,OL81940A,2,/works/OL928468W,Dangerous Love,1996,10,2026-10-04T20:18:31+00:00
20261004T202614Z-fc20c6,Q315362,OL81940A,3,/works/OL16217796W,A time for new dreams,2011,9,2026-10-04T20:18:31+00:00
20261004T202614Z-fc20c6,Q316213,OL51998A,1,/works/OL668682W,細雪 (Sasameyuki),1944,45,2026-10-04T20:18:33+00:00
20261004T202614Z-fc20c6,Q316213,OL51998A,2,/works/OL668684W,鍵 (Kagi),1956,42,2026-10-04T20:18:33+00:00
20261004T202614Z-fc20c6,Q316213,OL51998A,3,/works/OL668685W,蓼喰う蟲 (Tade kuu mushi),1929,38,2026-10-04T20:18:33+00:00
20261004T202614Z-fc20c6,Q316327,OL73090A,1,/works/OL846504W,O primo Basílio,1878,81,2026-10-04T20:19:10+00:00
20261004T202614Z-fc20c6,Q316327,OL73090A,2,/works/OL846513W,Os Maias,1900,70,2026-10-04T20:19:10+00:00
20261004T202614Z-fc20c6,Q316327,OL73090A,3,/works/OL846495W,O crime do Padre Amaro,1875,69,2026-10-04T20:19:10+00:00
20261004T202614Z-fc20c6,Q316607,OL764502A,1,/works/OL4082696W,The Corrections,2001,72,2026-10-04T20:18:34+00:00
20261004T202614Z-fc20c6,Q316607,OL764502A,2,/works/OL15378124W,Freiheit,2010,39,2026-10-04T20:18:34+00:00
20261004T202614Z-fc20c6,Q316607,OL764502A,3,/works/OL17209376W,Pureza,2015,27,2026-10-04T20:18:34+00:00
20261004T202614Z-fc20c6,Q316884,OL92011A,1,/works/OL992605W,Los mares del Sur,1979,60,2026-10-04T20:18:50+00:00
20261004T202614Z-fc20c6,Q316884,OL92011A,2,/works/OL992591W,Quinteto de Buenos Aires,1997,21,2026-10-04T20:18:50+00:00
20261004T202614Z-fc20c6,Q316884,OL92011A,3,/works/OL992600W,Asesinato en el Comité Central,1981,21,2026-10-04T20:18:50+00:00
20261004T202614Z-fc20c6,Q318429,OL1398754A,1,/works/OL5749849W,Blink,2004,47,2026-10-04T20:18:41+00:00
20261004T202614Z-fc20c6,Q318429,OL1398754A,2,/works/OL5749847W,Outliers,2008,32,2026-10-04T20:18:41+00:00
20261004T202614Z-fc20c6,Q318429,OL1398754A,3,/works/OL5749848W,The Tipping Point,2000,21,2026-10-04T20:18:41+00:00
20261004T202614Z-fc20c6,Q319820,OL33621A,1,/works/OL275128W,Native Son,1940,75,2026-10-04T20:18:42+00:00
20261004T202614Z-fc20c6,Q319820,OL33621A,2,/works/OL275946W,Black Boy,1945,64,2026-10-04T20:18:42+00:00
20261004T202614Z-fc20c6,Q319820,OL33621A,3,/works/OL506450W,Uncle Tom's Children,1938,30,2026-10-04T20:18:42+00:00
20261004T202614Z-fc20c6,Q3243146,OL30582A,1,/works/OL489097W,The Reluctant Fundamentalist,2007,27,2026-10-04T20:18:42+00:00
20261004T202614Z-fc20c6,Q3243146,OL30582A,2,/works/OL17635446W,Exit West,2017,17,2026-10-04T20:18:42+00:00
20261004T202614Z-fc20c6,Q3243146,OL30582A,3,/works/OL17426388W,How To Get Filthy Rich In Rising Asia,2013,9,2026-10-04T20:18:42+00:00
20261004T202614Z-fc20c6,Q326935,OL1637A,1,/works/OL307247W,Bumi Manusia,1972,18,2026-10-04T20:18:43+00:00
20261004T202614Z-fc20c6,Q326935,OL1637A,2,/works/OL307272W,Perburuan,1949,15,2026-10-04T20:18:43+00:00
20261004T202614Z-fc20c6,Q326935,OL1637A,3,/works/OL307178W,Anak Semua Bangsa,1973,13,2026-10-04T20:18:43+00:00
20261004T202614Z-fc20c6,Q327142,OL14114A,1,/works/OL63283W,İnce Memed,1900,25,2026-10-04T20:18:43+00:00
20261004T202614Z-fc20c6,Q327142,OL14114A,2,/works/OL386941W,Aǧridaǧi efsanesi,1970,13,2026-10-04T20:18:43+00:00
20261004T202614Z-fc20c6,Q327142,OL14114A,3,/works/OL63282W,Ortadirek,1963,8,2026-10-04T20:18:43+00:00
20261004T202614Z-fc20c6,Q329758,OL170744A,1,/works/OL7990147W,הכלה המשחררת,2001,17,2026-10-04T20:18:45+00:00
20261004T202614Z-fc20c6,Q329758,OL170744A,2,/works/OL1581038W,Shivah me-Hodu,1996,5,2026-10-04T20:18:45+00:00
20261004T202614Z-fc20c6,Q329758,OL170744A,3,/works/OL1581039W,Meʾahev,1977,5,2026-10-04T20:18:45+00:00
20261004T202614Z-fc20c6,Q3323486,OL191655A,1,/works/OL1690495W,Poeta de guardia,1968,4,2026-10-04T20:18:46+00:00
20261004T202614Z-fc20c6,Q3323486,OL191655A,2,/works/OL35027836W,Isla ignorada,1999,3,2026-10-04T20:18:46+00:00
20261004T202614Z-fc20c6,Q3323486,OL191655A,3,/works/OL1690494W,Aurora Brigida Y Carlos,1981,3,2026-10-04T20:18:46+00:00
20261004T202614Z-fc20c6,Q3335,OL118077A,1,/works/OL1168007W,Animal Farm,1945,653,2026-10-04T20:18:50+00:00
20261004T202614Z-fc20c6,Q3335,OL118077A,2,/works/OL1168169W,Homage to Catalonia,1938,169,2026-10-04T20:18:50+00:00
20261004T202614Z-fc20c6,Q3335,OL118077A,3,/works/OL1168126W,The Road to Wigan Pier,1724,138,2026-10-04T20:18:50+00:00
20261004T202614Z-fc20c6,Q333521,OL538956A,1,/works/OL3295030W,The Black Swan,2005,27,2026-10-04T20:18:59+00:00
20261004T202614Z-fc20c6,Q333521,OL538956A,2,/works/OL3295029W,Fooled by randomness,2001,19,2026-10-04T20:18:59+00:00
20261004T202614Z-fc20c6,Q333521,OL538956A,3,/works/OL16726829W,Antifragile,2012,18,2026-10-04T20:18:59+00:00
20261004T202614Z-fc20c6,Q333849,OL2703312A,1,/works/OL2071853W,Os cus de Judas,1979,22,2026-10-04T20:18:59+00:00
20261004T202614Z-fc20c6,Q333849,OL2703312A,2,/works/OL2071854W,Auto dos danados,1985,15,2026-10-04T20:18:59+00:00
20261004T202614Z-fc20c6,Q333849,OL2703312A,3,/works/OL2071833W,As naus,1988,15,2026-10-04T20:18:59+00:00
20261004T202614Z-fc20c6,Q334252,OL5911201A,1,/works/OL1057183W,The Guide,1958,22,2026-10-04T20:18:54+00:00
20261004T202614Z-fc20c6,Q334252,OL5911201A,2,/works/OL1057182W,The man-eater of Malgudi,1961,21,2026-10-04T20:18:54+00:00
20261004T202614Z-fc20c6,Q334252,OL5911201A,3,/works/OL1057181W,The financial expert,1952,13,2026-10-04T20:18:54+00:00
20261004T202614Z-fc20c6,Q334711,OL150223A,1,/works/OL15697340W,Wahrhaftige Kommentare zum Reich der Inka,1609,33,2026-10-04T20:18:55+00:00
20261004T202614Z-fc20c6,Q334711,OL150223A,2,/works/OL1436894W,The Florida of the Inca,1605,12,2026-10-04T20:18:55+00:00
20261004T202614Z-fc20c6,Q334711,OL150223A,3,/works/OL15656176W,La Florida del Inca,1709,12,2026-10-04T20:18:55+00:00
20261004T202614Z-fc20c6,Q336125,OL105306A,1,/works/OL1054090W,The Glass Palace,2000,27,2026-10-04T20:18:55+00:00
20261004T202614Z-fc20c6,Q336125,OL105306A,2,/works/OL1054101W,Sea of Poppies,2005,26,2026-10-04T20:18:55+00:00
20261004T202614Z-fc20c6,Q336125,OL105306A,3,/works/OL1054094W,The Shadow Lines,1988,21,2026-10-04T20:18:55+00:00
20261004T202614Z-fc20c6,Q33977,OL113611A,1,/works/OL1100007W,Le Tour du Monde en Quatre-Vingts Jours,1872,427,2026-10-04T20:19:01+00:00
20261004T202614Z-fc20c6,Q33977,OL113611A,2,/works/OL1099280W,Vingt mille lieues sous les mers,1870,384,2026-10-04T20:19:01+00:00
20261004T202614Z-fc20c6,Q33977,OL113611A,3,/works/OL1099479W,De la terre à la lune,1865,209,2026-10-04T20:19:01+00:00
20261004T202614Z-fc20c6,Q34189,OL89930A,1,/works/OL979517W,Veinte poemas de amor y una canción desesperada,1924,135,2026-10-04T20:09:41+00:00
20261004T202614Z-fc20c6,Q34189,OL89930A,2,/works/OL979578W,Confieso que he vivido,1974,61,2026-10-04T20:09:41+00:00
20261004T202614Z-fc20c6,Q34189,OL89930A,3,/works/OL979616W,Poems,1943,43,2026-10-04T20:09:41+00:00
20261004T202614Z-fc20c6,Q34660,OL23919A,1,/works/OL82563W,Harry Potter and the Philosopher's Stone,1997,400,2026-10-04T20:18:57+00:00
20261004T202614Z-fc20c6,Q34660,OL23919A,2,/works/OL82537W,Harry Potter and the Chamber of Secrets,1998,306,2026-10-04T20:18:57+00:00
20261004T202614Z-fc20c6,Q34660,OL23919A,3,/works/OL82536W,Harry Potter and the Prisoner of Azkaban,1999,279,2026-10-04T20:18:57+00:00
20261004T202614Z-fc20c6,Q34670,OL124171A,1,/works/OL1230613W,L’étranger,1942,468,2026-10-04T20:18:57+00:00
20261004T202614Z-fc20c6,Q34670,OL124171A,2,/works/OL1230715W,La Peste,1942,280,2026-10-04T20:18:57+00:00
20261004T202614Z-fc20c6,Q34670,OL124171A,3,/works/OL1230631W,La chute,1917,145,2026-10-04T20:18:57+00:00
20261004T202614Z-fc20c6,Q34743,OL24461A,1,/works/OL19842W,Captains Courageous,1896,991,2026-10-04T20:18:59+00:00
20261004T202614Z-fc20c6,Q34743,OL24461A,2,/works/OL19908W,Kim,1901,935,2026-10-04T20:18:59+00:00
20261004T202614Z-fc20c6,Q34743,OL24461A,3,/works/OL19926W,The Second Jungle Book,1887,612,2026-10-04T20:18:59+00:00
20261004T202614Z-fc20c6,Q34970,OL19964A,1,/works/OL81294W,Women in Love,1877,564,2026-10-04T20:19:14+00:00
20261004T202614Z-fc20c6,Q34970,OL19964A,2,/works/OL81180W,Lady Chatterley's Lover,1900,515,2026-10-04T20:19:14+00:00
20261004T202614Z-fc20c6,Q34970,OL19964A,3,/works/OL141870W,I Malavoglia di Giovanni Verga,1873,369,2026-10-04T20:19:14+00:00
20261004T202614Z-fc20c6,Q34981,OL34221A,1,/works/OL46125W,Foundation,1951,99,2026-10-04T20:19:02+00:00
20261004T202614Z-fc20c6,Q34981,OL34221A,2,/works/OL46241W,"I, Robot",1950,99,2026-10-04T20:19:02+00:00
20261004T202614Z-fc20c6,Q34981,OL34221A,3,/works/OL46224W,Foundation and Empire,1945,82,2026-10-04T20:19:02+00:00
20261004T202614Z-fc20c6,Q35064,OL27695A,1,/works/OL472715W,The Mysterious Affair at Styles,1920,1091,2026-10-04T20:19:06+00:00
20261004T202614Z-fc20c6,Q35064,OL27695A,2,/works/OL471789W,The Secret Adversary,1922,800,2026-10-04T20:19:06+00:00
20261004T202614Z-fc20c6,Q35064,OL27695A,3,/works/OL472073W,Murder on the Links,1923,273,2026-10-04T20:19:06+00:00
20261004T202614Z-fc20c6,Q3547747,OL314158A,1,/works/OL2330251W,"Bata, bata-- pa'no ka ginawa?",1983,4,2026-10-04T20:19:07+00:00
20261004T202614Z-fc20c6,Q3547747,OL314158A,2,/works/OL2330253W,Dekada '70,1988,2,2026-10-04T20:19:07+00:00
20261004T202614Z-fc20c6,Q3547747,OL314158A,3,/works/OL34860993W,Dekada '70,1983,2,2026-10-04T20:19:07+00:00
20261004T202614Z-fc20c6,Q35610,OL161167A,1,/works/OL262496W,A Study in Scarlet,1887,1447,2026-10-04T20:19:21+00:00
20261004T202614Z-fc20c6,Q35610,OL161167A,2,/works/OL262454W,The Hound of the Baskervilles,1900,1309,2026-10-04T20:19:21+00:00
20261004T202614Z-fc20c6,Q35610,OL161167A,3,/works/OL262421W,The Adventures of Sherlock Holmes [12 stories],1892,1134,2026-10-04T20:19:21+00:00
20261004T202614Z-fc20c6,Q356546,OL121699A,1,/works/OL1205306W,Campo cerrado,1943,21,2026-10-04T20:19:09+00:00
20261004T202614Z-fc20c6,Q356546,OL121699A,2,/works/OL1205205W,Crímenes ejemplares,1957,20,2026-10-04T20:19:09+00:00
20261004T202614Z-fc20c6,Q356546,OL121699A,3,/works/OL1205309W,Campo del moro,1963,18,2026-10-04T20:19:09+00:00
20261004T202614Z-fc20c6,Q35900,OL92800A,1,/works/OL998028W,Rubāʻīyāt,1870,151,2026-10-04T20:19:10+00:00
20261004T202614Z-fc20c6,Q35900,OL92800A,2,/works/OL998027W,Rubaiyat of Omar Khayyam,1859,149,2026-10-04T20:19:10+00:00
20261004T202614Z-fc20c6,Q35900,OL92800A,3,/works/OL28655785W,Rubaiyat of Omar Khayyam,1942,42,2026-10-04T20:19:10+00:00
20261004T202614Z-fc20c6,Q360832,OL199135A,1,/works/OL1730193W,Poemas y antipoemas,1954,10,2026-10-04T20:19:14+00:00
20261004T202614Z-fc20c6,Q360832,OL199135A,2,/works/OL1730192W,Obra gruesa,1969,5,2026-10-04T20:19:14+00:00
20261004T202614Z-fc20c6,Q360832,OL199135A,3,/works/OL1730190W,Antipoems,1960,4,2026-10-04T20:19:14+00:00
20261004T202614Z-fc20c6,Q361257,OL548174A,1,/works/OL3368231W,The Giving Tree,1963,61,2026-10-04T20:19:17+00:00
20261004T202614Z-fc20c6,Q361257,OL548174A,2,/works/OL3368235W,Where the Sidewalk Ends,1974,42,2026-10-04T20:19:17+00:00
20261004T202614Z-fc20c6,Q361257,OL548174A,3,/works/OL3368239W,A Light in the Attic,1981,27,2026-10-04T20:19:17+00:00
20261004T202614Z-fc20c6,Q36184,OL31727A,1,/works/OL85892W,Dracula,1897,1918,2026-10-04T20:19:17+00:00
20261004T202614Z-fc20c6,Q36184,OL31727A,2,/works/OL85891W,The Jewel of Seven Stars,1902,653,2026-10-04T20:19:17+00:00
20261004T202614Z-fc20c6,Q36184,OL31727A,3,/works/OL85875W,Bram Stoker's Dracula omnibus,1897,598,2026-10-04T20:19:17+00:00
20261004T202614Z-fc20c6,Q36322,OL21594A,1,/works/OL66554W,Pride and Prejudice,1813,4042,2026-10-04T20:19:18+00:00
20261004T202614Z-fc20c6,Q36322,OL21594A,2,/works/OL66513W,Emma,1815,2262,2026-10-04T20:19:18+00:00
20261004T202614Z-fc20c6,Q36322,OL21594A,3,/works/OL66562W,Sense and Sensibility,1811,2090,2026-10-04T20:19:18+00:00
20261004T202614Z-fc20c6,Q363927,OL355897A,1,/works/OL2523189W,Nação crioula,1997,3,2026-10-04T20:19:19+00:00
20261004T202614Z-fc20c6,Q363927,OL355897A,2,/works/OL8931220W,The Book of Chameleons,2007,2,2026-10-04T20:19:19+00:00
20261004T202614Z-fc20c6,Q363927,OL355897A,3,/works/OL2523187W,A conjura,1989,2,2026-10-04T20:19:19+00:00
20261004T202614Z-fc20c6,Q365423,OL125798A,1,/works/OL1246412W,Amor de Perdição,1800,63,2026-10-04T20:19:19+00:00
20261004T202614Z-fc20c6,Q365423,OL125798A,2,/works/OL1246633W,A queda dum anjo,1866,34,2026-10-04T20:19:19+00:00
20261004T202614Z-fc20c6,Q365423,OL125798A,3,/works/OL1246484W,A brazileira de Prazins,1882,19,2026-10-04T20:19:19+00:00
20261004T202614Z-fc20c6,Q36661,OL13192A,1,/works/OL25129727W,Hedda Gabler,1890,371,2026-10-04T20:19:27+00:00
20261004T202614Z-fc20c6,Q36661,OL13192A,2,/works/OL16249343W,A Doll's House,1889,255,2026-10-04T20:19:27+00:00
20261004T202614Z-fc20c6,Q36661,OL13192A,3,/works/OL52430W,Peer Gynt,1867,111,2026-10-04T20:19:27+00:00
20261004T202614Z-fc20c6,Q368127,OL3105889A,1,/works/OL16520879W,L'amica geniale,2011,40,2026-10-04T20:19:22+00:00
20261004T202614Z-fc20c6,Q368127,OL3105889A,2,/works/OL17081245W,Storia di chi fugge e di chi resta,2000,28,2026-10-04T20:19:22+00:00
20261004T202614Z-fc20c6,Q368127,OL3105889A,3,/works/OL8958588W,L'amore molesto,1992,25,2026-10-04T20:19:22+00:00
20261004T202614Z-fc20c6,Q36951,OL2659564A,1,/works/OL7986068W,A gyertyák csonkig égnek,1944,44,2026-10-04T20:19:34+00:00
20261004T202614Z-fc20c6,Q36951,OL2659564A,2,/works/OL12121861W,Napnyugati őrjárat,1900,4,2026-10-04T20:19:34+00:00
20261004T202614Z-fc20c6,Q36951,OL2659564A,3,/works/OL7986069W,Casanova in Bolzano,2004,4,2026-10-04T20:19:34+00:00
20261004T202614Z-fc20c6,Q37030,OL22973A,1,/works/OL14866824W,Der Zauberberg,1924,188,2026-10-04T20:19:26+00:00
20261004T202614Z-fc20c6,Q37030,OL22973A,2,/works/OL14867081W,Buddenbrooks,1909,87,2026-10-04T20:19:26+00:00
20261004T202614Z-fc20c6,Q37030,OL22973A,3,/works/OL14867080W,Doctor Faustus,1947,67,2026-10-04T20:19:26+00:00
20261004T202614Z-fc20c6,Q37060,OL3112635A,1,/works/OL27420W,Ensaio Sobre a Cegueira,1995,40,2026-10-04T20:09:44+00:00
20261004T202614Z-fc20c6,Q37060,OL3112635A,2,/works/OL27415W,Todos os nomes,1997,21,2026-10-04T20:09:44+00:00
20261004T202614Z-fc20c6,Q37060,OL3112635A,3,/works/OL27416W,Ensaio sobre a lucidez,2004,18,2026-10-04T20:09:44+00:00
20261004T202614Z-fc20c6,Q37151,OL30553A,1,/works/OL244537W,The Art of War,1900,1542,2026-10-04T20:19:32+00:00
20261004T202614Z-fc20c6,Q37151,OL30553A,2,/works/OL26160335W,Savas Sanati,2000,15,2026-10-04T20:19:32+00:00
20261004T202614Z-fc20c6,Q37151,OL30553A,3,/works/OL24862605W,Sun Tzu's Art of War & Machiavelli's Prince,2008,8,2026-10-04T20:19:32+00:00
20261004T202614Z-fc20c6,Q372313,OL263895A,1,/works/OL2120794W,Bartleby & Co,2000,6,2026-10-04T20:19:29+00:00
20261004T202614Z-fc20c6,Q372313,OL263895A,2,/works/OL16639440W,Aire de Dylan,2012,3,2026-10-04T20:19:29+00:00
20261004T202614Z-fc20c6,Q372313,OL263895A,3,/works/OL2120793W,Lejos de Veracruz,1995,3,2026-10-04T20:19:29+00:00
20261004T202614Z-fc20c6,Q377623,OL4280830A,1,/works/OL8705203W,Martín Fierro,1894,109,2026-10-04T20:19:29+00:00
20261004T202614Z-fc20c6,Q377623,OL4280830A,2,/works/OL10342232W,Martín Fierro,1894,39,2026-10-04T20:19:29+00:00
20261004T202614Z-fc20c6,Q377623,OL4280830A,3,/works/OL1188879W,Martín Fierro,1924,36,2026-10-04T20:19:29+00:00
20261004T202614Z-fc20c6,Q37767,OL116256A,1,/works/OL1262495W,Pensées,1670,395,2026-10-04T20:19:30+00:00
20261004T202614Z-fc20c6,Q37767,OL116256A,2,/works/OL1142217W,Murder in the Cathedral,1934,98,2026-10-04T20:19:30+00:00
20261004T202614Z-fc20c6,Q37767,OL116256A,3,/works/OL1407724W,A reader's guide to T.S. Eliot,1953,55,2026-10-04T20:19:30+00:00
20261004T202614Z-fc20c6,Q378882,OL1435450A,1,/works/OL16342582W,"Suddenly, a knock on the door",2012,9,2026-10-04T20:19:31+00:00
20261004T202614Z-fc20c6,Q378882,OL1435450A,2,/works/OL5849328W,The Nimrod Flip-Out,2004,8,2026-10-04T20:19:31+00:00
20261004T202614Z-fc20c6,Q378882,OL1435450A,3,/works/OL5849317W,La Chica Sobre la Nevera y Otros Relatos/ The Girl on the Refrigerator And Other Tales (Nuevos Tiempos / New Times),2006,6,2026-10-04T20:19:31+00:00
20261004T202614Z-fc20c6,Q379762,OL22665A,1,/works/OL11930W,A Suitable Boy,1993,28,2026-10-04T20:19:33+00:00
20261004T202614Z-fc20c6,Q379762,OL22665A,2,/works/OL11929W,From Heaven Lake,1983,13,2026-10-04T20:19:33+00:00
20261004T202614Z-fc20c6,Q379762,OL22665A,3,/works/OL11928W,Two lives,2005,10,2026-10-04T20:19:33+00:00
20261004T202614Z-fc20c6,Q38049,OL3325335A,1,/works/OL9271127W,Der Fuchs war damals schon der Jäger,1992,42,2026-10-04T20:19:34+00:00
20261004T202614Z-fc20c6,Q38049,OL3325335A,2,/works/OL1732445W,Niederungen,1982,24,2026-10-04T20:19:34+00:00
20261004T202614Z-fc20c6,Q38049,OL3325335A,3,/works/OL14989005W,Atemschaukel,2009,23,2026-10-04T20:19:34+00:00
20261004T202614Z-fc20c6,Q380787,OL176262A,1,/works/OL15275331W,Muqaddimah lil-shiʻr al-ʻArabī,1975,6,2026-10-04T20:19:38+00:00
20261004T202614Z-fc20c6,Q380787,OL176262A,2,/works/OL1612311W,al-Thābit wa-al-mutaḥawwil,1974,6,2026-10-04T20:19:38+00:00
20261004T202614Z-fc20c6,Q380787,OL176262A,3,/works/OL1612312W,Mufrad bi-ṣīghat al-jamʻ,1970,4,2026-10-04T20:19:38+00:00
20261004T202614Z-fc20c6,Q38082,OL22098A,1,/works/OL138052W,Alice's Adventures in Wonderland,1865,3547,2026-10-04T20:19:41+00:00
20261004T202614Z-fc20c6,Q38082,OL22098A,2,/works/OL151406W,Through the Looking-Glass,1865,1379,2026-10-04T20:19:41+00:00
20261004T202614Z-fc20c6,Q38082,OL22098A,3,/works/OL151411W,Alice's Adventures in Wonderland / Through the Looking Glass,1889,545,2026-10-04T20:19:41+00:00
20261004T202614Z-fc20c6,Q382101,OL85528A,1,/works/OL954637W,Terra Sonambula (Uma Terra sem amos),1992,10,2026-10-04T20:19:41+00:00
20261004T202614Z-fc20c6,Q382101,OL85528A,2,/works/OL954645W,O último voo do flamingo,2000,8,2026-10-04T20:19:41+00:00
20261004T202614Z-fc20c6,Q382101,OL85528A,3,/works/OL954635W,"Um rio chamado tempo, uma casa chamada terra",2000,8,2026-10-04T20:19:41+00:00
20261004T202614Z-fc20c6,Q38392,OL21831A,1,/works/OL82925W,Sanctuary,1931,113,2026-10-04T20:19:42+00:00
20261004T202614Z-fc20c6,Q38392,OL21831A,2,/works/OL82870W,The Sound and the Fury,1929,94,2026-10-04T20:19:42+00:00
20261004T202614Z-fc20c6,Q38392,OL21831A,3,/works/OL82931W,Light in August,1931,73,2026-10-04T20:19:42+00:00
20261004T202614Z-fc20c6,Q384293,OL4057169A,1,/works/OL15702773W,Please Look After Mom,2000,21,2026-10-04T20:19:42+00:00
20261004T202614Z-fc20c6,Q384293,OL4057169A,2,/works/OL28681702W,I Went to See My Father,2023,6,2026-10-04T20:19:42+00:00
20261004T202614Z-fc20c6,Q384293,OL4057169A,3,/works/OL10075141W,Paiollet,2001,6,2026-10-04T20:19:42+00:00
20261004T202614Z-fc20c6,Q389454,OL4707037A,1,/works/OL11240388W,Beijing coma,2008,3,2026-10-04T20:19:43+00:00
20261004T202614Z-fc20c6,Q389454,OL4707037A,2,/works/OL11240393W,Red dust,2001,2,2026-10-04T20:19:43+00:00
20261004T202614Z-fc20c6,Q389454,OL4707037A,3,/works/OL15824132W,Stick out your tongue,2006,2,2026-10-04T20:19:43+00:00
20261004T202614Z-fc20c6,Q39212,OL25788A,1,/works/OL23205W,The Grapes of Wrath,1939,321,2026-10-04T20:19:45+00:00
20261004T202614Z-fc20c6,Q39212,OL25788A,2,/works/OL23204W,Of Mice and Men,1937,293,2026-10-04T20:19:45+00:00
20261004T202614Z-fc20c6,Q39212,OL25788A,3,/works/OL7966118W,The Pearl,1945,143,2026-10-04T20:19:45+00:00
20261004T202614Z-fc20c6,Q39803,OL74490A,1,/works/OL857544W,La ciudad y los perros,1963,96,2026-10-04T20:09:44+00:00
20261004T202614Z-fc20c6,Q39803,OL74490A,2,/works/OL857600W,La Fiesta del Chivo,2000,90,2026-10-04T20:09:44+00:00
20261004T202614Z-fc20c6,Q39803,OL74490A,3,/works/OL857541W,La casa verde,1966,87,2026-10-04T20:09:44+00:00
20261004T202614Z-fc20c6,Q39829,OL19981A,1,/works/OL81626W,Carrie,1974,120,2026-10-04T20:20:15+00:00
20261004T202614Z-fc20c6,Q39829,OL19981A,2,/works/OL81632W,'Salem’s Lot,1959,111,2026-10-04T20:20:15+00:00
20261004T202614Z-fc20c6,Q39829,OL19981A,3,/works/OL81634W,Misery,1978,100,2026-10-04T20:20:15+00:00
20261004T202614Z-fc20c6,Q401875,OL96888A,1,/works/OL1018996W,Mahur beste,1975,4,2026-10-04T20:19:46+00:00
20261004T202614Z-fc20c6,Q401875,OL96888A,2,/works/OL1018994W,Huzur,1949,3,2026-10-04T20:19:46+00:00
20261004T202614Z-fc20c6,Q401875,OL96888A,3,/works/OL38626768W,Beş şehir,1960,3,2026-10-04T20:19:46+00:00
20261004T202614Z-fc20c6,Q40213,OL21207A,1,/works/OL308575W,Gitanjali (song offerings),1910,217,2026-10-04T20:19:47+00:00
20261004T202614Z-fc20c6,Q40213,OL21207A,2,/works/OL38847W,Poems,1895,135,2026-10-04T20:19:47+00:00
20261004T202614Z-fc20c6,Q40213,OL21207A,3,/works/OL38845W,The hour-glass,1903,66,2026-10-04T20:19:47+00:00
20261004T202614Z-fc20c6,Q40640,OL24137A,1,/works/OL103123W,Fahrenheit 451,1953,264,2026-10-04T20:19:49+00:00
20261004T202614Z-fc20c6,Q40640,OL24137A,2,/works/OL103134W,The Martian Chronicles,1950,138,2026-10-04T20:19:49+00:00
20261004T202614Z-fc20c6,Q40640,OL24137A,3,/works/OL103128W,The Illustrated Man,1951,82,2026-10-04T20:19:49+00:00
20261004T202614Z-fc20c6,Q40826,OL41785A,1,/works/OL573193W,Sult,1890,154,2026-10-04T20:19:50+00:00
20261004T202614Z-fc20c6,Q40826,OL41785A,2,/works/OL573191W,Markens grøde,1917,114,2026-10-04T20:19:50+00:00
20261004T202614Z-fc20c6,Q40826,OL41785A,3,/works/OL573192W,Pan,1900,96,2026-10-04T20:19:50+00:00
20261004T202614Z-fc20c6,Q40874,OL27709A,1,/works/OL31259W,The Golden Notebook,1962,67,2026-10-04T20:20:14+00:00
20261004T202614Z-fc20c6,Q40874,OL27709A,2,/works/OL31256W,The Grass is Singing,1950,58,2026-10-04T20:20:14+00:00
20261004T202614Z-fc20c6,Q40874,OL27709A,3,/works/OL31257W,Martha Quest,1952,45,2026-10-04T20:20:14+00:00
20261004T202614Z-fc20c6,Q40909,OL19450A,1,/works/OL39396W,To the Lighthouse,1927,521,2026-10-04T20:19:53+00:00
20261004T202614Z-fc20c6,Q40909,OL19450A,2,/works/OL39349W,Mrs. Dalloway,1925,477,2026-10-04T20:19:53+00:00
20261004T202614Z-fc20c6,Q40909,OL19450A,3,/works/OL27064817W,Voyage Out,1915,465,2026-10-04T20:19:53+00:00
20261004T202614Z-fc20c6,Q40939,OL74434A,1,/works/OL15464873W,Agamemnon,1816,145,2026-10-04T20:19:53+00:00
20261004T202614Z-fc20c6,Q40939,OL74434A,2,/works/OL10328829W,Oresteia,1845,133,2026-10-04T20:19:53+00:00
20261004T202614Z-fc20c6,Q40939,OL74434A,3,/works/OL856902W,Prometheus Bound,1559,112,2026-10-04T20:19:53+00:00
20261004T202614Z-fc20c6,Q40946,OL18283A,1,/works/OL45089W,Robinson Crusoe,1686,2420,2026-10-04T20:20:00+00:00
20261004T202614Z-fc20c6,Q40946,OL18283A,2,/works/OL45139W,Moll Flanders,1722,1114,2026-10-04T20:20:00+00:00
20261004T202614Z-fc20c6,Q40946,OL18283A,3,/works/OL45109W,The history of the great plague in London in the year 1665,1722,318,2026-10-04T20:20:00+00:00
20261004T202614Z-fc20c6,Q410,OL450295A,1,/works/OL15829966W,Cosmos,1980,74,2026-10-04T20:19:54+00:00
20261004T202614Z-fc20c6,Q410,OL450295A,2,/works/OL2950903W,Contact,1985,50,2026-10-04T20:19:54+00:00
20261004T202614Z-fc20c6,Q410,OL450295A,3,/works/OL2950942W,The Demon-Haunted World,1995,35,2026-10-04T20:19:54+00:00
20261004T202614Z-fc20c6,Q41166,OL24522A,1,/works/OL20600W,Gulliver's Travels,1726,1810,2026-10-04T20:19:55+00:00
20261004T202614Z-fc20c6,Q41166,OL24522A,2,/works/OL20583W,A tale of a tub,1704,84,2026-10-04T20:19:55+00:00
20261004T202614Z-fc20c6,Q41166,OL24522A,3,/works/OL20590W,Bickerstaff papers,1722,74,2026-10-04T20:19:55+00:00
20261004T202614Z-fc20c6,Q41408,OL3203135A,1,/works/OL10342791W,Romancero gitano (1924-1927),1900,95,2026-10-04T20:19:51+00:00
20261004T202614Z-fc20c6,Q41408,OL3203135A,2,/works/OL10437143W,Bodas de sangre,1944,76,2026-10-04T20:19:51+00:00
20261004T202614Z-fc20c6,Q41408,OL3203135A,3,/works/OL722550W,Poems,1900,64,2026-10-04T20:19:51+00:00
20261004T202614Z-fc20c6,Q41488,OL67096A,1,/works/OL799349W,The man died,1972,11,2026-10-04T20:19:58+00:00
20261004T202614Z-fc20c6,Q41488,OL67096A,2,/works/OL15125398W,Death and the king's horseman,1975,11,2026-10-04T20:19:58+00:00
20261004T202614Z-fc20c6,Q41488,OL67096A,3,/works/OL15125397W,Ake,1982,8,2026-10-04T20:19:58+00:00
20261004T202614Z-fc20c6,Q41502,OL33439A,1,/works/OL503424W,Quo Vadis? Powieść z czasów Nerona,1895,453,2026-10-04T20:19:59+00:00
20261004T202614Z-fc20c6,Q41502,OL33439A,2,/works/OL503489W,W pustyni i w puszczy,1912,153,2026-10-04T20:19:59+00:00
20261004T202614Z-fc20c6,Q41502,OL33439A,3,/works/OL503366W,The deluge,1888,149,2026-10-04T20:19:59+00:00
20261004T202614Z-fc20c6,Q41513,OL41961A,1,/works/OL575443W,Poems,1783,141,2026-10-04T20:20:02+00:00
20261004T202614Z-fc20c6,Q41513,OL41961A,2,/works/OL575442W,Songs of innocence and of experience,1794,52,2026-10-04T20:20:02+00:00
20261004T202614Z-fc20c6,Q41513,OL41961A,3,/works/OL575441W,The marriage of Heaven and Hell,1793,34,2026-10-04T20:20:02+00:00
20261004T202614Z-fc20c6,Q41523,OL58120A,1,/works/OL2521179W,Lives,1564,323,2026-10-04T20:20:02+00:00
20261004T202614Z-fc20c6,Q41523,OL58120A,2,/works/OL723491W,Moralia,1500,211,2026-10-04T20:20:02+00:00
20261004T202614Z-fc20c6,Q41523,OL58120A,3,/works/OL723358W,Plutarchi Vitae parallelae,1478,80,2026-10-04T20:20:02+00:00
20261004T202614Z-fc20c6,Q41683,OL62641A,1,/works/OL16200353W,History of the Peloponnesian War,1526,173,2026-10-04T20:20:03+00:00
20261004T202614Z-fc20c6,Q41683,OL62641A,2,/works/OL762880W,The history of the Peleponnesian war,1545,110,2026-10-04T20:20:03+00:00
20261004T202614Z-fc20c6,Q41683,OL62641A,3,/works/OL39616623W,History of the Peloponnesian War,1840,51,2026-10-04T20:20:03+00:00
20261004T202614Z-fc20c6,Q42,OL272947A,1,/works/OL2163649W,The Hitchhiker's Guide to the Galaxy,1979,130,2026-10-04T20:20:05+00:00
20261004T202614Z-fc20c6,Q42,OL272947A,2,/works/OL2163655W,The Restaurant at the End of the Universe,1980,92,2026-10-04T20:20:05+00:00
20261004T202614Z-fc20c6,Q42,OL272947A,3,/works/OL2163719W,"So long, and thanks for all the fish",1984,74,2026-10-04T20:20:05+00:00
20261004T202614Z-fc20c6,Q42511,OL13066A,1,/works/OL52267W,The Time Machine,1895,1146,2026-10-04T20:20:29+00:00
20261004T202614Z-fc20c6,Q42511,OL13066A,2,/works/OL52266W,The Invisible Man,0,563,2026-10-04T20:20:29+00:00
20261004T202614Z-fc20c6,Q42511,OL13066A,3,/works/OL52114W,The War of the Worlds,0,457,2026-10-04T20:20:29+00:00
20261004T202614Z-fc20c6,Q42552,OL183089A,1,/works/OL1642333W,Poems,1964,11,2026-10-04T20:20:06+00:00
20261004T202614Z-fc20c6,Q42552,OL183089A,2,/works/OL7948604W,Prentice Hall Literature -- Gold,1994,7,2026-10-04T20:20:06+00:00
20261004T202614Z-fc20c6,Q42552,OL183089A,3,/works/OL14997511W,"Prentice Hall Literature--Timeless Voices, Timeless Themes--Gold Level",2002,6,2026-10-04T20:20:06+00:00
20261004T202614Z-fc20c6,Q43293,OL33242A,1,/works/OL500451W,Disgrace,1999,56,2026-10-04T20:20:07+00:00
20261004T202614Z-fc20c6,Q43293,OL33242A,2,/works/OL500452W,Foe,1986,36,2026-10-04T20:20:07+00:00
20261004T202614Z-fc20c6,Q43293,OL33242A,3,/works/OL500388W,Waiting for the Barbarians,1980,30,2026-10-04T20:20:07+00:00
20261004T202614Z-fc20c6,Q43347,OL2659024A,1,/works/OL18993W,Mas̲navī,1851,39,2026-10-04T20:20:10+00:00
20261004T202614Z-fc20c6,Q43347,OL2659024A,2,/works/OL18992W,Dīvān-i Shams-i Tabrīzī,1952,17,2026-10-04T20:20:10+00:00
20261004T202614Z-fc20c6,Q43347,OL2659024A,3,/works/OL18990W,Rumi,1991,14,2026-10-04T20:20:10+00:00
20261004T202614Z-fc20c6,Q43444,OL79039A,1,/works/OL893707W,Madame Bovary,1856,1558,2026-10-04T20:20:10+00:00
20261004T202614Z-fc20c6,Q43444,OL79039A,2,/works/OL893958W,Salammbô,1863,240,2026-10-04T20:20:10+00:00
20261004T202614Z-fc20c6,Q43444,OL79039A,3,/works/OL893802W,L'Éducation sentimentale,1898,162,2026-10-04T20:20:10+00:00
20261004T202614Z-fc20c6,Q43459,OL821316A,1,/works/OL1077765W,Shāhnāmah,1829,39,2026-10-04T20:20:13+00:00
20261004T202614Z-fc20c6,Q43459,OL821316A,2,/works/OL10366976W,Shāhnāmah,1932,22,2026-10-04T20:20:13+00:00
20261004T202614Z-fc20c6,Q43459,OL821316A,3,/works/OL34186971W,Libro Dei Re Poema Epico. Recato Dal Persiano in Versi Italiani Da Italo Pizzi,2022,11,2026-10-04T20:20:13+00:00
20261004T202614Z-fc20c6,Q43736,OL248278A,1,/works/OL2045111W,雪国,1937,64,2026-10-04T20:20:14+00:00
20261004T202614Z-fc20c6,Q43736,OL248278A,2,/works/OL2045109W,山の音,1954,33,2026-10-04T20:20:14+00:00
20261004T202614Z-fc20c6,Q43736,OL248278A,3,/works/OL2045110W,Senbazuru,1955,13,2026-10-04T20:20:14+00:00
20261004T202614Z-fc20c6,Q439761,OL4279328A,1,/works/OL477470W,Obsceno pájaro de la noche,1973,10,2026-10-04T20:20:15+00:00
20261004T202614Z-fc20c6,Q439761,OL4279328A,2,/works/OL477478W,Casa de campo,1978,7,2026-10-04T20:20:15+00:00
20261004T202614Z-fc20c6,Q439761,OL4279328A,3,/works/OL477473W,Desesperanza,1988,7,2026-10-04T20:20:15+00:00
20261004T202614Z-fc20c6,Q44272,OL4346031A,1,/works/OL26841W,Discipline and Punish,1975,30,2026-10-04T20:20:18+00:00
20261004T202614Z-fc20c6,Q44272,OL4346031A,2,/works/OL8971623W,"L'histoire de la sexualité, t.1",1976,27,2026-10-04T20:20:18+00:00
20261004T202614Z-fc20c6,Q44272,OL4346031A,3,/works/OL26873W,Histoire de la sexualité,1976,23,2026-10-04T20:20:18+00:00
20261004T202614Z-fc20c6,Q442829,OL6384107A,1,/works/OL877145W,Poesia Completa II,2002,3,2026-10-04T20:20:18+00:00
20261004T202614Z-fc20c6,Q442829,OL6384107A,2,/works/OL13515871W,Cuentas dificiles. Antología,2000,2,2026-10-04T20:20:18+00:00
20261004T202614Z-fc20c6,Q442829,OL6384107A,3,/works/OL27294834W,Ceux qui aiment haïssent,1989,1,2026-10-04T20:20:18+00:00
20261004T202614Z-fc20c6,Q442931,OL2832587A,1,/works/OL17801706W,Solenoid,2015,20,2026-10-04T20:20:31+00:00
20261004T202614Z-fc20c6,Q442931,OL2832587A,2,/works/OL21695266W,Nostalgia,2000,3,2026-10-04T20:20:31+00:00
20261004T202614Z-fc20c6,Q442931,OL2832587A,3,/works/OL15996625W,Nostalgia,2005,3,2026-10-04T20:20:31+00:00
20261004T202614Z-fc20c6,Q44306,OL26769A,1,/works/OL457179W,Midnight's Children,1981,86,2026-10-04T20:20:22+00:00
20261004T202614Z-fc20c6,Q44306,OL26769A,2,/works/OL457175W,The Satanic Verses,1988,61,2026-10-04T20:20:22+00:00
20261004T202614Z-fc20c6,Q44306,OL26769A,3,/works/OL457172W,Haroun and the Sea of Stories,1990,47,2026-10-04T20:20:22+00:00
20261004T202614Z-fc20c6,Q44331,OL18374A,1,/works/OL61425W,Casanovas Heimfahrt,1900,94,2026-10-04T20:20:22+00:00
20261004T202614Z-fc20c6,Q44331,OL18374A,2,/works/OL61422W,Reigen,1903,24,2026-10-04T20:20:22+00:00
20261004T202614Z-fc20c6,Q44331,OL18374A,3,/works/OL61420W,Anatol,1901,16,2026-10-04T20:20:22+00:00
20261004T202614Z-fc20c6,Q443403,OL4280630A,1,/works/OL10341099W,Castilla,1912,6,2026-10-04T20:20:31+00:00
20261004T202614Z-fc20c6,Q443403,OL4280630A,2,/works/OL10341100W,Doña Inés,1925,6,2026-10-04T20:20:31+00:00
20261004T202614Z-fc20c6,Q443403,OL4280630A,3,/works/OL10341101W,La ruta de Don Quijote,1905,6,2026-10-04T20:20:31+00:00
20261004T202614Z-fc20c6,Q44403,OL113829A,1,/works/OL579128W,Der Fliegende Holländer,1856,94,2026-10-04T20:20:26+00:00
20261004T202614Z-fc20c6,Q44403,OL113829A,2,/works/OL1103525W,Buch der Lieder,1800,46,2026-10-04T20:20:26+00:00
20261004T202614Z-fc20c6,Q44403,OL113829A,3,/works/OL1103522W,Sämtliche Schriften,1968,40,2026-10-04T20:20:26+00:00
20261004T202614Z-fc20c6,Q4441,OL19512A,1,/works/OL51381W,The Poems of Emily Dickinson Volume II,1890,151,2026-10-04T20:20:26+00:00
20261004T202614Z-fc20c6,Q4441,OL19512A,2,/works/OL51380W,Letters of Emily Dickinson,1894,19,2026-10-04T20:20:26+00:00
20261004T202614Z-fc20c6,Q4441,OL19512A,3,/works/OL44866487W,The seasons,1793,16,2026-10-04T20:20:26+00:00
20261004T202614Z-fc20c6,Q44461,OL236174A,1,/works/OL1966488W,The Selfish Gene,1976,42,2026-10-04T20:20:27+00:00
20261004T202614Z-fc20c6,Q44461,OL236174A,2,/works/OL1966485W,The God Delusion,2001,34,2026-10-04T20:20:27+00:00
20261004T202614Z-fc20c6,Q44461,OL236174A,3,/works/OL1966501W,The Blind Watchmaker,1986,28,2026-10-04T20:20:27+00:00
20261004T202614Z-fc20c6,Q44519,OL49700A,1,/works/OL644990W,Nils Holgerssons underbara resa genom Sverige,1907,68,2026-10-04T20:20:30+00:00
20261004T202614Z-fc20c6,Q44519,OL49700A,2,/works/OL24409927W,Jerusalem,2008,29,2026-10-04T20:20:30+00:00
20261004T202614Z-fc20c6,Q44519,OL49700A,3,/works/OL15230752W,Gösta Berling's saga,1891,22,2026-10-04T20:20:30+00:00
20261004T202614Z-fc20c6,Q44575,OL55059A,1,/works/OL698173W,Las venas abiertas de América Latina,1971,48,2026-10-04T20:20:30+00:00
20261004T202614Z-fc20c6,Q44575,OL55059A,2,/works/OL264349W,Dias y noches de amor y de guerra,1978,31,2026-10-04T20:20:30+00:00
20261004T202614Z-fc20c6,Q44575,OL55059A,3,/works/OL264352W,Football in Sun and Shadow,1995,29,2026-10-04T20:20:30+00:00
20261004T202614Z-fc20c6,Q448,OL16944A,1,/works/OL74826W,Le neveu de Rameau,1862,50,2026-10-04T20:20:34+00:00
20261004T202614Z-fc20c6,Q448,OL16944A,2,/works/OL74825W,La religieuse,1758,38,2026-10-04T20:20:34+00:00
20261004T202614Z-fc20c6,Q448,OL16944A,3,/works/OL74824W,Jacques le fataliste et son maître,1946,33,2026-10-04T20:20:34+00:00
20261004T202614Z-fc20c6,Q450335,OL2786532A,1,/works/OL8366182W,Sefarad,2001,31,2026-10-04T20:20:34+00:00
20261004T202614Z-fc20c6,Q450335,OL2786532A,2,/works/OL704391W,El jinete polaco,1991,28,2026-10-04T20:20:34+00:00
20261004T202614Z-fc20c6,Q450335,OL2786532A,3,/works/OL704393W,Plenilunio,1997,22,2026-10-04T20:20:34+00:00
20261004T202614Z-fc20c6,Q45546,OL26159A,1,/works/OL26386W,Poems,1807,372,2026-10-04T20:20:35+00:00
20261004T202614Z-fc20c6,Q45546,OL26159A,2,/works/OL26385W,Lyrical Ballads,1798,73,2026-10-04T20:20:35+00:00
20261004T202614Z-fc20c6,Q45546,OL26159A,3,/works/OL26384W,The prelude,1850,69,2026-10-04T20:20:35+00:00
20261004T202614Z-fc20c6,Q455703,OL161946A,1,/works/OL1525650W,Iracema,1886,57,2026-10-04T20:20:38+00:00
20261004T202614Z-fc20c6,Q455703,OL161946A,2,/works/OL1525639W,O guarani,1864,35,2026-10-04T20:20:38+00:00
20261004T202614Z-fc20c6,Q455703,OL161946A,3,/works/OL1525628W,Senhora,1900,29,2026-10-04T20:20:38+00:00
20261004T202614Z-fc20c6,Q455930,OL6587711A,1,/works/OL20835348W,夏物語,2013,18,2026-10-04T20:20:44+00:00
20261004T202614Z-fc20c6,Q455930,OL6587711A,2,/works/OL19935072W,ヘヴン,2012,11,2026-10-04T20:20:44+00:00
20261004T202614Z-fc20c6,Q455930,OL6587711A,3,/works/OL24800864W,すべて真夜中の恋人たち,2011,8,2026-10-04T20:20:44+00:00
20261004T202614Z-fc20c6,Q457608,OL1394865A,1,/works/OL5738148W,The Final Empire,2001,45,2026-10-04T20:20:39+00:00
20261004T202614Z-fc20c6,Q457608,OL1394865A,2,/works/OL5738150W,The Well of Ascension,2007,36,2026-10-04T20:20:39+00:00
20261004T202614Z-fc20c6,Q457608,OL1394865A,3,/works/OL5738147W,Elantris,2005,33,2026-10-04T20:20:39+00:00
20261004T202614Z-fc20c6,Q45765,OL44633A,1,/works/OL14942956W,The Call of the Wild,1903,1700,2026-10-04T20:20:57+00:00
20261004T202614Z-fc20c6,Q45765,OL44633A,2,/works/OL74502W,The Iron Heel,1907,597,2026-10-04T20:20:57+00:00
20261004T202614Z-fc20c6,Q45765,OL44633A,3,/works/OL144821W,Burning Daylight,1910,405,2026-10-04T20:20:57+00:00
20261004T202614Z-fc20c6,Q4583,OL446842A,1,/works/OL266178W,Het Achterhuis,1944,294,2026-10-04T20:20:42+00:00
20261004T202614Z-fc20c6,Q4583,OL446842A,2,/works/OL2931419W,Verhaaltjes en gebeurtenissen uit het Achterhuis,1962,23,2026-10-04T20:20:42+00:00
20261004T202614Z-fc20c6,Q4583,OL446842A,3,/works/OL5259772W,The Diary of Anne Frank,1956,20,2026-10-04T20:20:42+00:00
20261004T202614Z-fc20c6,Q458403,OL39017A,1,/works/OL17340134W,SPQR,2015,16,2026-10-04T20:20:42+00:00
20261004T202614Z-fc20c6,Q458403,OL39017A,2,/works/OL548441W,Classics,1995,4,2026-10-04T20:20:42+00:00
20261004T202614Z-fc20c6,Q458403,OL39017A,3,/works/OL21455889W,Colosseum,2006,4,2026-10-04T20:20:42+00:00
20261004T202614Z-fc20c6,Q45970,OL44091A,1,/works/OL136064W,Zniewolony umysł,1900,36,2026-10-04T20:20:43+00:00
20261004T202614Z-fc20c6,Q45970,OL44091A,2,/works/OL136062W,Poems,1980,14,2026-10-04T20:20:43+00:00
20261004T202614Z-fc20c6,Q45970,OL44091A,3,/works/OL136063W,Zdobycie władzy,1955,13,2026-10-04T20:20:43+00:00
20261004T202614Z-fc20c6,Q460109,OL145950A,1,/works/OL10788926W,Últimas tardes con Teresa,1966,34,2026-10-04T20:20:58+00:00
20261004T202614Z-fc20c6,Q460109,OL145950A,2,/works/OL1413203W,Si te dicen que caí,1973,29,2026-10-04T20:20:58+00:00
20261004T202614Z-fc20c6,Q460109,OL145950A,3,/works/OL1413201W,Rabos de lagartija,2000,15,2026-10-04T20:20:58+00:00
20261004T202614Z-fc20c6,Q4604,OL40315A,1,/works/OL15335450W,Lun yu,1750,103,2026-10-04T20:20:46+00:00
20261004T202614Z-fc20c6,Q4604,OL40315A,2,/works/OL9056207W,Lunyu,1904,54,2026-10-04T20:20:46+00:00
20261004T202614Z-fc20c6,Q4604,OL40315A,3,/works/OL15335448W,Confucian analects,1895,11,2026-10-04T20:20:46+00:00
20261004T202614Z-fc20c6,Q461675,OL351778A,1,/works/OL2504658W,The Joys of Motherhood,1979,19,2026-10-04T20:20:47+00:00
20261004T202614Z-fc20c6,Q461675,OL351778A,2,/works/OL2504665W,Second Class Citizen,1974,19,2026-10-04T20:20:47+00:00
20261004T202614Z-fc20c6,Q461675,OL351778A,3,/works/OL2504651W,The Bride Price,1976,11,2026-10-04T20:20:47+00:00
20261004T202614Z-fc20c6,Q46248,OL25712A,1,/works/OL453657W,The Colour of Magic,1983,93,2026-10-04T20:20:49+00:00
20261004T202614Z-fc20c6,Q46248,OL25712A,2,/works/OL453936W,Good Omens,1990,73,2026-10-04T20:20:49+00:00
20261004T202614Z-fc20c6,Q46248,OL25712A,3,/works/OL453658W,Mort,1987,61,2026-10-04T20:20:49+00:00
20261004T202614Z-fc20c6,Q463334,OL1513661A,1,/works/OL6026235W,Zhongguo hao nü ren,2002,11,2026-10-04T20:20:50+00:00
20261004T202614Z-fc20c6,Q463334,OL1513661A,2,/works/OL6026234W,Sky Burial,2004,6,2026-10-04T20:20:50+00:00
20261004T202614Z-fc20c6,Q463334,OL1513661A,3,/works/OL6026232W,Miss Chopsticks,2007,4,2026-10-04T20:20:50+00:00
20261004T202614Z-fc20c6,Q464264,OL123396A,1,/works/OL1222345W,Cantares gallegos,1863,11,2026-10-04T20:09:50+00:00
20261004T202614Z-fc20c6,Q464264,OL123396A,2,/works/OL1222346W,Follas novas,1880,11,2026-10-04T20:09:50+00:00
20261004T202614Z-fc20c6,Q464264,OL123396A,3,/works/OL1222344W,Poems,1964,8,2026-10-04T20:09:50+00:00
20261004T202614Z-fc20c6,Q464394,OL2885219A,1,/works/OL25803681W,Let Us Believe in the Beginning of the Cold Season,2022,2,2026-10-04T20:20:54+00:00
20261004T202614Z-fc20c6,Q464394,OL2885219A,2,/works/OL4423251W,A Conversation with Modern Persian Poets,2004,2,2026-10-04T20:20:54+00:00
20261004T202614Z-fc20c6,Q464394,OL2885219A,3,/works/OL9291120W,Another Birth,1981,1,2026-10-04T20:20:54+00:00
20261004T202614Z-fc20c6,Q465208,OL240991A,1,/works/OL2001058W,Interpreter of Maladies,1999,29,2026-10-04T20:20:54+00:00
20261004T202614Z-fc20c6,Q465208,OL240991A,2,/works/OL2001056W,El Buen Nombre (Lingua Franca),2003,27,2026-10-04T20:20:54+00:00
20261004T202614Z-fc20c6,Q465208,OL240991A,3,/works/OL16807296W,The Lowland,2013,19,2026-10-04T20:20:54+00:00
20261004T202614Z-fc20c6,Q465700,OL27119A,1,/works/OL16547664W,Bring Up the Bodies,2012,55,2026-10-04T20:20:55+00:00
20261004T202614Z-fc20c6,Q465700,OL27119A,2,/works/OL464512W,Wolf Hall,2009,43,2026-10-04T20:20:55+00:00
20261004T202614Z-fc20c6,Q465700,OL27119A,3,/works/OL20665410W,The Mirror and the Light,2020,26,2026-10-04T20:20:55+00:00
20261004T202614Z-fc20c6,Q46706,OL52830A,1,/works/OL674690W,Le rhinocéros,1959,50,2026-10-04T20:20:57+00:00
20261004T202614Z-fc20c6,Q46706,OL52830A,2,/works/OL15843687W,La cantatrice chauve,1954,10,2026-10-04T20:20:57+00:00
20261004T202614Z-fc20c6,Q46706,OL52830A,3,/works/OL7283744W,Macbett,1973,9,2026-10-04T20:20:57+00:00
20261004T202614Z-fc20c6,Q46739,OL60534A,1,/works/OL39387W,Essays,1947,40,2026-10-04T20:20:58+00:00
20261004T202614Z-fc20c6,Q46739,OL60534A,2,/works/OL2027432W,Rufino Tamayo,1934,36,2026-10-04T20:20:58+00:00
20261004T202614Z-fc20c6,Q46739,OL60534A,3,/works/OL3619682W,Joseph Cornell,1967,23,2026-10-04T20:20:58+00:00
20261004T202614Z-fc20c6,Q467869,OL2624297A,1,/works/OL265620W,The Yacoubian Building,2005,7,2026-10-04T20:20:59+00:00
20261004T202614Z-fc20c6,Q467869,OL2624297A,2,/works/OL15184515W,Friendly Fire,2009,3,2026-10-04T20:20:59+00:00
20261004T202614Z-fc20c6,Q467869,OL2624297A,3,/works/OL27094511W,Chicago,2008,1,2026-10-04T20:20:59+00:00
20261004T202614Z-fc20c6,Q47087,OL2623461A,1,/works/OL17365W,2001,1968,117,2026-10-04T20:21:01+00:00
20261004T202614Z-fc20c6,Q47087,OL2623461A,2,/works/OL17415W,Childhood’s End,1952,81,2026-10-04T20:21:01+00:00
20261004T202614Z-fc20c6,Q47087,OL2623461A,3,/works/OL17417W,Rendezvous with Rama,1973,60,2026-10-04T20:21:01+00:00
20261004T202614Z-fc20c6,Q47152,OL25342A,1,/works/OL450063W,"Frankenstein; or, The Modern Prometheus",1818,2187,2026-10-04T20:21:02+00:00
20261004T202614Z-fc20c6,Q47152,OL25342A,2,/works/OL85875W,Bram Stoker's Dracula omnibus,1897,598,2026-10-04T20:21:02+00:00
20261004T202614Z-fc20c6,Q47152,OL25342A,3,/works/OL450124W,The Last Man,1826,430,2026-10-04T20:21:02+00:00
20261004T202614Z-fc20c6,Q47243,OL35503A,1,/works/OL72168W,Die Klavierspielerin,1983,12,2026-10-04T20:21:02+00:00
20261004T202614Z-fc20c6,Q47243,OL35503A,2,/works/OL72151W,Gier,2000,9,2026-10-04T20:21:02+00:00
20261004T202614Z-fc20c6,Q47243,OL35503A,3,/works/OL72165W,Die Liebhaberinnen,1975,8,2026-10-04T20:21:02+00:00
20261004T202614Z-fc20c6,Q4755130,OL6729929A,1,/works/OL15302005W,The rainbow troops,2009,5,2026-10-04T20:21:05+00:00
20261004T202614Z-fc20c6,Q4755130,OL6729929A,2,/works/OL16990336W,Cinta di dalam gelas,2010,2,2026-10-04T20:21:05+00:00
20261004T202614Z-fc20c6,Q4755130,OL6729929A,3,/works/OL29632125W,Sirkus Pohon,2017,1,2026-10-04T20:21:05+00:00
20261004T202614Z-fc20c6,Q47561,OL6287601A,1,/works/OL258416W,На Дрини ћуприја (Na Drini ćuprija),1946,81,2026-10-04T20:21:06+00:00
20261004T202614Z-fc20c6,Q47561,OL6287601A,2,/works/OL781103W,Prokleta avlija,1965,8,2026-10-04T20:21:06+00:00
20261004T202614Z-fc20c6,Q47561,OL6287601A,3,/works/OL20263611W,Bosnian Chronicle,1963,7,2026-10-04T20:21:06+00:00
20261004T202614Z-fc20c6,Q47619,OL20580A,1,/works/OL118280W,The Conservationist,1974,23,2026-10-04T20:21:06+00:00
20261004T202614Z-fc20c6,Q47619,OL20580A,2,/works/OL10471901W,July's people,1981,15,2026-10-04T20:21:06+00:00
20261004T202614Z-fc20c6,Q47619,OL20580A,3,/works/OL118281W,My son's story,1990,11,2026-10-04T20:21:06+00:00
20261004T202614Z-fc20c6,Q47737,OL2890A,1,/works/OL318900W,The Prophet,1923,570,2026-10-04T20:21:13+00:00
20261004T202614Z-fc20c6,Q47737,OL2890A,2,/works/OL318899W,Ajniḥah al-mutakassirah,1912,88,2026-10-04T20:21:13+00:00
20261004T202614Z-fc20c6,Q47737,OL2890A,3,/works/OL318893W,SPIRITS REBELLIOUS,1908,68,2026-10-04T20:21:13+00:00
20261004T202614Z-fc20c6,Q47755,OL382648A,1,/works/OL2626448W,Sorstalanság,1975,31,2026-10-04T20:21:21+00:00
20261004T202614Z-fc20c6,Q47755,OL382648A,2,/works/OL8470857W,Detective story,2008,4,2026-10-04T20:21:21+00:00
20261004T202614Z-fc20c6,Q47755,OL382648A,3,/works/OL8470880W,Gályanapló,1999,4,2026-10-04T20:21:21+00:00
20261004T202614Z-fc20c6,Q48226,OL18405A,1,/works/OL62250W,Essays,1800,133,2026-10-04T20:21:10+00:00
20261004T202614Z-fc20c6,Q48226,OL18405A,2,/works/OL62248W,Representative men,1800,62,2026-10-04T20:21:10+00:00
20261004T202614Z-fc20c6,Q48226,OL18405A,3,/works/OL62247W,Poems,1847,51,2026-10-04T20:21:10+00:00
20261004T202614Z-fc20c6,Q48305,OL21589A,1,/works/OL66501W,Medea,1703,157,2026-10-04T20:21:10+00:00
20261004T202614Z-fc20c6,Q48305,OL21589A,2,/works/OL10306674W,Bacchae,1821,127,2026-10-04T20:21:10+00:00
20261004T202614Z-fc20c6,Q48305,OL21589A,3,/works/OL10306672W,Alcestis,1818,111,2026-10-04T20:21:10+00:00
20261004T202614Z-fc20c6,Q484947,OL3965312A,1,/works/OL24489256W,"SHIM CHONG, FILLE VENDUE",2010,1,2026-10-04T20:21:11+00:00
20261004T202614Z-fc20c6,Q484947,OL3965312A,2,/works/OL10000289W,Monsieur Han,2002,1,2026-10-04T20:21:11+00:00
20261004T202614Z-fc20c6,Q484947,OL3965312A,3,/works/OL35704626W,Princess Bari,2015,1,2026-10-04T20:21:11+00:00
20261004T202614Z-fc20c6,Q49074,OL20187A,1,/works/OL98459W,Slaughterhouse-Five,1956,141,2026-10-04T20:21:14+00:00
20261004T202614Z-fc20c6,Q49074,OL20187A,2,/works/OL98454W,Cat's Cradle,1963,87,2026-10-04T20:21:14+00:00
20261004T202614Z-fc20c6,Q49074,OL20187A,3,/works/OL98484W,Player Piano,1952,70,2026-10-04T20:21:14+00:00
20261004T202614Z-fc20c6,Q4985,OL29497A,1,/works/OL102749W,Moby Dick,1851,1115,2026-10-04T20:21:14+00:00
20261004T202614Z-fc20c6,Q4985,OL29497A,2,/works/OL102748W,Typee,1840,216,2026-10-04T20:21:14+00:00
20261004T202614Z-fc20c6,Q4985,OL29497A,3,/works/OL102721W,The Confidence Man,1857,100,2026-10-04T20:21:14+00:00
20261004T202614Z-fc20c6,Q504,OL32772A,1,/works/OL118986W,Germinal,1885,147,2026-10-04T20:21:18+00:00
20261004T202614Z-fc20c6,Q504,OL32772A,2,/works/OL118984W,Nana,1880,118,2026-10-04T20:21:18+00:00
20261004T202614Z-fc20c6,Q504,OL32772A,3,/works/OL118933W,La terre,1887,89,2026-10-04T20:21:18+00:00
20261004T202614Z-fc20c6,Q509662,OL218462A,1,/works/OL17619932W,The Underground Railroad,2000,39,2026-10-04T20:21:18+00:00
20261004T202614Z-fc20c6,Q509662,OL218462A,2,/works/OL20072032W,The Nickel Boys,2019,17,2026-10-04T20:21:18+00:00
20261004T202614Z-fc20c6,Q509662,OL218462A,3,/works/OL24151553W,Harlem Shuffle,2021,15,2026-10-04T20:21:18+00:00
20261004T202614Z-fc20c6,Q512062,OL565295A,1,/works/OL3428975W,Sátántangó,1985,14,2026-10-04T20:21:34+00:00
20261004T202614Z-fc20c6,Q512062,OL565295A,2,/works/OL3428973W,Az ellenállás melankóliája,1989,10,2026-10-04T20:21:34+00:00
20261004T202614Z-fc20c6,Q512062,OL565295A,3,/works/OL3428977W,Háború és háború,1999,9,2026-10-04T20:21:34+00:00
20261004T202614Z-fc20c6,Q535,OL107571A,1,/works/OL1063588W,Les Misérables,1862,526,2026-10-04T20:21:22+00:00
20261004T202614Z-fc20c6,Q535,OL107571A,2,/works/OL15202030W,Notre Dame de Paris,1831,265,2026-10-04T20:21:22+00:00
20261004T202614Z-fc20c6,Q535,OL107571A,3,/works/OL15202029W,Quatrevingt-treize,1800,141,2026-10-04T20:21:22+00:00
20261004T202614Z-fc20c6,Q5359012,OL4211064A,1,/works/OL15394173W,Celia en la revolución,1987,2,2026-10-04T20:21:23+00:00
20261004T202614Z-fc20c6,Q5359012,OL4211064A,2,/works/OL10251901W,Celia En El Mundo,2006,1,2026-10-04T20:21:23+00:00
20261004T202614Z-fc20c6,Q5359012,OL4211064A,3,/works/OL10251902W,Celia novelista,2007,1,2026-10-04T20:21:23+00:00
20261004T202614Z-fc20c6,Q5360799,OL3031163A,1,/works/OL17771503W,The Idiot,1969,15,2026-10-04T20:21:26+00:00
20261004T202614Z-fc20c6,Q5360799,OL3031163A,2,/works/OL13826492W,The Possessed,2010,12,2026-10-04T20:21:26+00:00
20261004T202614Z-fc20c6,Q5360799,OL3031163A,3,/works/OL25808022W,Either/or,2022,9,2026-10-04T20:21:26+00:00
20261004T202614Z-fc20c6,Q55767,OL24950A,1,/works/OL14872925W,Pippi Långstrump,1945,116,2026-10-04T20:21:27+00:00
20261004T202614Z-fc20c6,Q55767,OL24950A,2,/works/OL270476W,"Mio, min Mio",1956,39,2026-10-04T20:21:27+00:00
20261004T202614Z-fc20c6,Q55767,OL24950A,3,/works/OL14872944W,Pippi Långstrump går ombord,1946,35,2026-10-04T20:21:27+00:00
20261004T202614Z-fc20c6,Q558252,OL18929A,1,/works/OL110978W,Po-on,1984,5,2026-10-04T20:21:30+00:00
20261004T202614Z-fc20c6,Q558252,OL18929A,2,/works/OL110976W,Tree,1983,3,2026-10-04T20:21:30+00:00
20261004T202614Z-fc20c6,Q558252,OL18929A,3,/works/OL110977W,The Pretenders,1966,3,2026-10-04T20:21:30+00:00
20261004T202614Z-fc20c6,Q558950,OL655333A,1,/works/OL3737122W,A vida verdadeira de Domingos Xavier,1974,12,2026-10-04T20:21:30+00:00
20261004T202614Z-fc20c6,Q558950,OL655333A,2,/works/OL3737104W,João Vêncio,1979,8,2026-10-04T20:21:30+00:00
20261004T202614Z-fc20c6,Q558950,OL655333A,3,/works/OL3737123W,Luuanda,1965,8,2026-10-04T20:21:30+00:00
20261004T202614Z-fc20c6,Q561434,OL454048A,1,/works/OL2970107W,Mawsim al-hijrah ilá al-shamāl,1969,32,2026-10-04T20:21:31+00:00
20261004T202614Z-fc20c6,Q561434,OL454048A,2,/works/OL2970105W,ʻUrs al-Zayn wa-sabʻ qiṣaṣ,1968,13,2026-10-04T20:21:31+00:00
20261004T202614Z-fc20c6,Q561434,OL454048A,3,/works/OL21236953W,"Nationalism, Islam and World Literature",2006,7,2026-10-04T20:21:31+00:00
20261004T202614Z-fc20c6,Q5646626,OL2671323A,1,/works/OL17334243W,채식주의자,2007,28,2026-10-04T20:21:31+00:00
20261004T202614Z-fc20c6,Q5646626,OL2671323A,2,/works/OL17764836W,소년이 온다,2014,13,2026-10-04T20:21:31+00:00
20261004T202614Z-fc20c6,Q5646626,OL2671323A,3,/works/OL20034706W,흰,2016,11,2026-10-04T20:21:31+00:00
20261004T202614Z-fc20c6,Q5673,OL25931A,1,/works/OL16249171W,Hans Andersen's Fairy Tales,1846,298,2026-10-04T20:21:33+00:00
20261004T202614Z-fc20c6,Q5673,OL25931A,2,/works/OL25397W,Fairy Tales and Stories,1850,145,2026-10-04T20:21:33+00:00
20261004T202614Z-fc20c6,Q5673,OL25931A,3,/works/OL15155002W,The Ugly Duckling,1851,122,2026-10-04T20:21:33+00:00
20261004T202614Z-fc20c6,Q5679,OL113143A,1,/works/OL1092571W,Poems,1800,72,2026-10-04T20:21:34+00:00
20261004T202614Z-fc20c6,Q5679,OL113143A,2,/works/OL1092579W,Don Juan,1819,69,2026-10-04T20:21:34+00:00
20261004T202614Z-fc20c6,Q5679,OL113143A,3,/works/OL1092578W,The works of Lord Byron,1800,63,2026-10-04T20:21:34+00:00
20261004T202614Z-fc20c6,Q5682,OL66452A,1,/works/OL503666W,Don Quijote de la Mancha,1600,1595,2026-10-04T20:21:29+00:00
20261004T202614Z-fc20c6,Q5682,OL66452A,2,/works/OL273392W,Novelas ejemplares,1626,237,2026-10-04T20:21:29+00:00
20261004T202614Z-fc20c6,Q5682,OL66452A,3,/works/OL284900W,Entremeses,1868,66,2026-10-04T20:21:29+00:00
20261004T202614Z-fc20c6,Q5683,OL37436A,1,/works/OL531767W,The Canterbury Tales,1478,722,2026-10-04T20:21:36+00:00
20261004T202614Z-fc20c6,Q5683,OL37436A,2,/works/OL279290W,Troilus and Criseyde,1483,143,2026-10-04T20:21:36+00:00
20261004T202614Z-fc20c6,Q5683,OL37436A,3,/works/OL531670W,Poems,1800,86,2026-10-04T20:21:36+00:00
20261004T202614Z-fc20c6,Q5685,OL19677A,1,/works/OL55527W,Дядя Ваня,1897,222,2026-10-04T20:21:50+00:00
20261004T202614Z-fc20c6,Q5685,OL19677A,2,/works/OL55403W,Чайка,1915,208,2026-10-04T20:21:50+00:00
20261004T202614Z-fc20c6,Q5685,OL19677A,3,/works/OL55417W,Вишневый сад,1918,152,2026-10-04T20:21:50+00:00
20261004T202614Z-fc20c6,Q5686,OL24638A,1,/works/OL32466W,A Christmas Carol,1843,3196,2026-10-04T20:21:39+00:00
20261004T202614Z-fc20c6,Q5686,OL24638A,2,/works/OL8193478W,Oliver Twist,1822,2211,2026-10-04T20:21:39+00:00
20261004T202614Z-fc20c6,Q5686,OL24638A,3,/works/OL8193465W,A Tale of Two Cities,1800,2059,2026-10-04T20:21:39+00:00
20261004T202614Z-fc20c6,Q57382,OL61330A,1,/works/OL751408W,Der geteilte Himmel,1964,42,2026-10-04T20:21:41+00:00
20261004T202614Z-fc20c6,Q57382,OL61330A,2,/works/OL751404W,Nachdenken über Christa T.,1968,37,2026-10-04T20:21:41+00:00
20261004T202614Z-fc20c6,Q57382,OL61330A,3,/works/OL751414W,Kein Ort. Nirgends,1979,27,2026-10-04T20:21:41+00:00
20261004T202614Z-fc20c6,Q57971,OL83365A,1,/works/OL941669W,Tintenherz,2003,70,2026-10-04T20:21:54+00:00
20261004T202614Z-fc20c6,Q57971,OL83365A,2,/works/OL941674W,Herr der Diebe,2000,49,2026-10-04T20:21:54+00:00
20261004T202614Z-fc20c6,Q57971,OL83365A,3,/works/OL941672W,Drachenreiter,2000,38,2026-10-04T20:21:54+00:00
20261004T202614Z-fc20c6,Q5878,OL27363A,1,/works/OL274505W,Cien años de soledad,1967,208,2026-10-04T20:21:36+00:00
20261004T202614Z-fc20c6,Q5878,OL27363A,2,/works/OL274518W,El amor en los tiempos del cólera,1985,130,2026-10-04T20:21:36+00:00
20261004T202614Z-fc20c6,Q5878,OL27363A,3,/works/OL274574W,Crónica de una muerte anunciada,1980,100,2026-10-04T20:21:36+00:00
20261004T202614Z-fc20c6,Q5879,OL13193A,1,/works/OL52456W,Faust,1800,621,2026-10-04T20:21:43+00:00
20261004T202614Z-fc20c6,Q5879,OL13193A,2,/works/OL52556W,Die Leiden des jungen Werthers,1779,246,2026-10-04T20:21:43+00:00
20261004T202614Z-fc20c6,Q5879,OL13193A,3,/works/OL15369501W,Gedichte,1700,136,2026-10-04T20:21:43+00:00
20261004T202614Z-fc20c6,Q5997426,OL318873A,1,/works/OL17638650W,Los peligros de fumar en la cama,2009,31,2026-10-04T20:21:43+00:00
20261004T202614Z-fc20c6,Q5997426,OL318873A,2,/works/OL17319533W,Las cosas que perdimos en el fuego,2016,12,2026-10-04T20:21:43+00:00
20261004T202614Z-fc20c6,Q5997426,OL318873A,3,/works/OL20901051W,Nuestra parte de noche,2019,10,2026-10-04T20:21:43+00:00
20261004T202614Z-fc20c6,Q60025,OL142235A,1,/works/OL10460640W,The Origins of Totalitarianism,1951,64,2026-10-04T20:21:56+00:00
20261004T202614Z-fc20c6,Q60025,OL142235A,2,/works/OL1386647W,Eichmann in Jerusalem,1963,53,2026-10-04T20:21:56+00:00
20261004T202614Z-fc20c6,Q60025,OL142235A,3,/works/OL10460639W,On revolution,1956,44,2026-10-04T20:21:56+00:00
20261004T202614Z-fc20c6,Q60713260,OL7836616A,1,/works/OL20670294W,"Kim Jiyoung, Born 1982",2019,6,2026-10-04T20:21:45+00:00
20261004T202614Z-fc20c6,Q60713260,OL7836616A,2,/works/OL27809888W,Saha,2022,1,2026-10-04T20:21:45+00:00
20261004T202614Z-fc20c6,Q60713260,OL7836616A,3,/works/OL24242396W,"Kim Jiyoung, Born 1982",2020,1,2026-10-04T20:21:45+00:00
20261004T202614Z-fc20c6,Q607588,OL7044246A,1,/works/OL17267881W,三体,2008,44,2026-10-04T20:21:46+00:00
20261004T202614Z-fc20c6,Q607588,OL7044246A,2,/works/OL16314245W,The Dark Forest (The Three-Body Problem Series Book 2),2008,31,2026-10-04T20:21:46+00:00
20261004T202614Z-fc20c6,Q607588,OL7044246A,3,/works/OL17610507W,Death's End (The Three-Body Problem Series Book 3),2010,27,2026-10-04T20:21:46+00:00
20261004T202614Z-fc20c6,Q609317,OL50998A,1,/works/OL17518164W,Boyhood Island,2013,11,2026-10-04T20:21:46+00:00
20261004T202614Z-fc20c6,Q609317,OL50998A,2,/works/OL25282920W,Morning Star,2021,7,2026-10-04T20:21:46+00:00
20261004T202614Z-fc20c6,Q609317,OL50998A,3,/works/OL20046305W,Home and away,2016,7,2026-10-04T20:21:46+00:00
20261004T202614Z-fc20c6,Q610522,OL1431656A,1,/works/OL20749163W,"Hold Your Breath, China",2020,4,2026-10-04T20:21:47+00:00
20261004T202614Z-fc20c6,Q610522,OL1431656A,2,/works/OL5838518W,When red is black,2004,4,2026-10-04T20:21:47+00:00
20261004T202614Z-fc20c6,Q610522,OL1431656A,3,/works/OL5838517W,Muerte de una heroína roja,2000,4,2026-10-04T20:21:47+00:00
20261004T202614Z-fc20c6,Q6197,OL20088A,1,/works/OL88208W,Q. Horatii Flacci opera,1498,248,2026-10-04T20:21:48+00:00
20261004T202614Z-fc20c6,Q6197,OL20088A,2,/works/OL88217W,Carmina,1712,183,2026-10-04T20:21:48+00:00
20261004T202614Z-fc20c6,Q6197,OL20088A,3,/works/OL88216W,Odes,1635,127,2026-10-04T20:21:48+00:00
20261004T202614Z-fc20c6,Q6240,OL71598A,1,/works/OL836035W,Dīvān,1858,27,2026-10-04T20:21:51+00:00
20261004T202614Z-fc20c6,Q6240,OL71598A,2,/works/OL836034W,Poems,1941,10,2026-10-04T20:21:51+00:00
20261004T202614Z-fc20c6,Q6240,OL71598A,3,/works/OL32193106W,Divan-e Hafiz,1881,7,2026-10-04T20:21:51+00:00
20261004T202614Z-fc20c6,Q629931,OL259636A,1,/works/OL2100605W,Don Segundo Sombra,1900,44,2026-10-04T20:21:53+00:00
20261004T202614Z-fc20c6,Q629931,OL259636A,2,/works/OL12904481W,Don Segundo Sombra,1929,12,2026-10-04T20:21:53+00:00
20261004T202614Z-fc20c6,Q629931,OL259636A,3,/works/OL2100603W,Raucho,1932,5,2026-10-04T20:21:53+00:00
20261004T202614Z-fc20c6,Q6512,OL20509A,1,/works/OL112736W,Frygt og Bæven,1843,78,2026-10-04T20:22:07+00:00
20261004T202614Z-fc20c6,Q6512,OL20509A,2,/works/OL112738W,Enten-eller,1843,51,2026-10-04T20:22:07+00:00
20261004T202614Z-fc20c6,Q6512,OL20509A,3,/works/OL112724W,Sygdommen til døden,1849,39,2026-10-04T20:22:07+00:00
20261004T202614Z-fc20c6,Q6527,OL29048A,1,/works/OL80592W,Les confessions,1782,244,2026-10-04T20:22:01+00:00
20261004T202614Z-fc20c6,Q6527,OL29048A,2,/works/OL80609W,Du contrat social,1762,216,2026-10-04T20:22:01+00:00
20261004T202614Z-fc20c6,Q6527,OL29048A,3,/works/OL80613W,Emile or Education,1762,182,2026-10-04T20:22:01+00:00
20261004T202614Z-fc20c6,Q6530,OL29655A,1,/works/OL109524W,Solaris,1961,86,2026-10-04T20:21:57+00:00
20261004T202614Z-fc20c6,Q6530,OL29655A,2,/works/OL2683553W,The Cyberiad,1965,42,2026-10-04T20:21:57+00:00
20261004T202614Z-fc20c6,Q6530,OL29655A,3,/works/OL109523W,Dzienniki gwiazdowe,1966,37,2026-10-04T20:21:57+00:00
20261004T202614Z-fc20c6,Q6538,OL28731A,1,/works/OL67334W,Die Blechtrommel,1959,111,2026-10-04T20:21:58+00:00
20261004T202614Z-fc20c6,Q6538,OL28731A,2,/works/OL67333W,Katz und Maus,1961,47,2026-10-04T20:21:58+00:00
20261004T202614Z-fc20c6,Q6538,OL28731A,3,/works/OL67332W,Hundejahre,1963,41,2026-10-04T20:21:58+00:00
20261004T202614Z-fc20c6,Q6691,OL18404A,1,/works/OL61981W,Ἰλιάς,1505,1084,2026-10-04T20:22:04+00:00
20261004T202614Z-fc20c6,Q6691,OL18404A,2,/works/OL61982W,Ὀδύσσεια,1488,1066,2026-10-04T20:22:04+00:00
20261004T202614Z-fc20c6,Q6691,OL18404A,3,/works/OL26784440W,Odyssey,1980,240,2026-10-04T20:22:04+00:00
20261004T202614Z-fc20c6,Q669956,OL246924A,1,/works/OL2039404W,Nozze di Cadmo e Armonia,1993,11,2026-10-04T20:21:59+00:00
20261004T202614Z-fc20c6,Q669956,OL246924A,2,/works/OL2039403W,Ka,1996,9,2026-10-04T20:21:59+00:00
20261004T202614Z-fc20c6,Q669956,OL246924A,3,/works/OL2039402W,K,2002,5,2026-10-04T20:21:59+00:00
20261004T202614Z-fc20c6,Q687,OL6899222A,1,/works/OL15144788W,Tartuffe,1707,96,2026-10-04T20:22:00+00:00
20261004T202614Z-fc20c6,Q687,OL6899222A,2,/works/OL83254W,Le misanthrope,1817,68,2026-10-04T20:22:00+00:00
20261004T202614Z-fc20c6,Q687,OL6899222A,3,/works/OL15724689W,L' avare,1674,63,2026-10-04T20:22:00+00:00
20261004T202614Z-fc20c6,Q6882,OL31827A,1,/works/OL86320W,Dubliners,1914,997,2026-10-04T20:22:02+00:00
20261004T202614Z-fc20c6,Q6882,OL31827A,2,/works/OL86343W,A Portrait of the Artist as a Young Man,1818,765,2026-10-04T20:22:02+00:00
20261004T202614Z-fc20c6,Q6882,OL31827A,3,/works/OL86318W,Ulysses,1914,612,2026-10-04T20:22:02+00:00
20261004T202614Z-fc20c6,Q692,OL9388A,1,/works/OL9170454W,Hamlet,1603,2377,2026-10-04T20:22:03+00:00
20261004T202614Z-fc20c6,Q692,OL9388A,2,/works/OL258902W,Macbeth,1508,1867,2026-10-04T20:22:03+00:00
20261004T202614Z-fc20c6,Q692,OL9388A,3,/works/OL258850W,Othello,1622,1865,2026-10-04T20:22:03+00:00
20261004T202614Z-fc20c6,Q69339,OL26681A,1,/works/OL455305W,The Scarlet Letter,1800,2425,2026-10-04T20:22:05+00:00
20261004T202614Z-fc20c6,Q69339,OL26681A,2,/works/OL455512W,The Blithedale Romance,1852,571,2026-10-04T20:22:05+00:00
20261004T202614Z-fc20c6,Q69339,OL26681A,3,/works/OL455288W,The House of Seven Gables Readalong,1851,471,2026-10-04T20:22:05+00:00
20261004T202614Z-fc20c6,Q7176,OL173760A,1,/works/OL1599712W,زقاق المدق,1947,59,2026-10-04T20:22:18+00:00
20261004T202614Z-fc20c6,Q7176,OL173760A,2,/works/OL1599742W,بين القصرين,1960,37,2026-10-04T20:22:18+00:00
20261004T202614Z-fc20c6,Q7176,OL173760A,3,/works/OL1599738W,قصر الشوق,1957,32,2026-10-04T20:22:18+00:00
20261004T202614Z-fc20c6,Q7197,OL63285A,1,/works/OL767941W,Le Deuxième Sexe,1949,90,2026-10-04T20:22:08+00:00
20261004T202614Z-fc20c6,Q7197,OL63285A,2,/works/OL260382W,Mémoires d'une jeune fille rangée,1900,72,2026-10-04T20:22:08+00:00
20261004T202614Z-fc20c6,Q7197,OL63285A,3,/works/OL260381W,Les Mandarins,1954,62,2026-10-04T20:22:08+00:00
20261004T202614Z-fc20c6,Q7198,OL18770A,1,/works/OL97727W,Metamorfosi,1474,747,2026-10-04T20:22:09+00:00
20261004T202614Z-fc20c6,Q7198,OL18770A,2,/works/OL15292640W,Metamorphoses,1479,501,2026-10-04T20:22:09+00:00
20261004T202614Z-fc20c6,Q7198,OL18770A,3,/works/OL441970W,The golden asse of Lucius Apuleius,1469,377,2026-10-04T20:22:09+00:00
20261004T202614Z-fc20c6,Q7199,OL120205A,1,/works/OL30053009W,Du côté de chez Swann,1908,636,2026-10-04T20:22:11+00:00
20261004T202614Z-fc20c6,Q7199,OL120205A,2,/works/OL27213717W,Le Côté de Guermantes,1920,329,2026-10-04T20:22:11+00:00
20261004T202614Z-fc20c6,Q7199,OL120205A,3,/works/OL29549062W,À l'ombre des jeunes filles en fleurs,1657,251,2026-10-04T20:22:11+00:00
20261004T202614Z-fc20c6,Q72334,OL31120A,1,/works/OL50548W,Beloved,1987,111,2026-10-04T20:22:23+00:00
20261004T202614Z-fc20c6,Q72334,OL31120A,2,/works/OL50564W,Song of Solomon,1634,63,2026-10-04T20:22:23+00:00
20261004T202614Z-fc20c6,Q72334,OL31120A,3,/works/OL50565W,The Bluest Eye,1970,63,2026-10-04T20:22:23+00:00
20261004T202614Z-fc20c6,Q7235,OL11149A,1,/works/OL43861W,Οἰδίπους Τύραννος (Oidípous Týrannos),1715,188,2026-10-04T20:22:12+00:00
20261004T202614Z-fc20c6,Q7235,OL11149A,2,/works/OL43860W,Antigone,1581,98,2026-10-04T20:22:12+00:00
20261004T202614Z-fc20c6,Q7235,OL11149A,3,/works/OL10327036W,Sophocles,1832,96,2026-10-04T20:22:12+00:00
20261004T202614Z-fc20c6,Q7241,OL1770A,1,/works/OL308575W,Gitanjali (song offerings),1910,217,2026-10-04T20:22:15+00:00
20261004T202614Z-fc20c6,Q7241,OL1770A,2,/works/OL308958W,The King of the Dark Chamber,1914,86,2026-10-04T20:22:15+00:00
20261004T202614Z-fc20c6,Q7241,OL1770A,3,/works/OL16312658W,Ḍākaghara,1910,78,2026-10-04T20:22:15+00:00
20261004T202614Z-fc20c6,Q7243,OL26783A,1,/works/OL267096W,Анна Каренина,1876,1316,2026-10-04T20:22:21+00:00
20261004T202614Z-fc20c6,Q7243,OL26783A,2,/works/OL267171W,War and Peace,1845,647,2026-10-04T20:22:21+00:00
20261004T202614Z-fc20c6,Q7243,OL26783A,3,/works/OL457760W,Voskresenīe,1899,251,2026-10-04T20:22:21+00:00
20261004T202614Z-fc20c6,Q7245,OL18319A,1,/works/OL53908W,Adventures of Huckleberry Finn,1876,2623,2026-10-04T20:22:17+00:00
20261004T202614Z-fc20c6,Q7245,OL18319A,2,/works/OL53919W,The Adventures of Tom Sawyer,1817,879,2026-10-04T20:22:17+00:00
20261004T202614Z-fc20c6,Q7245,OL18319A,3,/works/OL54031W,A Connecticut Yankee in King Arthur's Court,1889,789,2026-10-04T20:22:17+00:00
20261004T202614Z-fc20c6,Q72541,OL341406A,1,/works/OL2457396W,La verdad sobre el caso Savolta,1975,52,2026-10-04T20:22:19+00:00
20261004T202614Z-fc20c6,Q72541,OL341406A,2,/works/OL2457366W,Sin noticias de Gurb,1991,22,2026-10-04T20:22:19+00:00
20261004T202614Z-fc20c6,Q72541,OL341406A,3,/works/OL2457395W,El misterio de la cripta embrujada,1979,9,2026-10-04T20:22:19+00:00
20261004T202614Z-fc20c6,Q732338,OL456240A,1,/works/OL2980902W,A Fine Balance,1995,45,2026-10-04T20:22:19+00:00
20261004T202614Z-fc20c6,Q732338,OL456240A,2,/works/OL2980903W,Such a long journey,1991,31,2026-10-04T20:22:19+00:00
20261004T202614Z-fc20c6,Q732338,OL456240A,3,/works/OL2980900W,Family matters,2001,18,2026-10-04T20:22:19+00:00
20261004T202614Z-fc20c6,Q732434,OL8160A,1,/works/OL354692W,Untouchable [by] Mulk Raj Anand,1933,25,2026-10-04T20:22:20+00:00
20261004T202614Z-fc20c6,Q732434,OL8160A,2,/works/OL354741W,Coolie,1900,17,2026-10-04T20:22:20+00:00
20261004T202614Z-fc20c6,Q732434,OL8160A,3,/works/OL354739W,The sword and the sickle,1942,10,2026-10-04T20:22:20+00:00
20261004T202614Z-fc20c6,Q736858,OL272472A,1,/works/OL2161323W,Mayombe,1980,10,2026-10-04T20:22:21+00:00
20261004T202614Z-fc20c6,Q736858,OL272472A,2,/works/OL2161301W,"Jaime Bunda, agente secreto",2001,5,2026-10-04T20:22:21+00:00
20261004T202614Z-fc20c6,Q736858,OL272472A,3,/works/OL2161321W,A gloriosa família,1998,4,2026-10-04T20:22:21+00:00
20261004T202614Z-fc20c6,Q742,OL60352A,1,/works/OL19922727W,Phèdre,1677,168,2026-10-04T20:22:22+00:00
20261004T202614Z-fc20c6,Q742,OL60352A,2,/works/OL15725668W,Britannicus,1757,60,2026-10-04T20:22:22+00:00
20261004T202614Z-fc20c6,Q742,OL60352A,3,/works/OL741414W,Théâtre complet,1844,59,2026-10-04T20:22:22+00:00
20261004T202614Z-fc20c6,Q747,OL130779A,1,/works/OL260847W,Imitation of Christ,1568,394,2026-10-04T20:22:22+00:00
20261004T202614Z-fc20c6,Q747,OL130779A,2,/works/OL15724776W,Le Cid,1636,134,2026-10-04T20:22:22+00:00
20261004T202614Z-fc20c6,Q747,OL130779A,3,/works/OL1289987W,Théâtre complet de Corneille,1700,61,2026-10-04T20:22:22+00:00
20261004T202614Z-fc20c6,Q75612,OL137147A,1,/works/OL1345101W,Shosha,1978,46,2026-10-04T20:22:24+00:00
20261004T202614Z-fc20c6,Q75612,OL137147A,2,/works/OL1344951W,Der Knecht,1962,30,2026-10-04T20:22:24+00:00
20261004T202614Z-fc20c6,Q75612,OL137147A,3,/works/OL1345029W,Zlateh the Goat and Other Stories,1966,29,2026-10-04T20:22:24+00:00
20261004T202614Z-fc20c6,Q76480,OL125711A,1,/works/OL1245570W,Der Untertan,1900,40,2026-10-04T20:22:26+00:00
20261004T202614Z-fc20c6,Q76480,OL125711A,2,/works/OL1245569W,Professor Unrat,1932,22,2026-10-04T20:22:26+00:00
20261004T202614Z-fc20c6,Q76480,OL125711A,3,/works/OL1245568W,Die kleine Stadt,1909,18,2026-10-04T20:22:26+00:00
20261004T202614Z-fc20c6,Q76483,OL673325A,1,/works/OL3800761W,Letters to a young poet,1656,144,2026-10-04T20:22:29+00:00
20261004T202614Z-fc20c6,Q76483,OL673325A,2,/works/OL3800819W,Poems,1900,101,2026-10-04T20:22:29+00:00
20261004T202614Z-fc20c6,Q76483,OL673325A,3,/works/OL3801010W,Duineser Elegien,1923,83,2026-10-04T20:22:29+00:00
20261004T202614Z-fc20c6,Q76498,OL296646A,1,/works/OL2271626W,"Momo oder Die seltsame Geschichte von den Zeit-Dieben und von dem Kind, das den Menschen die gestohlene Zeit zurückbrachte",1973,108,2026-10-04T20:22:30+00:00
20261004T202614Z-fc20c6,Q76498,OL296646A,2,/works/OL2271589W,Die unendliche Geschichte,1979,57,2026-10-04T20:22:30+00:00
20261004T202614Z-fc20c6,Q76498,OL296646A,3,/works/OL2271562W,Der satanarchäolygenialkohöllische Wunschpunsch,1989,28,2026-10-04T20:22:30+00:00
20261004T202614Z-fc20c6,Q765,OL67411A,1,/works/OL802096W,Morte accidentale di un anarchico,1974,14,2026-10-04T20:22:31+00:00
20261004T202614Z-fc20c6,Q765,OL67411A,2,/works/OL802010W,Commedie 12 (Gli Struzzi),1975,4,2026-10-04T20:22:31+00:00
20261004T202614Z-fc20c6,Q765,OL67411A,3,/works/OL802083W,Dario Fo Plays,1900,4,2026-10-04T20:22:31+00:00
20261004T202614Z-fc20c6,Q7662663,OL3946473A,1,/works/OL16807680W,The Garden of Evening Mists,2011,15,2026-10-04T20:22:31+00:00
20261004T202614Z-fc20c6,Q7662663,OL3946473A,2,/works/OL9981098W,The gift of rain,2007,10,2026-10-04T20:22:31+00:00
20261004T202614Z-fc20c6,Q7662663,OL3946473A,3,/works/OL29330003W,House of Doors,2023,7,2026-10-04T20:22:31+00:00
20261004T202614Z-fc20c6,Q76952,OL34270A,1,/works/OL46611W,Die Ringe des Saturn,1995,25,2026-10-04T20:22:32+00:00
20261004T202614Z-fc20c6,Q76952,OL34270A,2,/works/OL46615W,Austerlitz,2001,25,2026-10-04T20:22:32+00:00
20261004T202614Z-fc20c6,Q76952,OL34270A,3,/works/OL46609W,Die Ausgewanderten,1992,21,2026-10-04T20:22:32+00:00
20261004T202614Z-fc20c6,Q7724,OL65966A,1,/works/OL789537W,Fröken Julie,1880,109,2026-10-04T20:22:33+00:00
20261004T202614Z-fc20c6,Q7724,OL65966A,2,/works/OL789899W,Plays,1906,91,2026-10-04T20:22:33+00:00
20261004T202614Z-fc20c6,Q7724,OL65966A,3,/works/OL789571W,El Padre,1880,44,2026-10-04T20:22:33+00:00
20261004T202614Z-fc20c6,Q78487,OL135531A,1,/works/OL16335026W,Die Verwirrungen des Zöglings Törless,1906,73,2026-10-04T20:22:34+00:00
20261004T202614Z-fc20c6,Q78487,OL135531A,2,/works/OL1330246W,Der Mann ohne Eigenschaften,1930,53,2026-10-04T20:22:34+00:00
20261004T202614Z-fc20c6,Q78487,OL135531A,3,/works/OL1330244W,Drei Frauen,1924,13,2026-10-04T20:22:34+00:00
20261004T202614Z-fc20c6,Q78491,OL26439A,1,/works/OL28429W,Schachnovelle,1943,244,2026-10-04T20:22:34+00:00
20261004T202614Z-fc20c6,Q78491,OL26439A,2,/works/OL28403W,Der Brief einer Unbekannten,1922,96,2026-10-04T20:22:34+00:00
20261004T202614Z-fc20c6,Q78491,OL26439A,3,/works/OL28434W,Ungeduld des Herzens,1927,87,2026-10-04T20:22:34+00:00
20261004T202614Z-fc20c6,Q78506,OL27744A,1,/works/OL472971W,Malina,1971,26,2026-10-04T20:22:35+00:00
20261004T202614Z-fc20c6,Q78506,OL27744A,2,/works/OL472978W,The Thirtieth Year,1961,20,2026-10-04T20:22:35+00:00
20261004T202614Z-fc20c6,Q78506,OL27744A,3,/works/OL472943W,Anrufung des Großen Bären,1956,13,2026-10-04T20:22:35+00:00
20261004T202614Z-fc20c6,Q78509,OL27272A,1,/works/OL466942W,Radetzkymarsch,1932,70,2026-10-04T20:22:36+00:00
20261004T202614Z-fc20c6,Q78509,OL27272A,2,/works/OL466936W,Hiob,1930,35,2026-10-04T20:22:36+00:00
20261004T202614Z-fc20c6,Q78509,OL27272A,3,/works/OL466920W,Die Kapuzinergruft. Roman,1938,31,2026-10-04T20:22:36+00:00
20261004T202614Z-fc20c6,Q79025,OL75235A,1,/works/OL863808W,Ivanhoe,1800,481,2026-10-04T20:22:38+00:00
20261004T202614Z-fc20c6,Q79025,OL75235A,2,/works/OL863587W,Rob Roy,1817,380,2026-10-04T20:22:38+00:00
20261004T202614Z-fc20c6,Q79025,OL75235A,3,/works/OL31616714W,"Waverley; or, 'Tis sixty years since ...",1800,379,2026-10-04T20:22:38+00:00
20261004T202614Z-fc20c6,Q7934,OL79034A,1,/works/OL893414W,Dune,1965,155,2026-10-04T20:22:39+00:00
20261004T202614Z-fc20c6,Q7934,OL79034A,2,/works/OL893461W,Dune Messiah,1969,101,2026-10-04T20:22:39+00:00
20261004T202614Z-fc20c6,Q7934,OL79034A,3,/works/OL893516W,Children of Dune,1976,77,2026-10-04T20:22:39+00:00
20261004T202614Z-fc20c6,Q79759,OL68333A,1,/works/OL810991W,Paradise Lost,1667,396,2026-10-04T20:22:41+00:00
20261004T202614Z-fc20c6,Q79759,OL68333A,2,/works/OL810990W,Milton's Poems,1605,292,2026-10-04T20:22:41+00:00
20261004T202614Z-fc20c6,Q79759,OL68333A,3,/works/OL810614W,Areopagitica,1644,113,2026-10-04T20:22:41+00:00
20261004T202614Z-fc20c6,Q79822,OL114808A,1,/works/OL1118880W,Pan Tadeusz,1834,121,2026-10-04T20:22:42+00:00
20261004T202614Z-fc20c6,Q79822,OL114808A,2,/works/OL1118937W,Dzieła,1929,19,2026-10-04T20:22:42+00:00
20261004T202614Z-fc20c6,Q79822,OL114808A,3,/works/OL24473416W,Sonnets from the Crimea,2018,7,2026-10-04T20:22:42+00:00
20261004T202614Z-fc20c6,Q79904,OL540486A,1,/works/OL3335245W,The Catcher in the Rye,1945,204,2026-10-04T20:22:43+00:00
20261004T202614Z-fc20c6,Q79904,OL540486A,2,/works/OL3335290W,Nine Stories,1948,82,2026-10-04T20:22:43+00:00
20261004T202614Z-fc20c6,Q79904,OL540486A,3,/works/OL3335291W,Franny and Zooey,1961,65,2026-10-04T20:22:43+00:00
20261004T202614Z-fc20c6,Q80095,OL2781343A,1,/works/OL10339392W,Kojinteki na taiken,1964,7,2026-10-04T20:22:55+00:00
20261004T202614Z-fc20c6,Q80095,OL2781343A,2,/works/OL2925958W,Kojinteki na taiken,1968,6,2026-10-04T20:22:55+00:00
20261004T202614Z-fc20c6,Q80095,OL2781343A,3,/works/OL26751613W,Pinch Runner Memorandum,2015,4,2026-10-04T20:22:55+00:00
20261004T202614Z-fc20c6,Q80321,OL62102A,1,/works/OL757983W,Sjálfstætt fólk,1934,36,2026-10-04T20:22:44+00:00
20261004T202614Z-fc20c6,Q80321,OL62102A,2,/works/OL758036W,Atómstöðin,1948,7,2026-10-04T20:22:44+00:00
20261004T202614Z-fc20c6,Q80321,OL62102A,3,/works/OL758037W,Brekkukotsannáll,1957,7,2026-10-04T20:22:44+00:00
20261004T202614Z-fc20c6,Q80871,OL41892A,1,/works/OL574351W,Selected poems of Gabriela Mistral [pseud.]  Translated by Langston Hughes,1957,13,2026-10-04T20:22:45+00:00
20261004T202614Z-fc20c6,Q80871,OL41892A,2,/works/OL574387W,Desolación,1900,13,2026-10-04T20:22:45+00:00
20261004T202614Z-fc20c6,Q80871,OL41892A,3,/works/OL574385W,Tala,1938,9,2026-10-04T20:22:45+00:00
20261004T202614Z-fc20c6,Q80889,OL23696A,1,/works/OL69210W,Kristin Lavransdatter Trilogy,1920,78,2026-10-04T20:22:46+00:00
20261004T202614Z-fc20c6,Q80889,OL23696A,2,/works/OL69207W,The garland,1920,28,2026-10-04T20:22:46+00:00
20261004T202614Z-fc20c6,Q80889,OL23696A,3,/works/OL69220W,Kristin Lavransdatter III,1922,25,2026-10-04T20:22:46+00:00
20261004T202614Z-fc20c6,Q81438,OL23178A,1,/works/OL16333W,Leaves of Grass,1855,755,2026-10-04T20:22:46+00:00
20261004T202614Z-fc20c6,Q81438,OL23178A,2,/works/OL16420W,Drum-taps,1865,106,2026-10-04T20:22:46+00:00
20261004T202614Z-fc20c6,Q81438,OL23178A,3,/works/OL16362W,Canto a Mi Mismo,1904,59,2026-10-04T20:22:46+00:00
20261004T202614Z-fc20c6,Q81731,OL365212A,1,/works/OL2564006W,Genji monogatari,1900,121,2026-10-04T20:22:47+00:00
20261004T202614Z-fc20c6,Q81731,OL365212A,2,/works/OL33353792W,Genji monogatari,1926,15,2026-10-04T20:22:47+00:00
20261004T202614Z-fc20c6,Q81731,OL365212A,3,/works/OL32080726W,Genji monogatari,1928,13,2026-10-04T20:22:47+00:00
20261004T202614Z-fc20c6,Q82083,OL153488A,1,/works/OL1455259W,Poems by John Keats,1800,200,2026-10-04T20:22:48+00:00
20261004T202614Z-fc20c6,Q82083,OL153488A,2,/works/OL1455258W,The letters of John Keats,1891,46,2026-10-04T20:22:48+00:00
20261004T202614Z-fc20c6,Q82083,OL153488A,3,/works/OL43649413W,The poetical works of John Keats,1840,33,2026-10-04T20:22:48+00:00
20261004T202614Z-fc20c6,Q82409,OL26099A,1,/works/OL26131W,Poems,1796,232,2026-10-04T20:22:50+00:00
20261004T202614Z-fc20c6,Q82409,OL26099A,2,/works/OL26130W,Rime of the ancient mariner,1827,156,2026-10-04T20:22:50+00:00
20261004T202614Z-fc20c6,Q82409,OL26099A,3,/works/OL26034W,Biographia literaria,1817,100,2026-10-04T20:22:50+00:00
20261004T202614Z-fc20c6,Q82925,OL19441A,1,/works/OL38663W,Heart of Darkness,1899,553,2026-10-04T20:22:51+00:00
20261004T202614Z-fc20c6,Q82925,OL19441A,2,/works/OL29000391W,Heart of Darkness,1899,519,2026-10-04T20:22:51+00:00
20261004T202614Z-fc20c6,Q82925,OL19441A,3,/works/OL38684W,Lord Jim,1900,345,2026-10-04T20:22:51+00:00
20261004T202614Z-fc20c6,Q83566,OL228079A,1,/works/OL1905263W,Eva Luna,1987,157,2026-10-04T20:09:53+00:00
20261004T202614Z-fc20c6,Q83566,OL228079A,2,/works/OL1905255W,La casa de los espíritus,1982,116,2026-10-04T20:09:53+00:00
20261004T202614Z-fc20c6,Q83566,OL228079A,3,/works/OL1905374W,De amor y de sombra,1984,83,2026-10-04T20:09:53+00:00
20261004T202614Z-fc20c6,Q859,OL12823A,1,/works/OL51831W,πολιτεία,1554,794,2026-10-04T20:22:59+00:00
20261004T202614Z-fc20c6,Q859,OL12823A,2,/works/OL51815W,Συμπόσιον,1559,351,2026-10-04T20:22:59+00:00
20261004T202614Z-fc20c6,Q859,OL12823A,3,/works/OL51805W,Φαίδων,1713,291,2026-10-04T20:22:59+00:00
20261004T202614Z-fc20c6,Q868,OL22105A,1,/works/OL151515W,La Poetica,1479,498,2026-10-04T20:23:06+00:00
20261004T202614Z-fc20c6,Q868,OL22105A,2,/works/OL8273964W,Nicomachean Ethics,1558,416,2026-10-04T20:23:06+00:00
20261004T202614Z-fc20c6,Q868,OL22105A,3,/works/OL13703833W,Poetics,1536,252,2026-10-04T20:23:06+00:00
20261004T202614Z-fc20c6,Q892,OL26320A,1,/works/OL27482W,The Hobbit,1937,482,2026-10-04T20:22:55+00:00
20261004T202614Z-fc20c6,Q892,OL26320A,2,/works/OL27513W,The Fellowship of the Ring,1954,319,2026-10-04T20:22:55+00:00
20261004T202614Z-fc20c6,Q892,OL26320A,3,/works/OL27479W,The Two Towers,1954,290,2026-10-04T20:22:55+00:00
20261004T202614Z-fc20c6,Q8998,OL2645259A,1,/works/OL3507680W,Jiu guo,1992,22,2026-10-04T20:23:08+00:00
20261004T202614Z-fc20c6,Q8998,OL2645259A,2,/works/OL5820617W,生死疲劳,2006,16,2026-10-04T20:23:08+00:00
20261004T202614Z-fc20c6,Q8998,OL2645259A,3,/works/OL3507684W,Red Sorghum,1988,16,2026-10-04T20:23:08+00:00
20261004T202614Z-fc20c6,Q9025225,OL202977A,1,/works/OL11901504W,El diablo meridiano,2001,4,2026-10-04T20:22:57+00:00
20261004T202614Z-fc20c6,Q9025225,OL202977A,2,/works/OL34995786W,La Fuente de la edad,1992,4,2026-10-04T20:22:57+00:00
20261004T202614Z-fc20c6,Q9025225,OL202977A,3,/works/OL1751297W,Apócrifo del clavel y la espina,1977,3,2026-10-04T20:22:57+00:00
20261004T202614Z-fc20c6,Q9049,OL31676A,1,/works/OL71733W,Syntactic structures,1900,43,2026-10-04T20:22:58+00:00
20261004T202614Z-fc20c6,Q9049,OL31676A,2,/works/OL71717W,Cartesian linguistics,1966,28,2026-10-04T20:22:58+00:00
20261004T202614Z-fc20c6,Q9049,OL31676A,3,/works/OL71732W,Pirates & emperors,1986,27,2026-10-04T20:22:58+00:00
20261004T202614Z-fc20c6,Q905,OL33146A,1,/works/OL498556W,Metamorphosis,1915,957,2026-10-04T20:23:05+00:00
20261004T202614Z-fc20c6,Q905,OL33146A,2,/works/OL498463W,Der Proceß,1825,783,2026-10-04T20:23:05+00:00
20261004T202614Z-fc20c6,Q905,OL33146A,3,/works/OL498434W,Das Schloß,1926,166,2026-10-04T20:23:05+00:00
20261004T202614Z-fc20c6,Q9068,OL32293A,1,/works/OL100672W,Candide,1746,1079,2026-10-04T20:22:59+00:00
20261004T202614Z-fc20c6,Q9068,OL32293A,2,/works/OL100671W,Histoire de Charles XII,1731,90,2026-10-04T20:22:59+00:00
20261004T202614Z-fc20c6,Q9068,OL32293A,3,/works/OL15228532W,Lettres philosophiques,1733,80,2026-10-04T20:22:59+00:00
20261004T202614Z-fc20c6,Q909,OL18928A,1,/works/OL110971W,Ficciones,1945,78,2026-10-04T20:09:54+00:00
20261004T202614Z-fc20c6,Q909,OL18928A,2,/works/OL110969W,El Aleph,1949,67,2026-10-04T20:09:54+00:00
20261004T202614Z-fc20c6,Q909,OL18928A,3,/works/OL110962W,Libro de los seres imaginarios,1967,41,2026-10-04T20:09:54+00:00
20261004T202614Z-fc20c6,Q9204,OL31574A,1,/works/OL71058W,The Horse and His Boy,1954,186,2026-10-04T20:23:00+00:00
20261004T202614Z-fc20c6,Q9204,OL31574A,2,/works/OL71042W,The Magician's Nephew,1955,164,2026-10-04T20:23:00+00:00
20261004T202614Z-fc20c6,Q9204,OL31574A,3,/works/OL71037W,"The Lion, the Witch and the Wardrobe",1950,159,2026-10-04T20:23:00+00:00
20261004T202614Z-fc20c6,Q93166,OL20887A,1,/works/OL8972751W,Nesnesitelná lehkost bytí,1984,81,2026-10-04T20:23:12+00:00
20261004T202614Z-fc20c6,Q93166,OL20887A,2,/works/OL10402333W,Žert,1967,60,2026-10-04T20:23:12+00:00
20261004T202614Z-fc20c6,Q93166,OL20887A,3,/works/OL10423420W,Směšné lásky,1965,53,2026-10-04T20:23:12+00:00
20261004T202614Z-fc20c6,Q9327,OL29388A,1,/works/OL85864W,"Dracula's guest, and other weird stories",1914,171,2026-10-04T20:23:03+00:00
20261004T202614Z-fc20c6,Q9327,OL29388A,2,/works/OL93833W,Mademoiselle Fifi,1882,162,2026-10-04T20:23:03+00:00
20261004T202614Z-fc20c6,Q9327,OL29388A,3,/works/OL93842W,Bel-Ami,1893,138,2026-10-04T20:23:03+00:00
20261004T202614Z-fc20c6,Q9333,OL18293A,1,/works/OL45499W,Tao te Ching,1842,648,2026-10-04T20:23:07+00:00
20261004T202614Z-fc20c6,Q9333,OL18293A,2,/works/OL30237262W,Tao Te King,2011,16,2026-10-04T20:23:07+00:00
20261004T202614Z-fc20c6,Q9333,OL18293A,3,/works/OL1151003W,"The Texts of Taoism (The Sacred Books of China; The Sacred Books of the East, Vol. 39-40)",1891,12,2026-10-04T20:23:07+00:00
20261004T202614Z-fc20c6,Q93343,OL20743A,1,/works/OL14853463W,Poems,1800,233,2026-10-04T20:23:07+00:00
20261004T202614Z-fc20c6,Q93343,OL20743A,2,/works/OL14853182W,"A defence of poetry, by P.B. Shelley",1890,42,2026-10-04T20:23:07+00:00
20261004T202614Z-fc20c6,Q93343,OL20743A,3,/works/OL14853462W,The letters of Percy Bysshe Shelley,1852,36,2026-10-04T20:23:07+00:00
20261004T202614Z-fc20c6,Q93354,OL27349A,1,/works/OL468431W,The Great Gatsby,1920,1180,2026-10-04T20:23:09+00:00
20261004T202614Z-fc20c6,Q93354,OL27349A,2,/works/OL468488W,This Side of Paradise,1920,631,2026-10-04T20:23:09+00:00
20261004T202614Z-fc20c6,Q93354,OL27349A,3,/works/OL468362W,The Beautiful and Damned,1920,495,2026-10-04T20:23:09+00:00
20261004T202614Z-fc20c6,Q9364,OL117592A,1,/works/OL1161171W,La nausée,1938,98,2026-10-04T20:23:10+00:00
20261004T202614Z-fc20c6,Q9364,OL117592A,2,/works/OL1161325W,L'être et le néant,1943,86,2026-10-04T20:23:10+00:00
20261004T202614Z-fc20c6,Q9364,OL117592A,3,/works/OL1161262W,Les mains sales,1948,56,2026-10-04T20:23:10+00:00
20261004T202614Z-fc20c6,Q9711,OL29097A,1,/works/OL85047W,La père Goriot,1800,439,2026-10-04T20:23:11+00:00
20261004T202614Z-fc20c6,Q9711,OL29097A,2,/works/OL85243W,Eugénie Grandet,1868,261,2026-10-04T20:23:11+00:00
20261004T202614Z-fc20c6,Q9711,OL29097A,3,/works/OL85056W,Les contes drôlatiques,1855,140,2026-10-04T20:23:11+00:00
20261004T202614Z-fc20c6,Q982838,OL97057A,1,/works/OL24327596W,Kürk Mantolu Madonna,2019,24,2026-10-04T20:23:11+00:00
20261004T202614Z-fc20c6,Q982838,OL97057A,2,/works/OL24330717W,Kürk Mantolu Madonna,2018,15,2026-10-04T20:23:11+00:00
20261004T202614Z-fc20c6,Q982838,OL97057A,3,/works/OL24329582W,Kuyucakli Yusuf,2019,13,2026-10-04T20:23:11+00:00
20261004T202614Z-fc20c6,Q991,OL22242A,1,/works/OL166894W,Преступление и наказание,1866,1178,2026-10-04T20:23:12+00:00
20261004T202614Z-fc20c6,Q991,OL22242A,2,/works/OL21025633W,Записки изъ подполья,1864,837,2026-10-04T20:23:12+00:00
20261004T202614Z-fc20c6,Q991,OL22242A,3,/works/OL166925W,Идиот,1874,437,2026-10-04T20:23:12+00:00
