run_id,qid,field,source,value,retrieved_at,conflict,note
20261004T202614Z-fc20c6,Q100948,birth_year,openlibrary,1907-05-27,2026-10-04T20:13:15+00:00,false,
20261004T202614Z-fc20c6,Q100948,birth_year,wikidata,1907,2026-10-04T19:14:57+00:00,false,
20261004T202614Z-fc20c6,Q100948,canonical_name,wikidata,Rachel Carson,2026-10-04T19:14:57+00:00,,
20261004T202614Z-fc20c6,Q100948,death_year,openlibrary,1964,2026-10-04T20:13:15+00:00,false,
20261004T202614Z-fc20c6,Q100948,death_year,wikidata,1964,2026-10-04T19:14:57+00:00,false,
20261004T202614Z-fc20c6,Q100948,nationality,wikidata,United States,2026-10-04T19:14:57+00:00,,
20261004T202614Z-fc20c6,Q100948,open_library_id,wikidata,OL225621A,2026-10-04T19:14:57+00:00,,
20261004T202614Z-fc20c6,Q100948,wikidata_qid,openlibrary,Q100948,2026-10-04T20:13:15+00:00,false,
20261004T202614Z-fc20c6,Q100948,work_count,openlibrary,42,2026-10-04T20:13:15+00:00,,
20261004T202614Z-fc20c6,Q101638,birth_year,openlibrary,27 April 1759,2026-10-04T20:13:16+00:00,false,
20261004T202614Z-fc20c6,Q101638,birth_year,wikidata,1759,2026-10-04T19:12:35+00:00,false,
20261004T202614Z-fc20c6,Q101638,canonical_name,wikidata,Mary Wollstonecraft,2026-10-04T19:12:35+00:00,,
20261004T202614Z-fc20c6,Q101638,death_year,openlibrary,10 September 1797,2026-10-04T20:13:16+00:00,false,
20261004T202614Z-fc20c6,Q101638,death_year,wikidata,1797,2026-10-04T19:12:35+00:00,false,
20261004T202614Z-fc20c6,Q101638,nationality,wikidata,Kingdom of Great Britain,2026-10-04T19:12:35+00:00,,
20261004T202614Z-fc20c6,Q101638,open_library_id,wikidata,OL73405A,2026-10-04T19:12:35+00:00,,
20261004T202614Z-fc20c6,Q101638,wikidata_qid,openlibrary,Q101638,2026-10-04T20:13:16+00:00,false,
20261004T202614Z-fc20c6,Q101638,work_count,openlibrary,195,2026-10-04T20:13:16+00:00,,
20261004T202614Z-fc20c6,Q102071,birth_year,openlibrary,9 August 1914,2026-10-04T20:13:16+00:00,false,
20261004T202614Z-fc20c6,Q102071,birth_year,wikidata,1914,2026-10-04T19:14:01+00:00,false,
20261004T202614Z-fc20c6,Q102071,canonical_name,wikidata,Tove Jansson,2026-10-04T19:14:01+00:00,,
20261004T202614Z-fc20c6,Q102071,death_year,openlibrary,27 June 2001,2026-10-04T20:13:16+00:00,false,
20261004T202614Z-fc20c6,Q102071,death_year,wikidata,2001,2026-10-04T19:14:01+00:00,false,
20261004T202614Z-fc20c6,Q102071,nationality,wikidata,Finland; Suomen suuriruhtinaskunta,2026-10-04T19:14:01+00:00,,
20261004T202614Z-fc20c6,Q102071,open_library_id,wikidata,OL279921A,2026-10-04T19:14:01+00:00,,
20261004T202614Z-fc20c6,Q102071,wikidata_qid,openlibrary,Q102071,2026-10-04T20:13:16+00:00,false,
20261004T202614Z-fc20c6,Q102071,work_count,openlibrary,354,2026-10-04T20:13:16+00:00,,
20261004T202614Z-fc20c6,Q102513,birth_year,openlibrary,14 June 1811,2026-10-04T20:13:17+00:00,false,
20261004T202614Z-fc20c6,Q102513,birth_year,wikidata,1811,2026-10-04T19:12:47+00:00,false,
20261004T202614Z-fc20c6,Q102513,canonical_name,wikidata,Harriet Beecher Stowe,2026-10-04T19:12:47+00:00,,
20261004T202614Z-fc20c6,Q102513,death_year,openlibrary,1 Jul 1896,2026-10-04T20:13:17+00:00,false,
20261004T202614Z-fc20c6,Q102513,death_year,wikidata,1896,2026-10-04T19:12:47+00:00,false,
20261004T202614Z-fc20c6,Q102513,nationality,wikidata,United States,2026-10-04T19:12:47+00:00,,
20261004T202614Z-fc20c6,Q102513,open_library_id,wikidata,OL22157A,2026-10-04T19:12:47+00:00,,
20261004T202614Z-fc20c6,Q102513,wikidata_qid,openlibrary,Q102513,2026-10-04T20:13:17+00:00,false,
20261004T202614Z-fc20c6,Q102513,work_count,openlibrary,717,2026-10-04T20:13:17+00:00,,
20261004T202614Z-fc20c6,Q103114,birth_year,openlibrary,26 février 1956,2026-10-04T20:13:19+00:00,false,
20261004T202614Z-fc20c6,Q103114,birth_year,wikidata,1956,2026-10-04T19:13:27+00:00,false,
20261004T202614Z-fc20c6,Q103114,canonical_name,wikidata,Michel Houellebecq,2026-10-04T19:13:27+00:00,,
20261004T202614Z-fc20c6,Q103114,death_year,openlibrary,,2026-10-04T20:13:19+00:00,,not_comparable
20261004T202614Z-fc20c6,Q103114,death_year,wikidata,,2026-10-04T19:13:27+00:00,,not_comparable
20261004T202614Z-fc20c6,Q103114,nationality,wikidata,France,2026-10-04T19:13:27+00:00,,
20261004T202614Z-fc20c6,Q103114,open_library_id,wikidata,OL300477A,2026-10-04T19:13:27+00:00,,
20261004T202614Z-fc20c6,Q103114,wikidata_qid,openlibrary,Q103114,2026-10-04T20:13:19+00:00,false,
20261004T202614Z-fc20c6,Q103114,work_count,openlibrary,87,2026-10-04T20:13:19+00:00,,
20261004T202614Z-fc20c6,Q103285,birth_year,openlibrary,1853,2026-10-04T20:13:22+00:00,false,
20261004T202614Z-fc20c6,Q103285,birth_year,wikidata,1853,2026-10-04T19:12:17+00:00,false,
20261004T202614Z-fc20c6,Q103285,canonical_name,wikidata,José Martí y Pérez,2026-10-04T19:12:17+00:00,,
20261004T202614Z-fc20c6,Q103285,death_year,openlibrary,1895,2026-10-04T20:13:22+00:00,false,
20261004T202614Z-fc20c6,Q103285,death_year,wikidata,1895,2026-10-04T19:12:17+00:00,false,
20261004T202614Z-fc20c6,Q103285,nationality,wikidata,Mexico; Spain,2026-10-04T19:12:17+00:00,,
20261004T202614Z-fc20c6,Q103285,open_library_id,wikidata,OL74613A,2026-10-04T19:12:17+00:00,,
20261004T202614Z-fc20c6,Q103285,wikidata_qid,openlibrary,Q103285,2026-10-04T20:13:22+00:00,false,
20261004T202614Z-fc20c6,Q103285,work_count,openlibrary,0,2026-10-04T20:13:22+00:00,,
20261004T202614Z-fc20c6,Q1067,birth_year,openlibrary,1265,2026-10-04T20:13:22+00:00,false,
20261004T202614Z-fc20c6,Q1067,birth_year,wikidata,1265,2026-10-04T19:13:44+00:00,false,
20261004T202614Z-fc20c6,Q1067,canonical_name,wikidata,Dante Alighieri,2026-10-04T19:13:44+00:00,,
20261004T202614Z-fc20c6,Q1067,death_year,openlibrary,1321,2026-10-04T20:13:22+00:00,false,
20261004T202614Z-fc20c6,Q1067,death_year,wikidata,1321,2026-10-04T19:13:44+00:00,false,
20261004T202614Z-fc20c6,Q1067,nationality,wikidata,Republic of Florence,2026-10-04T19:13:44+00:00,,
20261004T202614Z-fc20c6,Q1067,open_library_id,wikidata,OL5988928A; OL29303A,2026-10-04T19:13:44+00:00,,
20261004T202614Z-fc20c6,Q1067,wikidata_qid,openlibrary,Q1067,2026-10-04T20:13:22+00:00,false,
20261004T202614Z-fc20c6,Q1067,work_count,openlibrary,2396,2026-10-04T20:13:22+00:00,,
20261004T202614Z-fc20c6,Q1072531,birth_year,openlibrary,1953,2026-10-04T20:13:21+00:00,false,
20261004T202614Z-fc20c6,Q1072531,birth_year,wikidata,1953,2026-10-04T19:14:19+00:00,false,
20261004T202614Z-fc20c6,Q1072531,canonical_name,wikidata,Can Xue,2026-10-04T19:14:19+00:00,,
20261004T202614Z-fc20c6,Q1072531,death_year,openlibrary,,2026-10-04T20:13:21+00:00,,not_comparable
20261004T202614Z-fc20c6,Q1072531,death_year,wikidata,,2026-10-04T19:14:19+00:00,,not_comparable
20261004T202614Z-fc20c6,Q1072531,nationality,wikidata,People's Republic of China,2026-10-04T19:14:19+00:00,,
20261004T202614Z-fc20c6,Q1072531,open_library_id,wikidata,OL2827678A,2026-10-04T19:14:19+00:00,,
20261004T202614Z-fc20c6,Q1072531,wikidata_qid,openlibrary,Q1072531,2026-10-04T20:13:21+00:00,false,
20261004T202614Z-fc20c6,Q1072531,work_count,openlibrary,14,2026-10-04T20:13:21+00:00,,
20261004T202614Z-fc20c6,Q111472131,birth_year,openlibrary,,2026-10-04T20:13:23+00:00,,not_comparable
20261004T202614Z-fc20c6,Q111472131,birth_year,wikidata,1973,2026-10-04T19:14:40+00:00,,not_comparable
20261004T202614Z-fc20c6,Q111472131,canonical_name,wikidata,Nguyễn Phan Quế Mai,2026-10-04T19:14:40+00:00,,
20261004T202614Z-fc20c6,Q111472131,death_year,openlibrary,,2026-10-04T20:13:23+00:00,,not_comparable
20261004T202614Z-fc20c6,Q111472131,death_year,wikidata,,2026-10-04T19:14:40+00:00,,not_comparable
20261004T202614Z-fc20c6,Q111472131,nationality,wikidata,Vietnam,2026-10-04T19:14:40+00:00,,
20261004T202614Z-fc20c6,Q111472131,open_library_id,wikidata,OL7993510A,2026-10-04T19:14:40+00:00,,
20261004T202614Z-fc20c6,Q111472131,wikidata_qid,openlibrary,,2026-10-04T20:13:23+00:00,,not_comparable
20261004T202614Z-fc20c6,Q111472131,work_count,openlibrary,4,2026-10-04T20:13:23+00:00,,
20261004T202614Z-fc20c6,Q11523472,birth_year,openlibrary,14 August 1979,2026-10-04T20:13:25+00:00,false,
20261004T202614Z-fc20c6,Q11523472,birth_year,wikidata,1979,2026-10-04T19:14:11+00:00,false,
20261004T202614Z-fc20c6,Q11523472,canonical_name,wikidata,Sayaka Murata,2026-10-04T19:14:11+00:00,,
20261004T202614Z-fc20c6,Q11523472,death_year,openlibrary,,2026-10-04T20:13:25+00:00,,not_comparable
20261004T202614Z-fc20c6,Q11523472,death_year,wikidata,,2026-10-04T19:14:11+00:00,,not_comparable
20261004T202614Z-fc20c6,Q11523472,nationality,wikidata,Japan,2026-10-04T19:14:11+00:00,,
20261004T202614Z-fc20c6,Q11523472,open_library_id,wikidata,OL6573124A,2026-10-04T19:14:11+00:00,,
20261004T202614Z-fc20c6,Q11523472,wikidata_qid,openlibrary,Q11523472,2026-10-04T20:13:25+00:00,false,
20261004T202614Z-fc20c6,Q11523472,work_count,openlibrary,27,2026-10-04T20:13:25+00:00,,
20261004T202614Z-fc20c6,Q115243,birth_year,openlibrary,25 February 1949,2026-10-04T20:13:26+00:00,false,
20261004T202614Z-fc20c6,Q115243,birth_year,wikidata,1949,2026-10-04T19:14:31+00:00,false,
20261004T202614Z-fc20c6,Q115243,canonical_name,wikidata,Amin Maalouf,2026-10-04T19:14:31+00:00,,
20261004T202614Z-fc20c6,Q115243,death_year,openlibrary,,2026-10-04T20:13:26+00:00,,not_comparable
20261004T202614Z-fc20c6,Q115243,death_year,wikidata,,2026-10-04T19:14:31+00:00,,not_comparable
20261004T202614Z-fc20c6,Q115243,nationality,wikidata,France; Lebanon,2026-10-04T19:14:31+00:00,,
20261004T202614Z-fc20c6,Q115243,open_library_id,wikidata,OL46671A,2026-10-04T19:14:31+00:00,,
20261004T202614Z-fc20c6,Q115243,wikidata_qid,openlibrary,Q115243,2026-10-04T20:13:26+00:00,false,
20261004T202614Z-fc20c6,Q115243,work_count,openlibrary,31,2026-10-04T20:13:26+00:00,,
20261004T202614Z-fc20c6,Q1153825,birth_year,openlibrary,1 September 1940,2026-10-04T20:13:27+00:00,false,
20261004T202614Z-fc20c6,Q1153825,birth_year,wikidata,1940,2026-10-04T19:13:26+00:00,false,
20261004T202614Z-fc20c6,Q1153825,canonical_name,wikidata,Annie Ernaux,2026-10-04T19:13:26+00:00,,
20261004T202614Z-fc20c6,Q1153825,death_year,openlibrary,,2026-10-04T20:13:27+00:00,,not_comparable
20261004T202614Z-fc20c6,Q1153825,death_year,wikidata,,2026-10-04T19:13:26+00:00,,not_comparable
20261004T202614Z-fc20c6,Q1153825,nationality,wikidata,France,2026-10-04T19:13:26+00:00,,
20261004T202614Z-fc20c6,Q1153825,open_library_id,wikidata,OL29466A,2026-10-04T19:13:26+00:00,,
20261004T202614Z-fc20c6,Q1153825,wikidata_qid,openlibrary,Q1153825,2026-10-04T20:13:27+00:00,false,
20261004T202614Z-fc20c6,Q1153825,work_count,openlibrary,45,2026-10-04T20:13:27+00:00,,
20261004T202614Z-fc20c6,Q117018,birth_year,openlibrary,1893,2026-10-04T20:13:28+00:00,false,
20261004T202614Z-fc20c6,Q117018,birth_year,wikidata,1893,2026-10-04T19:10:35+00:00,false,
20261004T202614Z-fc20c6,Q117018,canonical_name,wikidata,Vicente Huidobro,2026-10-04T19:10:35+00:00,,
20261004T202614Z-fc20c6,Q117018,death_year,openlibrary,1948,2026-10-04T20:13:28+00:00,false,
20261004T202614Z-fc20c6,Q117018,death_year,wikidata,1948,2026-10-04T19:10:35+00:00,false,
20261004T202614Z-fc20c6,Q117018,nationality,wikidata,Chile,2026-10-04T19:10:35+00:00,,
20261004T202614Z-fc20c6,Q117018,open_library_id,wikidata,OL256110A,2026-10-04T19:10:35+00:00,,
20261004T202614Z-fc20c6,Q117018,wikidata_qid,openlibrary,Q117018,2026-10-04T20:13:28+00:00,false,
20261004T202614Z-fc20c6,Q117018,work_count,openlibrary,95,2026-10-04T20:13:28+00:00,,
20261004T202614Z-fc20c6,Q1187562,birth_year,openlibrary,1951,2026-10-04T20:13:29+00:00,false,
20261004T202614Z-fc20c6,Q1187562,birth_year,wikidata,1951,2026-10-04T19:12:07+00:00,false,
20261004T202614Z-fc20c6,Q1187562,canonical_name,wikidata,Rosa Montero,2026-10-04T19:12:07+00:00,,
20261004T202614Z-fc20c6,Q1187562,death_year,openlibrary,,2026-10-04T20:13:29+00:00,,not_comparable
20261004T202614Z-fc20c6,Q1187562,death_year,wikidata,,2026-10-04T19:12:07+00:00,,not_comparable
20261004T202614Z-fc20c6,Q1187562,nationality,wikidata,Spain,2026-10-04T19:12:07+00:00,,
20261004T202614Z-fc20c6,Q1187562,open_library_id,wikidata,OL91941A,2026-10-04T19:12:07+00:00,,
20261004T202614Z-fc20c6,Q1187562,wikidata_qid,openlibrary,Q1187562,2026-10-04T20:13:29+00:00,false,
20261004T202614Z-fc20c6,Q1187562,work_count,openlibrary,52,2026-10-04T20:13:29+00:00,,
20261004T202614Z-fc20c6,Q126633,birth_year,openlibrary,22 November 1969,2026-10-04T20:13:30+00:00,false,
20261004T202614Z-fc20c6,Q126633,birth_year,wikidata,1969,2026-10-04T19:14:35+00:00,false,
20261004T202614Z-fc20c6,Q126633,canonical_name,wikidata,Marjane Satrapi,2026-10-04T19:14:35+00:00,,
20261004T202614Z-fc20c6,Q126633,death_year,openlibrary,4 June 2026,2026-10-04T20:13:30+00:00,false,
20261004T202614Z-fc20c6,Q126633,death_year,wikidata,2026,2026-10-04T19:14:35+00:00,false,
20261004T202614Z-fc20c6,Q126633,nationality,wikidata,France; Iran,2026-10-04T19:14:35+00:00,,
20261004T202614Z-fc20c6,Q126633,open_library_id,wikidata,OL1394320A,2026-10-04T19:14:35+00:00,,
20261004T202614Z-fc20c6,Q126633,wikidata_qid,openlibrary,Q126633,2026-10-04T20:13:30+00:00,false,
20261004T202614Z-fc20c6,Q126633,work_count,openlibrary,22,2026-10-04T20:13:30+00:00,,
20261004T202614Z-fc20c6,Q12807,birth_year,openlibrary,5 January 1932,2026-10-04T20:13:31+00:00,false,
20261004T202614Z-fc20c6,Q12807,birth_year,wikidata,1932,2026-10-04T19:13:43+00:00,false,
20261004T202614Z-fc20c6,Q12807,canonical_name,wikidata,Umberto Eco,2026-10-04T19:13:43+00:00,,
20261004T202614Z-fc20c6,Q12807,death_year,openlibrary,19 February 2016,2026-10-04T20:13:31+00:00,false,
20261004T202614Z-fc20c6,Q12807,death_year,wikidata,2016,2026-10-04T19:13:43+00:00,false,
20261004T202614Z-fc20c6,Q12807,nationality,wikidata,Italy; Kingdom of Italy,2026-10-04T19:13:43+00:00,,
20261004T202614Z-fc20c6,Q12807,open_library_id,wikidata,OL20735A,2026-10-04T19:13:43+00:00,,
20261004T202614Z-fc20c6,Q12807,wikidata_qid,openlibrary,Q12807,2026-10-04T20:13:31+00:00,false,
20261004T202614Z-fc20c6,Q12807,work_count,openlibrary,511,2026-10-04T20:13:31+00:00,,
20261004T202614Z-fc20c6,Q12881,birth_year,openlibrary,24 August 1947,2026-10-04T20:13:32+00:00,false,
20261004T202614Z-fc20c6,Q12881,birth_year,wikidata,1947,2026-10-04T19:11:59+00:00,false,
20261004T202614Z-fc20c6,Q12881,canonical_name,wikidata,Paulo Coelho,2026-10-04T19:11:59+00:00,,
20261004T202614Z-fc20c6,Q12881,death_year,openlibrary,,2026-10-04T20:13:32+00:00,,not_comparable
20261004T202614Z-fc20c6,Q12881,death_year,wikidata,,2026-10-04T19:11:59+00:00,,not_comparable
20261004T202614Z-fc20c6,Q12881,nationality,wikidata,Brazil,2026-10-04T19:11:59+00:00,,
20261004T202614Z-fc20c6,Q12881,open_library_id,wikidata,OL66700A,2026-10-04T19:11:59+00:00,,
20261004T202614Z-fc20c6,Q12881,wikidata_qid,openlibrary,Q12881,2026-10-04T20:13:32+00:00,false,
20261004T202614Z-fc20c6,Q12881,work_count,openlibrary,769,2026-10-04T20:13:32+00:00,,
20261004T202614Z-fc20c6,Q129533,birth_year,wikidata,1920,2026-10-04T19:12:17+00:00,,
20261004T202614Z-fc20c6,Q129533,canonical_name,wikidata,Idea Vilariño,2026-10-04T19:12:17+00:00,,
20261004T202614Z-fc20c6,Q129533,death_year,wikidata,2009,2026-10-04T19:12:17+00:00,,
20261004T202614Z-fc20c6,Q129533,nationality,wikidata,Uruguay,2026-10-04T19:12:17+00:00,,
20261004T202614Z-fc20c6,Q13005,birth_year,openlibrary,1904,2026-10-04T20:13:33+00:00,false,
20261004T202614Z-fc20c6,Q13005,birth_year,wikidata,1904,2026-10-04T19:14:17+00:00,false,
20261004T202614Z-fc20c6,Q13005,canonical_name,wikidata,Ba Jin,2026-10-04T19:14:17+00:00,,
20261004T202614Z-fc20c6,Q13005,death_year,openlibrary,2005,2026-10-04T20:13:33+00:00,false,
20261004T202614Z-fc20c6,Q13005,death_year,wikidata,2005,2026-10-04T19:14:17+00:00,false,
20261004T202614Z-fc20c6,Q13005,nationality,wikidata,People's Republic of China,2026-10-04T19:14:17+00:00,,
20261004T202614Z-fc20c6,Q13005,open_library_id,wikidata,OL783268A; OL5418881A,2026-10-04T19:14:17+00:00,,
20261004T202614Z-fc20c6,Q13005,wikidata_qid,openlibrary,Q13005,2026-10-04T20:13:33+00:00,false,
20261004T202614Z-fc20c6,Q13005,work_count,openlibrary,491,2026-10-04T20:13:33+00:00,,
20261004T202614Z-fc20c6,Q13012,birth_year,openlibrary,1908,2026-10-04T20:13:36+00:00,false,
20261004T202614Z-fc20c6,Q13012,birth_year,wikidata,1908,2026-10-04T19:12:01+00:00,false,
20261004T202614Z-fc20c6,Q13012,canonical_name,wikidata,Guimarães Rosa,2026-10-04T19:12:01+00:00,,
20261004T202614Z-fc20c6,Q13012,death_year,openlibrary,1967,2026-10-04T20:13:36+00:00,false,
20261004T202614Z-fc20c6,Q13012,death_year,wikidata,1967,2026-10-04T19:12:01+00:00,false,
20261004T202614Z-fc20c6,Q13012,nationality,wikidata,Brazil,2026-10-04T19:12:01+00:00,,
20261004T202614Z-fc20c6,Q13012,open_library_id,wikidata,OL4642494A; OL204214A,2026-10-04T19:12:01+00:00,,
20261004T202614Z-fc20c6,Q13012,wikidata_qid,openlibrary,Q13012,2026-10-04T20:13:36+00:00,false,
20261004T202614Z-fc20c6,Q13012,work_count,openlibrary,109,2026-10-04T20:13:36+00:00,,
20261004T202614Z-fc20c6,Q130631,birth_year,openlibrary,15 July 1930,2026-10-04T20:13:35+00:00,false,
20261004T202614Z-fc20c6,Q130631,birth_year,wikidata,1930,2026-10-04T19:14:48+00:00,false,
20261004T202614Z-fc20c6,Q130631,canonical_name,wikidata,Jacques Derrida,2026-10-04T19:14:48+00:00,,
20261004T202614Z-fc20c6,Q130631,death_year,openlibrary,8 October 2004,2026-10-04T20:13:35+00:00,false,
20261004T202614Z-fc20c6,Q130631,death_year,wikidata,2004,2026-10-04T19:14:48+00:00,false,
20261004T202614Z-fc20c6,Q130631,nationality,wikidata,France,2026-10-04T19:14:48+00:00,,
20261004T202614Z-fc20c6,Q130631,open_library_id,wikidata,OL23065A; OL6883583A,2026-10-04T19:14:48+00:00,,
20261004T202614Z-fc20c6,Q130631,wikidata_qid,openlibrary,Q130631,2026-10-04T20:13:35+00:00,false,
20261004T202614Z-fc20c6,Q130631,work_count,openlibrary,564,2026-10-04T20:13:35+00:00,,
20261004T202614Z-fc20c6,Q131149,birth_year,openlibrary,12 July 1817,2026-10-04T20:13:36+00:00,false,
20261004T202614Z-fc20c6,Q131149,birth_year,wikidata,1817,2026-10-04T19:12:49+00:00,false,
20261004T202614Z-fc20c6,Q131149,canonical_name,wikidata,Henry David Thoreau,2026-10-04T19:12:49+00:00,,
20261004T202614Z-fc20c6,Q131149,death_year,openlibrary,6 May 1862,2026-10-04T20:13:36+00:00,false,
20261004T202614Z-fc20c6,Q131149,death_year,wikidata,1862,2026-10-04T19:12:49+00:00,false,
20261004T202614Z-fc20c6,Q131149,nationality,wikidata,United States,2026-10-04T19:12:49+00:00,,
20261004T202614Z-fc20c6,Q131149,open_library_id,wikidata,OL19690A,2026-10-04T19:12:49+00:00,,
20261004T202614Z-fc20c6,Q131149,wikidata_qid,openlibrary,Q131149,2026-10-04T20:13:36+00:00,false,
20261004T202614Z-fc20c6,Q131149,work_count,openlibrary,1375,2026-10-04T20:13:36+00:00,,
20261004T202614Z-fc20c6,Q131333,birth_year,openlibrary,22 November 1819,2026-10-04T20:13:40+00:00,false,
20261004T202614Z-fc20c6,Q131333,birth_year,wikidata,1819,2026-10-04T19:12:40+00:00,false,
20261004T202614Z-fc20c6,Q131333,canonical_name,wikidata,George Eliot,2026-10-04T19:12:40+00:00,,
20261004T202614Z-fc20c6,Q131333,death_year,openlibrary,22 December 1880,2026-10-04T20:13:40+00:00,false,
20261004T202614Z-fc20c6,Q131333,death_year,wikidata,1880,2026-10-04T19:12:40+00:00,false,
20261004T202614Z-fc20c6,Q131333,nationality,wikidata,United Kingdom of Great Britain and Ireland,2026-10-04T19:12:40+00:00,,
20261004T202614Z-fc20c6,Q131333,open_library_id,wikidata,OL24528A,2026-10-04T19:12:40+00:00,,
20261004T202614Z-fc20c6,Q131333,wikidata_qid,openlibrary,Q131333,2026-10-04T20:13:40+00:00,false,
20261004T202614Z-fc20c6,Q131333,work_count,openlibrary,1801,2026-10-04T20:13:40+00:00,,
20261004T202614Z-fc20c6,Q132589,birth_year,openlibrary,11 May 1916,2026-10-04T20:09:29+00:00,false,
20261004T202614Z-fc20c6,Q132589,birth_year,wikidata,1916,2026-10-04T19:11:49+00:00,false,
20261004T202614Z-fc20c6,Q132589,canonical_name,wikidata,Camilo José Cela,2026-10-04T19:11:49+00:00,,
20261004T202614Z-fc20c6,Q132589,death_year,openlibrary,17 January 2002,2026-10-04T20:09:29+00:00,false,
20261004T202614Z-fc20c6,Q132589,death_year,wikidata,2002,2026-10-04T19:11:49+00:00,false,
20261004T202614Z-fc20c6,Q132589,nationality,wikidata,Spain,2026-10-04T19:11:49+00:00,,
20261004T202614Z-fc20c6,Q132589,open_library_id,wikidata,OL83751A,2026-10-04T19:11:49+00:00,,
20261004T202614Z-fc20c6,Q132589,wikidata_qid,openlibrary,Q132589,2026-10-04T20:09:29+00:00,false,
20261004T202614Z-fc20c6,Q132589,work_count,openlibrary,408,2026-10-04T20:09:29+00:00,,
20261004T202614Z-fc20c6,Q132805,birth_year,openlibrary,2 June 1840,2026-10-04T20:13:41+00:00,false,
20261004T202614Z-fc20c6,Q132805,birth_year,wikidata,1840,2026-10-04T19:12:41+00:00,false,
20261004T202614Z-fc20c6,Q132805,canonical_name,wikidata,Thomas Hardy,2026-10-04T19:12:41+00:00,,
20261004T202614Z-fc20c6,Q132805,death_year,openlibrary,11 January 1928,2026-10-04T20:13:41+00:00,false,
20261004T202614Z-fc20c6,Q132805,death_year,wikidata,1928,2026-10-04T19:12:41+00:00,false,
20261004T202614Z-fc20c6,Q132805,nationality,wikidata,United Kingdom,2026-10-04T19:12:41+00:00,,
20261004T202614Z-fc20c6,Q132805,open_library_id,wikidata,OL18277A,2026-10-04T19:12:41+00:00,,
20261004T202614Z-fc20c6,Q132805,wikidata_qid,openlibrary,Q132805,2026-10-04T20:13:41+00:00,false,
20261004T202614Z-fc20c6,Q132805,work_count,openlibrary,3785,2026-10-04T20:13:41+00:00,,
20261004T202614Z-fc20c6,Q133042,birth_year,openlibrary,8 August 1887,2026-10-04T20:13:42+00:00,false,
20261004T202614Z-fc20c6,Q133042,birth_year,wikidata,1887,2026-10-04T19:13:42+00:00,false,
20261004T202614Z-fc20c6,Q133042,canonical_name,wikidata,Shmuel Yosef Agnon,2026-10-04T19:13:42+00:00,,
20261004T202614Z-fc20c6,Q133042,death_year,openlibrary,17 February 1970,2026-10-04T20:13:42+00:00,false,
20261004T202614Z-fc20c6,Q133042,death_year,wikidata,1970,2026-10-04T19:13:42+00:00,false,
20261004T202614Z-fc20c6,Q133042,nationality,wikidata,Deutsches Kaiserreich; Hungary; Israel; Mandatory Palestine; Weimarer Republik,2026-10-04T19:13:42+00:00,,
20261004T202614Z-fc20c6,Q133042,open_library_id,wikidata,OL29646A,2026-10-04T19:13:42+00:00,,
20261004T202614Z-fc20c6,Q133042,wikidata_qid,openlibrary,Q133042,2026-10-04T20:13:42+00:00,false,
20261004T202614Z-fc20c6,Q133042,work_count,openlibrary,216,2026-10-04T20:13:42+00:00,,
20261004T202614Z-fc20c6,Q133054,birth_year,openlibrary,27 October 1932,2026-10-04T20:13:43+00:00,false,
20261004T202614Z-fc20c6,Q133054,birth_year,wikidata,1932,2026-10-04T19:12:57+00:00,false,
20261004T202614Z-fc20c6,Q133054,canonical_name,wikidata,Sylvia Plath,2026-10-04T19:12:57+00:00,,
20261004T202614Z-fc20c6,Q133054,death_year,openlibrary,11 February 1963,2026-10-04T20:13:43+00:00,false,
20261004T202614Z-fc20c6,Q133054,death_year,wikidata,1963,2026-10-04T19:12:57+00:00,false,
20261004T202614Z-fc20c6,Q133054,nationality,wikidata,United States,2026-10-04T19:12:57+00:00,,
20261004T202614Z-fc20c6,Q133054,open_library_id,wikidata,OL4327652A,2026-10-04T19:12:57+00:00,,
20261004T202614Z-fc20c6,Q133054,wikidata_qid,openlibrary,Q133054,2026-10-04T20:13:43+00:00,false,
20261004T202614Z-fc20c6,Q133054,work_count,openlibrary,161,2026-10-04T20:13:43+00:00,,
20261004T202614Z-fc20c6,Q134456,birth_year,openlibrary,14 January 1925,2026-10-04T20:13:44+00:00,false,
20261004T202614Z-fc20c6,Q134456,birth_year,wikidata,1925,2026-10-04T19:14:07+00:00,false,
20261004T202614Z-fc20c6,Q134456,canonical_name,wikidata,Yukio Mishima,2026-10-04T19:14:07+00:00,,
20261004T202614Z-fc20c6,Q134456,death_year,openlibrary,25 November 1970,2026-10-04T20:13:44+00:00,false,
20261004T202614Z-fc20c6,Q134456,death_year,wikidata,1970,2026-10-04T19:14:07+00:00,false,
20261004T202614Z-fc20c6,Q134456,nationality,wikidata,Japan,2026-10-04T19:14:07+00:00,,
20261004T202614Z-fc20c6,Q134456,open_library_id,wikidata,OL220942A,2026-10-04T19:14:07+00:00,,
20261004T202614Z-fc20c6,Q134456,wikidata_qid,openlibrary,Q134456,2026-10-04T20:13:44+00:00,false,
20261004T202614Z-fc20c6,Q134456,work_count,openlibrary,507,2026-10-04T20:13:44+00:00,,
20261004T202614Z-fc20c6,Q134798,birth_year,openlibrary,12 January 1949,2026-10-04T20:13:45+00:00,false,
20261004T202614Z-fc20c6,Q134798,birth_year,wikidata,1949,2026-10-04T19:14:06+00:00,false,
20261004T202614Z-fc20c6,Q134798,canonical_name,wikidata,Haruki Murakami,2026-10-04T19:14:06+00:00,,
20261004T202614Z-fc20c6,Q134798,death_year,openlibrary,,2026-10-04T20:13:45+00:00,,not_comparable
20261004T202614Z-fc20c6,Q134798,death_year,wikidata,,2026-10-04T19:14:06+00:00,,not_comparable
20261004T202614Z-fc20c6,Q134798,nationality,wikidata,Japan,2026-10-04T19:14:06+00:00,,
20261004T202614Z-fc20c6,Q134798,open_library_id,wikidata,OL382524A; OL13493873A,2026-10-04T19:14:06+00:00,,
20261004T202614Z-fc20c6,Q134798,wikidata_qid,openlibrary,Q134798,2026-10-04T20:13:45+00:00,false,
20261004T202614Z-fc20c6,Q134798,work_count,openlibrary,535,2026-10-04T20:13:45+00:00,,
20261004T202614Z-fc20c6,Q1392121,birth_year,openlibrary,1892,2026-10-04T20:13:46+00:00,false,
20261004T202614Z-fc20c6,Q1392121,birth_year,wikidata,1892,2026-10-04T19:12:00+00:00,false,
20261004T202614Z-fc20c6,Q1392121,canonical_name,wikidata,Graciliano Ramos,2026-10-04T19:12:00+00:00,,
20261004T202614Z-fc20c6,Q1392121,death_year,openlibrary,1953,2026-10-04T20:13:46+00:00,false,
20261004T202614Z-fc20c6,Q1392121,death_year,wikidata,1953,2026-10-04T19:12:00+00:00,false,
20261004T202614Z-fc20c6,Q1392121,nationality,wikidata,Brazil,2026-10-04T19:12:00+00:00,,
20261004T202614Z-fc20c6,Q1392121,open_library_id,wikidata,OL441423A,2026-10-04T19:12:00+00:00,,
20261004T202614Z-fc20c6,Q1392121,wikidata_qid,openlibrary,Q1392121,2026-10-04T20:13:46+00:00,false,
20261004T202614Z-fc20c6,Q1392121,work_count,openlibrary,81,2026-10-04T20:13:46+00:00,,
20261004T202614Z-fc20c6,Q1398,birth_year,openlibrary,15 October 70 BCE,2026-10-04T20:13:47+00:00,,not_comparable
20261004T202614Z-fc20c6,Q1398,birth_year,wikidata,-70,2026-10-04T19:13:55+00:00,,not_comparable
20261004T202614Z-fc20c6,Q1398,canonical_name,wikidata,Virgil,2026-10-04T19:13:55+00:00,,
20261004T202614Z-fc20c6,Q1398,death_year,openlibrary,21 September 19 BCE,2026-10-04T20:13:47+00:00,,not_comparable
20261004T202614Z-fc20c6,Q1398,death_year,wikidata,-19,2026-10-04T19:13:55+00:00,,not_comparable
20261004T202614Z-fc20c6,Q1398,nationality,wikidata,Ancient Rome,2026-10-04T19:13:55+00:00,,
20261004T202614Z-fc20c6,Q1398,open_library_id,wikidata,OL28294A,2026-10-04T19:13:55+00:00,,
20261004T202614Z-fc20c6,Q1398,wikidata_qid,openlibrary,Q1398,2026-10-04T20:13:47+00:00,false,
20261004T202614Z-fc20c6,Q1398,work_count,openlibrary,2511,2026-10-04T20:13:47+00:00,,
20261004T202614Z-fc20c6,Q1399,birth_year,openlibrary,3 May 1469,2026-10-04T20:13:48+00:00,false,
20261004T202614Z-fc20c6,Q1399,birth_year,wikidata,1469,2026-10-04T19:13:46+00:00,false,
20261004T202614Z-fc20c6,Q1399,canonical_name,wikidata,Niccolò Machiavelli,2026-10-04T19:13:46+00:00,,
20261004T202614Z-fc20c6,Q1399,death_year,openlibrary,21 June 1527,2026-10-04T20:13:48+00:00,false,
20261004T202614Z-fc20c6,Q1399,death_year,wikidata,1527,2026-10-04T19:13:46+00:00,false,
20261004T202614Z-fc20c6,Q1399,nationality,wikidata,Republic of Florence,2026-10-04T19:13:46+00:00,,
20261004T202614Z-fc20c6,Q1399,open_library_id,wikidata,OL23135A,2026-10-04T19:13:46+00:00,,
20261004T202614Z-fc20c6,Q1399,wikidata_qid,openlibrary,Q1399,2026-10-04T20:13:48+00:00,false,
20261004T202614Z-fc20c6,Q1399,work_count,openlibrary,1045,2026-10-04T20:13:48+00:00,,
20261004T202614Z-fc20c6,Q140052,birth_year,openlibrary,25 Oct 1975,2026-10-04T20:13:50+00:00,false,
20261004T202614Z-fc20c6,Q140052,birth_year,wikidata,1975,2026-10-04T19:13:06+00:00,false,
20261004T202614Z-fc20c6,Q140052,canonical_name,wikidata,Zadie Smith,2026-10-04T19:13:06+00:00,,
20261004T202614Z-fc20c6,Q140052,death_year,openlibrary,,2026-10-04T20:13:50+00:00,,not_comparable
20261004T202614Z-fc20c6,Q140052,death_year,wikidata,,2026-10-04T19:13:06+00:00,,not_comparable
20261004T202614Z-fc20c6,Q140052,nationality,wikidata,United Kingdom,2026-10-04T19:13:06+00:00,,
20261004T202614Z-fc20c6,Q140052,open_library_id,wikidata,OL30118A,2026-10-04T19:13:06+00:00,,
20261004T202614Z-fc20c6,Q140052,wikidata_qid,openlibrary,Q140052,2026-10-04T20:13:50+00:00,false,
20261004T202614Z-fc20c6,Q140052,work_count,openlibrary,69,2026-10-04T20:13:50+00:00,,
20261004T202614Z-fc20c6,Q1401,birth_year,openlibrary,1304,2026-10-04T20:13:51+00:00,false,
20261004T202614Z-fc20c6,Q1401,birth_year,wikidata,1304,2026-10-04T19:13:45+00:00,false,
20261004T202614Z-fc20c6,Q1401,canonical_name,wikidata,Francesco Petrarca,2026-10-04T19:13:45+00:00,,
20261004T202614Z-fc20c6,Q1401,death_year,openlibrary,1374,2026-10-04T20:13:51+00:00,false,
20261004T202614Z-fc20c6,Q1401,death_year,wikidata,1374,2026-10-04T19:13:45+00:00,false,
20261004T202614Z-fc20c6,Q1401,nationality,wikidata,Republic of Florence,2026-10-04T19:13:45+00:00,,
20261004T202614Z-fc20c6,Q1401,open_library_id,wikidata,OL77056A,2026-10-04T19:13:45+00:00,,
20261004T202614Z-fc20c6,Q1401,wikidata_qid,openlibrary,Q1401,2026-10-04T20:13:51+00:00,false,
20261004T202614Z-fc20c6,Q1401,work_count,openlibrary,1091,2026-10-04T20:13:51+00:00,,
20261004T202614Z-fc20c6,Q140135,birth_year,wikidata,1968,2026-10-04T19:14:13+00:00,,
20261004T202614Z-fc20c6,Q140135,canonical_name,wikidata,Kim Young-ha,2026-10-04T19:14:13+00:00,,
20261004T202614Z-fc20c6,Q140135,death_year,wikidata,,2026-10-04T19:14:13+00:00,,
20261004T202614Z-fc20c6,Q140135,nationality,wikidata,South Korea,2026-10-04T19:14:13+00:00,,
20261004T202614Z-fc20c6,Q1402,birth_year,openlibrary,16 July 1313,2026-10-04T20:13:52+00:00,false,
20261004T202614Z-fc20c6,Q1402,birth_year,wikidata,1313,2026-10-04T19:13:45+00:00,false,
20261004T202614Z-fc20c6,Q1402,canonical_name,wikidata,Giovanni Boccaccio,2026-10-04T19:13:45+00:00,,
20261004T202614Z-fc20c6,Q1402,death_year,openlibrary,21 December 1375,2026-10-04T20:13:52+00:00,false,
20261004T202614Z-fc20c6,Q1402,death_year,wikidata,1375,2026-10-04T19:13:45+00:00,false,
20261004T202614Z-fc20c6,Q1402,nationality,wikidata,Republic of Florence,2026-10-04T19:13:45+00:00,,
20261004T202614Z-fc20c6,Q1402,open_library_id,wikidata,OL2055261A,2026-10-04T19:13:45+00:00,,
20261004T202614Z-fc20c6,Q1402,wikidata_qid,openlibrary,Q1402,2026-10-04T20:13:52+00:00,false,
20261004T202614Z-fc20c6,Q1402,work_count,openlibrary,943,2026-10-04T20:13:52+00:00,,
20261004T202614Z-fc20c6,Q1403,birth_year,openlibrary,28 June 1867,2026-10-04T20:13:53+00:00,false,
20261004T202614Z-fc20c6,Q1403,birth_year,wikidata,1867,2026-10-04T19:13:46+00:00,false,
20261004T202614Z-fc20c6,Q1403,canonical_name,wikidata,Luigi Pirandello,2026-10-04T19:13:46+00:00,,
20261004T202614Z-fc20c6,Q1403,death_year,openlibrary,10 December 1936,2026-10-04T20:13:53+00:00,false,
20261004T202614Z-fc20c6,Q1403,death_year,wikidata,1936,2026-10-04T19:13:46+00:00,false,
20261004T202614Z-fc20c6,Q1403,nationality,wikidata,Kingdom of Italy,2026-10-04T19:13:46+00:00,,
20261004T202614Z-fc20c6,Q1403,open_library_id,wikidata,OL32292A,2026-10-04T19:13:46+00:00,,
20261004T202614Z-fc20c6,Q1403,wikidata_qid,openlibrary,Q1403,2026-10-04T20:13:53+00:00,false,
20261004T202614Z-fc20c6,Q1403,work_count,openlibrary,1593,2026-10-04T20:13:53+00:00,,
20261004T202614Z-fc20c6,Q1430,birth_year,openlibrary,4/26/121,2026-10-04T20:13:54+00:00,,not_comparable
20261004T202614Z-fc20c6,Q1430,birth_year,wikidata,121,2026-10-04T19:15:00+00:00,,not_comparable
20261004T202614Z-fc20c6,Q1430,canonical_name,wikidata,Marcus Aurelius,2026-10-04T19:15:00+00:00,,
20261004T202614Z-fc20c6,Q1430,death_year,openlibrary,3/17/180,2026-10-04T20:13:54+00:00,,not_comparable
20261004T202614Z-fc20c6,Q1430,death_year,wikidata,180,2026-10-04T19:15:00+00:00,,not_comparable
20261004T202614Z-fc20c6,Q1430,nationality,wikidata,Ancient Rome,2026-10-04T19:15:00+00:00,,
20261004T202614Z-fc20c6,Q1430,open_library_id,wikidata,OL133986A; OL7706710A,2026-10-04T19:15:00+00:00,,
20261004T202614Z-fc20c6,Q1430,wikidata_qid,openlibrary,Q1430,2026-10-04T20:13:54+00:00,false,
20261004T202614Z-fc20c6,Q1430,work_count,openlibrary,511,2026-10-04T20:13:54+00:00,,
20261004T202614Z-fc20c6,Q1446797,birth_year,openlibrary,1955,2026-10-04T20:13:55+00:00,false,
20261004T202614Z-fc20c6,Q1446797,birth_year,wikidata,1955,2026-10-04T19:14:39+00:00,false,
20261004T202614Z-fc20c6,Q1446797,canonical_name,wikidata,Abraham Verghese,2026-10-04T19:14:39+00:00,,
20261004T202614Z-fc20c6,Q1446797,death_year,openlibrary,,2026-10-04T20:13:55+00:00,,not_comparable
20261004T202614Z-fc20c6,Q1446797,death_year,wikidata,,2026-10-04T19:14:39+00:00,,not_comparable
20261004T202614Z-fc20c6,Q1446797,nationality,wikidata,India; United States,2026-10-04T19:14:39+00:00,,
20261004T202614Z-fc20c6,Q1446797,open_library_id,wikidata,OL2631224A,2026-10-04T19:14:39+00:00,,
20261004T202614Z-fc20c6,Q1446797,wikidata_qid,openlibrary,Q1446797,2026-10-04T20:13:55+00:00,false,
20261004T202614Z-fc20c6,Q1446797,work_count,openlibrary,14,2026-10-04T20:13:55+00:00,,
20261004T202614Z-fc20c6,Q148886,birth_year,openlibrary,1892,2026-10-04T20:13:56+00:00,false,
20261004T202614Z-fc20c6,Q148886,birth_year,wikidata,1892,2026-10-04T19:13:41+00:00,false,
20261004T202614Z-fc20c6,Q148886,canonical_name,wikidata,Bruno Schulz,2026-10-04T19:13:41+00:00,,
20261004T202614Z-fc20c6,Q148886,death_year,openlibrary,1942,2026-10-04T20:13:56+00:00,false,
20261004T202614Z-fc20c6,Q148886,death_year,wikidata,1942,2026-10-04T19:13:41+00:00,false,
20261004T202614Z-fc20c6,Q148886,nationality,wikidata,Austria–Hungary; Second Polish Republic; Ukrainian People's Republic; West Ukrainian People's Republic,2026-10-04T19:13:41+00:00,,
20261004T202614Z-fc20c6,Q148886,open_library_id,wikidata,OL2657678A,2026-10-04T19:13:41+00:00,,
20261004T202614Z-fc20c6,Q148886,wikidata_qid,openlibrary,Q148886,2026-10-04T20:13:56+00:00,false,
20261004T202614Z-fc20c6,Q148886,work_count,openlibrary,75,2026-10-04T20:13:56+00:00,,
20261004T202614Z-fc20c6,Q1500,birth_year,openlibrary,19 Jun 1861,2026-10-04T20:13:57+00:00,false,
20261004T202614Z-fc20c6,Q1500,birth_year,wikidata,1861,2026-10-04T19:14:44+00:00,false,
20261004T202614Z-fc20c6,Q1500,canonical_name,wikidata,José Rizal,2026-10-04T19:14:44+00:00,,
20261004T202614Z-fc20c6,Q1500,death_year,openlibrary,30 Dec 1896,2026-10-04T20:13:57+00:00,false,
20261004T202614Z-fc20c6,Q1500,death_year,wikidata,1896,2026-10-04T19:14:44+00:00,false,
20261004T202614Z-fc20c6,Q1500,nationality,wikidata,Captaincy General of the Philippines; Philippines,2026-10-04T19:14:44+00:00,,
20261004T202614Z-fc20c6,Q1500,open_library_id,wikidata,OL178062A,2026-10-04T19:14:44+00:00,,
20261004T202614Z-fc20c6,Q1500,wikidata_qid,openlibrary,Q1500,2026-10-04T20:13:57+00:00,false,
20261004T202614Z-fc20c6,Q1500,work_count,openlibrary,187,2026-10-04T20:13:57+00:00,,
20261004T202614Z-fc20c6,Q151872,birth_year,openlibrary,4 May 1939,2026-10-04T20:13:59+00:00,false,
20261004T202614Z-fc20c6,Q151872,birth_year,wikidata,1939,2026-10-04T19:14:37+00:00,false,
20261004T202614Z-fc20c6,Q151872,canonical_name,wikidata,Amos Oz,2026-10-04T19:14:37+00:00,,
20261004T202614Z-fc20c6,Q151872,death_year,openlibrary,28 December 2018,2026-10-04T20:13:59+00:00,false,
20261004T202614Z-fc20c6,Q151872,death_year,wikidata,2018,2026-10-04T19:14:37+00:00,false,
20261004T202614Z-fc20c6,Q151872,nationality,wikidata,Israel,2026-10-04T19:14:37+00:00,,
20261004T202614Z-fc20c6,Q151872,open_library_id,wikidata,OL170730A,2026-10-04T19:14:37+00:00,,
20261004T202614Z-fc20c6,Q151872,wikidata_qid,openlibrary,Q151872,2026-10-04T20:13:59+00:00,false,
20261004T202614Z-fc20c6,Q151872,work_count,openlibrary,291,2026-10-04T20:13:59+00:00,,
20261004T202614Z-fc20c6,Q152824,birth_year,openlibrary,16 Jan 1933,2026-10-04T20:14:00+00:00,false,
20261004T202614Z-fc20c6,Q152824,birth_year,wikidata,1933,2026-10-04T19:14:50+00:00,false,
20261004T202614Z-fc20c6,Q152824,canonical_name,wikidata,Susan Sontag,2026-10-04T19:14:50+00:00,,
20261004T202614Z-fc20c6,Q152824,death_year,openlibrary,28 Dec 2004,2026-10-04T20:14:00+00:00,false,
20261004T202614Z-fc20c6,Q152824,death_year,wikidata,2004,2026-10-04T19:14:50+00:00,false,
20261004T202614Z-fc20c6,Q152824,nationality,wikidata,United States,2026-10-04T19:14:50+00:00,,
20261004T202614Z-fc20c6,Q152824,open_library_id,wikidata,OL33042A,2026-10-04T19:14:50+00:00,,
20261004T202614Z-fc20c6,Q152824,wikidata_qid,openlibrary,Q152824,2026-10-04T20:14:00+00:00,false,
20261004T202614Z-fc20c6,Q152824,work_count,openlibrary,198,2026-10-04T20:14:00+00:00,,
20261004T202614Z-fc20c6,Q153248,birth_year,openlibrary,1914,2026-10-04T20:14:01+00:00,false,
20261004T202614Z-fc20c6,Q153248,birth_year,wikidata,1914,2026-10-04T19:13:26+00:00,false,
20261004T202614Z-fc20c6,Q153248,canonical_name,wikidata,Marguerite Duras,2026-10-04T19:13:26+00:00,,
20261004T202614Z-fc20c6,Q153248,death_year,openlibrary,1996,2026-10-04T20:14:01+00:00,false,
20261004T202614Z-fc20c6,Q153248,death_year,wikidata,1996,2026-10-04T19:13:26+00:00,false,
20261004T202614Z-fc20c6,Q153248,nationality,wikidata,France,2026-10-04T19:13:26+00:00,,
20261004T202614Z-fc20c6,Q153248,open_library_id,wikidata,OL45468A; OL4331266A,2026-10-04T19:13:26+00:00,,
20261004T202614Z-fc20c6,Q153248,wikidata_qid,openlibrary,Q153248,2026-10-04T20:14:01+00:00,false,
20261004T202614Z-fc20c6,Q153248,work_count,openlibrary,501,2026-10-04T20:14:01+00:00,,
20261004T202614Z-fc20c6,Q153670,birth_year,openlibrary,31 July 1919,2026-10-04T20:14:02+00:00,false,
20261004T202614Z-fc20c6,Q153670,birth_year,wikidata,1919,2026-10-04T19:13:44+00:00,false,
20261004T202614Z-fc20c6,Q153670,canonical_name,wikidata,Primo Levi,2026-10-04T19:13:44+00:00,,
20261004T202614Z-fc20c6,Q153670,death_year,openlibrary,11 April 1987,2026-10-04T20:14:02+00:00,false,
20261004T202614Z-fc20c6,Q153670,death_year,wikidata,1987,2026-10-04T19:13:44+00:00,false,
20261004T202614Z-fc20c6,Q153670,nationality,wikidata,Italy; Kingdom of Italy,2026-10-04T19:13:44+00:00,,
20261004T202614Z-fc20c6,Q153670,open_library_id,wikidata,OL74802A,2026-10-04T19:13:44+00:00,,
20261004T202614Z-fc20c6,Q153670,wikidata_qid,openlibrary,Q153670,2026-10-04T20:14:02+00:00,false,
20261004T202614Z-fc20c6,Q153670,work_count,openlibrary,100,2026-10-04T20:14:02+00:00,,
20261004T202614Z-fc20c6,Q15449810,birth_year,openlibrary,1983,2026-10-04T20:14:03+00:00,false,
20261004T202614Z-fc20c6,Q15449810,birth_year,wikidata,1983,2026-10-04T19:11:55+00:00,false,
20261004T202614Z-fc20c6,Q15449810,canonical_name,wikidata,Valeria Luiselli,2026-10-04T19:11:55+00:00,,
20261004T202614Z-fc20c6,Q15449810,death_year,openlibrary,,2026-10-04T20:14:03+00:00,,not_comparable
20261004T202614Z-fc20c6,Q15449810,death_year,wikidata,,2026-10-04T19:11:55+00:00,,not_comparable
20261004T202614Z-fc20c6,Q15449810,nationality,wikidata,Mexico,2026-10-04T19:11:55+00:00,,
20261004T202614Z-fc20c6,Q15449810,open_library_id,wikidata,OL7505388A,2026-10-04T19:11:55+00:00,,
20261004T202614Z-fc20c6,Q15449810,wikidata_qid,openlibrary,Q15449810,2026-10-04T20:14:03+00:00,false,
20261004T202614Z-fc20c6,Q15449810,work_count,openlibrary,22,2026-10-04T20:14:03+00:00,,
20261004T202614Z-fc20c6,Q15452495,birth_year,openlibrary,1975,2026-10-04T20:14:04+00:00,false,
20261004T202614Z-fc20c6,Q15452495,birth_year,wikidata,1975,2026-10-04T19:13:13+00:00,false,
20261004T202614Z-fc20c6,Q15452495,canonical_name,wikidata,Ta-Nehisi Coates,2026-10-04T19:13:13+00:00,,
20261004T202614Z-fc20c6,Q15452495,death_year,openlibrary,,2026-10-04T20:14:04+00:00,,not_comparable
20261004T202614Z-fc20c6,Q15452495,death_year,wikidata,,2026-10-04T19:13:13+00:00,,not_comparable
20261004T202614Z-fc20c6,Q15452495,nationality,wikidata,United States,2026-10-04T19:13:13+00:00,,
20261004T202614Z-fc20c6,Q15452495,open_library_id,wikidata,OL3379613A,2026-10-04T19:13:13+00:00,,
20261004T202614Z-fc20c6,Q15452495,wikidata_qid,openlibrary,Q15452495,2026-10-04T20:14:04+00:00,false,
20261004T202614Z-fc20c6,Q15452495,work_count,openlibrary,64,2026-10-04T20:14:04+00:00,,
20261004T202614Z-fc20c6,Q154691,birth_year,openlibrary,1928,2026-10-04T20:14:06+00:00,false,
20261004T202614Z-fc20c6,Q154691,birth_year,wikidata,1928,2026-10-04T19:11:54+00:00,false,
20261004T202614Z-fc20c6,Q154691,canonical_name,wikidata,Carlos Fuentes,2026-10-04T19:11:54+00:00,,
20261004T202614Z-fc20c6,Q154691,death_year,openlibrary,2012,2026-10-04T20:14:06+00:00,false,
20261004T202614Z-fc20c6,Q154691,death_year,wikidata,2012,2026-10-04T19:11:54+00:00,false,
20261004T202614Z-fc20c6,Q154691,nationality,wikidata,Mexico,2026-10-04T19:11:54+00:00,,
20261004T202614Z-fc20c6,Q154691,open_library_id,wikidata,OL4333664A,2026-10-04T19:11:54+00:00,,
20261004T202614Z-fc20c6,Q154691,wikidata_qid,openlibrary,Q154691,2026-10-04T20:14:06+00:00,false,
20261004T202614Z-fc20c6,Q154691,work_count,openlibrary,674,2026-10-04T20:14:06+00:00,,
20261004T202614Z-fc20c6,Q154723,birth_year,openlibrary,26 March 1905,2026-10-04T20:14:09+00:00,false,
20261004T202614Z-fc20c6,Q154723,birth_year,wikidata,1905,2026-10-04T19:14:57+00:00,false,
20261004T202614Z-fc20c6,Q154723,canonical_name,wikidata,Viktor Frankl,2026-10-04T19:14:57+00:00,,
20261004T202614Z-fc20c6,Q154723,death_year,openlibrary,2 September 1997,2026-10-04T20:14:09+00:00,false,
20261004T202614Z-fc20c6,Q154723,death_year,wikidata,1997,2026-10-04T19:14:57+00:00,false,
20261004T202614Z-fc20c6,Q154723,nationality,wikidata,Austria,2026-10-04T19:14:57+00:00,,
20261004T202614Z-fc20c6,Q154723,open_library_id,wikidata,OL6200391A,2026-10-04T19:14:57+00:00,,
20261004T202614Z-fc20c6,Q154723,wikidata_qid,openlibrary,Q154723,2026-10-04T20:14:09+00:00,false,
20261004T202614Z-fc20c6,Q154723,work_count,openlibrary,0,2026-10-04T20:14:09+00:00,,
20261004T202614Z-fc20c6,Q154756,birth_year,openlibrary,15 Oct 1923,2026-10-04T20:14:08+00:00,false,
20261004T202614Z-fc20c6,Q154756,birth_year,wikidata,1923,2026-10-04T19:13:43+00:00,false,
20261004T202614Z-fc20c6,Q154756,canonical_name,wikidata,Italo Calvino,2026-10-04T19:13:43+00:00,,
20261004T202614Z-fc20c6,Q154756,death_year,openlibrary,19 Sep 1985,2026-10-04T20:14:08+00:00,false,
20261004T202614Z-fc20c6,Q154756,death_year,wikidata,1985,2026-10-04T19:13:43+00:00,false,
20261004T202614Z-fc20c6,Q154756,nationality,wikidata,Italy; Kingdom of Italy,2026-10-04T19:13:43+00:00,,
20261004T202614Z-fc20c6,Q154756,open_library_id,wikidata,OL4326372A,2026-10-04T19:13:43+00:00,,
20261004T202614Z-fc20c6,Q154756,wikidata_qid,openlibrary,Q154756,2026-10-04T20:14:08+00:00,false,
20261004T202614Z-fc20c6,Q154756,work_count,openlibrary,472,2026-10-04T20:14:08+00:00,,
20261004T202614Z-fc20c6,Q155106,birth_year,openlibrary,25 Nov 1951,2026-10-04T20:09:30+00:00,false,
20261004T202614Z-fc20c6,Q155106,birth_year,wikidata,1951,2026-10-04T19:11:49+00:00,false,
20261004T202614Z-fc20c6,Q155106,canonical_name,wikidata,Arturo Pérez-Reverte,2026-10-04T19:11:49+00:00,,
20261004T202614Z-fc20c6,Q155106,death_year,openlibrary,,2026-10-04T20:09:30+00:00,,not_comparable
20261004T202614Z-fc20c6,Q155106,death_year,wikidata,,2026-10-04T19:11:49+00:00,,not_comparable
20261004T202614Z-fc20c6,Q155106,nationality,wikidata,Spain,2026-10-04T19:11:49+00:00,,
20261004T202614Z-fc20c6,Q155106,open_library_id,wikidata,OL2661154A,2026-10-04T19:11:49+00:00,,
20261004T202614Z-fc20c6,Q155106,wikidata_qid,openlibrary,Q155106,2026-10-04T20:09:30+00:00,false,
20261004T202614Z-fc20c6,Q155106,work_count,openlibrary,123,2026-10-04T20:09:30+00:00,,
20261004T202614Z-fc20c6,Q155845,birth_year,openlibrary,1930,2026-10-04T20:14:11+00:00,false,
20261004T202614Z-fc20c6,Q155845,birth_year,wikidata,1930,2026-10-04T19:13:09+00:00,false,
20261004T202614Z-fc20c6,Q155845,canonical_name,wikidata,Chinua Achebe,2026-10-04T19:13:09+00:00,,
20261004T202614Z-fc20c6,Q155845,death_year,openlibrary,2013,2026-10-04T20:14:11+00:00,false,
20261004T202614Z-fc20c6,Q155845,death_year,wikidata,2013,2026-10-04T19:13:09+00:00,false,
20261004T202614Z-fc20c6,Q155845,nationality,wikidata,Colonial Nigeria; Nigeria,2026-10-04T19:13:09+00:00,,
20261004T202614Z-fc20c6,Q155845,open_library_id,wikidata,OL4339419A; OL78910A,2026-10-04T19:13:09+00:00,,
20261004T202614Z-fc20c6,Q155845,wikidata_qid,openlibrary,Q155845,2026-10-04T20:14:11+00:00,false,
20261004T202614Z-fc20c6,Q155845,work_count,openlibrary,271,2026-10-04T20:14:11+00:00,,
20261004T202614Z-fc20c6,Q155855,birth_year,openlibrary,1890,2026-10-04T20:14:12+00:00,false,
20261004T202614Z-fc20c6,Q155855,birth_year,wikidata,1890,2026-10-04T19:13:30+00:00,false,
20261004T202614Z-fc20c6,Q155855,canonical_name,wikidata,Karel Čapek,2026-10-04T19:13:30+00:00,,
20261004T202614Z-fc20c6,Q155855,death_year,openlibrary,1938,2026-10-04T20:14:12+00:00,false,
20261004T202614Z-fc20c6,Q155855,death_year,wikidata,1938,2026-10-04T19:13:30+00:00,false,
20261004T202614Z-fc20c6,Q155855,nationality,wikidata,Cisleithania; Czechoslovakia,2026-10-04T19:13:30+00:00,,
20261004T202614Z-fc20c6,Q155855,open_library_id,wikidata,OL4280557A; OL5930483A; OL10349770A; OL1155711A,2026-10-04T19:13:30+00:00,,
20261004T202614Z-fc20c6,Q155855,wikidata_qid,openlibrary,Q155855,2026-10-04T20:14:12+00:00,false,
20261004T202614Z-fc20c6,Q155855,work_count,openlibrary,449,2026-10-04T20:14:12+00:00,,
20261004T202614Z-fc20c6,Q156501,birth_year,openlibrary,1912,2026-10-04T20:14:12+00:00,false,
20261004T202614Z-fc20c6,Q156501,birth_year,wikidata,1912,2026-10-04T19:14:24+00:00,false,
20261004T202614Z-fc20c6,Q156501,canonical_name,wikidata,Saadat Hasan Manto,2026-10-04T19:14:24+00:00,,
20261004T202614Z-fc20c6,Q156501,death_year,openlibrary,1955,2026-10-04T20:14:12+00:00,false,
20261004T202614Z-fc20c6,Q156501,death_year,wikidata,1955,2026-10-04T19:14:24+00:00,false,
20261004T202614Z-fc20c6,Q156501,nationality,wikidata,British Raj; Dominion of Pakistan; India; Pakistan,2026-10-04T19:14:24+00:00,,
20261004T202614Z-fc20c6,Q156501,open_library_id,wikidata,OL571A; OL8657381A,2026-10-04T19:14:24+00:00,,
20261004T202614Z-fc20c6,Q156501,wikidata_qid,openlibrary,Q156501,2026-10-04T20:14:12+00:00,false,
20261004T202614Z-fc20c6,Q156501,work_count,openlibrary,86,2026-10-04T20:14:12+00:00,,
20261004T202614Z-fc20c6,Q157309,birth_year,openlibrary,3 February 1909,2026-10-04T20:14:13+00:00,false,
20261004T202614Z-fc20c6,Q157309,birth_year,wikidata,1909,2026-10-04T19:14:48+00:00,false,
20261004T202614Z-fc20c6,Q157309,canonical_name,wikidata,Simone Weil,2026-10-04T19:14:48+00:00,,
20261004T202614Z-fc20c6,Q157309,death_year,openlibrary,24 August 1943,2026-10-04T20:14:13+00:00,false,
20261004T202614Z-fc20c6,Q157309,death_year,wikidata,1943,2026-10-04T19:14:48+00:00,false,
20261004T202614Z-fc20c6,Q157309,nationality,wikidata,France,2026-10-04T19:14:48+00:00,,
20261004T202614Z-fc20c6,Q157309,open_library_id,wikidata,OL43117A,2026-10-04T19:14:48+00:00,,
20261004T202614Z-fc20c6,Q157309,wikidata_qid,openlibrary,Q157309,2026-10-04T20:14:13+00:00,false,
20261004T202614Z-fc20c6,Q157309,work_count,openlibrary,132,2026-10-04T20:14:13+00:00,,
20261004T202614Z-fc20c6,Q157322,birth_year,openlibrary,8 May 1914,2026-10-04T20:14:17+00:00,false,
20261004T202614Z-fc20c6,Q157322,birth_year,wikidata,1914,2026-10-04T19:13:28+00:00,false,
20261004T202614Z-fc20c6,Q157322,canonical_name,wikidata,Romain Gary,2026-10-04T19:13:28+00:00,,
20261004T202614Z-fc20c6,Q157322,death_year,openlibrary,2 December 1980,2026-10-04T20:14:17+00:00,false,
20261004T202614Z-fc20c6,Q157322,death_year,wikidata,1980,2026-10-04T19:13:28+00:00,false,
20261004T202614Z-fc20c6,Q157322,nationality,wikidata,France; Russian Empire; Second Polish Republic,2026-10-04T19:13:28+00:00,,
20261004T202614Z-fc20c6,Q157322,open_library_id,wikidata,OL123692A,2026-10-04T19:13:28+00:00,,
20261004T202614Z-fc20c6,Q157322,wikidata_qid,openlibrary,Q157322,2026-10-04T20:14:17+00:00,false,
20261004T202614Z-fc20c6,Q157322,work_count,openlibrary,263,2026-10-04T20:14:17+00:00,,
20261004T202614Z-fc20c6,Q157326,birth_year,openlibrary,17 Oct 1920,2026-10-04T20:14:17+00:00,false,
20261004T202614Z-fc20c6,Q157326,birth_year,wikidata,1920,2026-10-04T19:12:05+00:00,false,
20261004T202614Z-fc20c6,Q157326,canonical_name,wikidata,Miguel Delibes,2026-10-04T19:12:05+00:00,,
20261004T202614Z-fc20c6,Q157326,death_year,openlibrary,12 Mar 2010,2026-10-04T20:14:17+00:00,false,
20261004T202614Z-fc20c6,Q157326,death_year,wikidata,2010,2026-10-04T19:12:05+00:00,false,
20261004T202614Z-fc20c6,Q157326,nationality,wikidata,Spain,2026-10-04T19:12:05+00:00,,
20261004T202614Z-fc20c6,Q157326,open_library_id,wikidata,OL136299A,2026-10-04T19:12:05+00:00,,
20261004T202614Z-fc20c6,Q157326,wikidata_qid,openlibrary,Q157326,2026-10-04T20:14:17+00:00,false,
20261004T202614Z-fc20c6,Q157326,work_count,openlibrary,146,2026-10-04T20:14:17+00:00,,
20261004T202614Z-fc20c6,Q160263,birth_year,openlibrary,25 January 1954,2026-10-04T20:14:20+00:00,false,
20261004T202614Z-fc20c6,Q160263,birth_year,wikidata,1954,2026-10-04T19:14:37+00:00,false,
20261004T202614Z-fc20c6,Q160263,canonical_name,wikidata,David Grossman,2026-10-04T19:14:37+00:00,,
20261004T202614Z-fc20c6,Q160263,death_year,openlibrary,,2026-10-04T20:14:20+00:00,,not_comparable
20261004T202614Z-fc20c6,Q160263,death_year,wikidata,,2026-10-04T19:14:37+00:00,,not_comparable
20261004T202614Z-fc20c6,Q160263,nationality,wikidata,Israel,2026-10-04T19:14:37+00:00,,
20261004T202614Z-fc20c6,Q160263,open_library_id,wikidata,OL5192245A,2026-10-04T19:14:37+00:00,,
20261004T202614Z-fc20c6,Q160263,wikidata_qid,openlibrary,Q160263,2026-10-04T20:14:20+00:00,false,
20261004T202614Z-fc20c6,Q160263,work_count,openlibrary,306,2026-10-04T20:14:20+00:00,,
20261004T202614Z-fc20c6,Q161933,birth_year,openlibrary,28 nov 1907,2026-10-04T20:14:21+00:00,false,
20261004T202614Z-fc20c6,Q161933,birth_year,wikidata,1907,2026-10-04T19:13:48+00:00,false,
20261004T202614Z-fc20c6,Q161933,canonical_name,wikidata,Alberto Moravia,2026-10-04T19:13:48+00:00,,
20261004T202614Z-fc20c6,Q161933,death_year,openlibrary,26 sep 1990,2026-10-04T20:14:21+00:00,false,
20261004T202614Z-fc20c6,Q161933,death_year,wikidata,1990,2026-10-04T19:13:48+00:00,false,
20261004T202614Z-fc20c6,Q161933,nationality,wikidata,Italy; Kingdom of Italy,2026-10-04T19:13:48+00:00,,
20261004T202614Z-fc20c6,Q161933,open_library_id,wikidata,OL20919A,2026-10-04T19:13:48+00:00,,
20261004T202614Z-fc20c6,Q161933,wikidata_qid,openlibrary,Q161933,2026-10-04T20:14:21+00:00,false,
20261004T202614Z-fc20c6,Q161933,work_count,openlibrary,522,2026-10-04T20:14:21+00:00,,
20261004T202614Z-fc20c6,Q16285,birth_year,openlibrary,14 September 1920,2026-10-04T20:14:21+00:00,false,
20261004T202614Z-fc20c6,Q16285,birth_year,wikidata,1920,2026-10-04T19:12:18+00:00,false,
20261004T202614Z-fc20c6,Q16285,canonical_name,wikidata,Mario Benedetti,2026-10-04T19:12:18+00:00,,
20261004T202614Z-fc20c6,Q16285,death_year,openlibrary,17 May 2009,2026-10-04T20:14:21+00:00,false,
20261004T202614Z-fc20c6,Q16285,death_year,wikidata,2009,2026-10-04T19:12:18+00:00,false,
20261004T202614Z-fc20c6,Q16285,nationality,wikidata,Uruguay,2026-10-04T19:12:18+00:00,,
20261004T202614Z-fc20c6,Q16285,open_library_id,wikidata,OL60411A,2026-10-04T19:12:18+00:00,,
20261004T202614Z-fc20c6,Q16285,wikidata_qid,openlibrary,Q16285,2026-10-04T20:14:21+00:00,false,
20261004T202614Z-fc20c6,Q16285,work_count,openlibrary,359,2026-10-04T20:14:21+00:00,,
20261004T202614Z-fc20c6,Q1634870,birth_year,openlibrary,1977,2026-10-04T20:09:29+00:00,false,
20261004T202614Z-fc20c6,Q1634870,birth_year,wikidata,1977,2026-10-04T19:11:50+00:00,false,
20261004T202614Z-fc20c6,Q1634870,canonical_name,wikidata,Juan Gómez-Jurado,2026-10-04T19:11:50+00:00,,
20261004T202614Z-fc20c6,Q1634870,death_year,openlibrary,,2026-10-04T20:09:29+00:00,,not_comparable
20261004T202614Z-fc20c6,Q1634870,death_year,wikidata,,2026-10-04T19:11:50+00:00,,not_comparable
20261004T202614Z-fc20c6,Q1634870,nationality,wikidata,Spain,2026-10-04T19:11:50+00:00,,
20261004T202614Z-fc20c6,Q1634870,open_library_id,wikidata,OL2660318A,2026-10-04T19:11:50+00:00,,
20261004T202614Z-fc20c6,Q1634870,wikidata_qid,openlibrary,Q1634870,2026-10-04T20:09:29+00:00,false,
20261004T202614Z-fc20c6,Q1634870,work_count,openlibrary,139,2026-10-04T20:09:29+00:00,,
20261004T202614Z-fc20c6,Q165257,birth_year,openlibrary,1562,2026-10-04T20:14:24+00:00,false,
20261004T202614Z-fc20c6,Q165257,birth_year,wikidata,1562,2026-10-04T19:12:14+00:00,false,
20261004T202614Z-fc20c6,Q165257,canonical_name,wikidata,Lope de Vega,2026-10-04T19:12:14+00:00,,
20261004T202614Z-fc20c6,Q165257,death_year,openlibrary,1635,2026-10-04T20:14:24+00:00,false,
20261004T202614Z-fc20c6,Q165257,death_year,wikidata,1635,2026-10-04T19:12:14+00:00,false,
20261004T202614Z-fc20c6,Q165257,nationality,wikidata,Spain,2026-10-04T19:12:14+00:00,,
20261004T202614Z-fc20c6,Q165257,open_library_id,wikidata,OL80534A; OL2693344A,2026-10-04T19:12:14+00:00,,
20261004T202614Z-fc20c6,Q165257,wikidata_qid,openlibrary,Q165257,2026-10-04T20:14:24+00:00,false,
20261004T202614Z-fc20c6,Q165257,work_count,openlibrary,1181,2026-10-04T20:14:24+00:00,,
20261004T202614Z-fc20c6,Q166590,birth_year,openlibrary,1949,2026-10-04T20:14:25+00:00,false,
20261004T202614Z-fc20c6,Q166590,birth_year,wikidata,1949,2026-10-04T19:11:56+00:00,false,
20261004T202614Z-fc20c6,Q166590,canonical_name,wikidata,César Aira,2026-10-04T19:11:56+00:00,,
20261004T202614Z-fc20c6,Q166590,death_year,openlibrary,1991,2026-10-04T20:14:25+00:00,,not_comparable
20261004T202614Z-fc20c6,Q166590,death_year,wikidata,,2026-10-04T19:11:56+00:00,,not_comparable
20261004T202614Z-fc20c6,Q166590,nationality,wikidata,Argentina,2026-10-04T19:11:56+00:00,,
20261004T202614Z-fc20c6,Q166590,open_library_id,wikidata,OL4287831A,2026-10-04T19:11:56+00:00,,
20261004T202614Z-fc20c6,Q166590,wikidata_qid,openlibrary,Q166590,2026-10-04T20:14:25+00:00,false,
20261004T202614Z-fc20c6,Q166590,work_count,openlibrary,86,2026-10-04T20:14:25+00:00,,
20261004T202614Z-fc20c6,Q16864,birth_year,openlibrary,1878,2026-10-04T20:14:25+00:00,false,
20261004T202614Z-fc20c6,Q16864,birth_year,wikidata,1878,2026-10-04T19:12:19+00:00,false,
20261004T202614Z-fc20c6,Q16864,canonical_name,wikidata,Horacio Quiroga,2026-10-04T19:12:19+00:00,,
20261004T202614Z-fc20c6,Q16864,death_year,openlibrary,1937,2026-10-04T20:14:25+00:00,false,
20261004T202614Z-fc20c6,Q16864,death_year,wikidata,1937,2026-10-04T19:12:19+00:00,false,
20261004T202614Z-fc20c6,Q16864,nationality,wikidata,Uruguay,2026-10-04T19:12:19+00:00,,
20261004T202614Z-fc20c6,Q16864,open_library_id,wikidata,OL70874A,2026-10-04T19:12:19+00:00,,
20261004T202614Z-fc20c6,Q16864,wikidata_qid,openlibrary,Q16864,2026-10-04T20:14:25+00:00,false,
20261004T202614Z-fc20c6,Q16864,work_count,openlibrary,280,2026-10-04T20:14:25+00:00,,
20261004T202614Z-fc20c6,Q16867,birth_year,openlibrary,19 January 1809,2026-10-04T20:14:26+00:00,false,
20261004T202614Z-fc20c6,Q16867,birth_year,wikidata,1809,2026-10-04T19:12:47+00:00,false,
20261004T202614Z-fc20c6,Q16867,canonical_name,wikidata,Edgar Allan Poe,2026-10-04T19:12:47+00:00,,
20261004T202614Z-fc20c6,Q16867,death_year,openlibrary,7 October 1849,2026-10-04T20:14:26+00:00,false,
20261004T202614Z-fc20c6,Q16867,death_year,wikidata,1849,2026-10-04T19:12:47+00:00,false,
20261004T202614Z-fc20c6,Q16867,nationality,wikidata,United States,2026-10-04T19:12:47+00:00,,
20261004T202614Z-fc20c6,Q16867,open_library_id,wikidata,OL28127A,2026-10-04T19:12:47+00:00,,
20261004T202614Z-fc20c6,Q16867,wikidata_qid,openlibrary,Q16867,2026-10-04T20:14:26+00:00,false,
20261004T202614Z-fc20c6,Q16867,work_count,openlibrary,3697,2026-10-04T20:14:26+00:00,,
20261004T202614Z-fc20c6,Q16873,birth_year,openlibrary,1909,2026-10-04T20:15:10+00:00,false,
20261004T202614Z-fc20c6,Q16873,birth_year,wikidata,1909,2026-10-04T19:12:18+00:00,false,
20261004T202614Z-fc20c6,Q16873,canonical_name,wikidata,Juan Carlos Onetti,2026-10-04T19:12:18+00:00,,
20261004T202614Z-fc20c6,Q16873,death_year,openlibrary,1948,2026-10-04T20:15:10+00:00,true,
20261004T202614Z-fc20c6,Q16873,death_year,wikidata,1994,2026-10-04T19:12:18+00:00,true,
20261004T202614Z-fc20c6,Q16873,nationality,wikidata,Spain; Uruguay,2026-10-04T19:12:18+00:00,,
20261004T202614Z-fc20c6,Q16873,open_library_id,wikidata,OL6534402A; OL132586A,2026-10-04T19:12:18+00:00,,
20261004T202614Z-fc20c6,Q16873,wikidata_qid,openlibrary,Q16873,2026-10-04T20:15:10+00:00,false,
20261004T202614Z-fc20c6,Q16873,work_count,openlibrary,161,2026-10-04T20:15:10+00:00,,
20261004T202614Z-fc20c6,Q170302,birth_year,openlibrary,1210,2026-10-04T20:15:11+00:00,false,
20261004T202614Z-fc20c6,Q170302,birth_year,wikidata,1210,2026-10-04T19:14:33+00:00,false,
20261004T202614Z-fc20c6,Q170302,canonical_name,wikidata,Saadi,2026-10-04T19:14:33+00:00,,
20261004T202614Z-fc20c6,Q170302,death_year,openlibrary,1292,2026-10-04T20:15:11+00:00,false,
20261004T202614Z-fc20c6,Q170302,death_year,wikidata,1292,2026-10-04T19:14:33+00:00,false,
20261004T202614Z-fc20c6,Q170302,open_library_id,wikidata,OL4911929A; OL5522916A; OL2108A,2026-10-04T19:14:33+00:00,,
20261004T202614Z-fc20c6,Q170302,wikidata_qid,openlibrary,Q170302,2026-10-04T20:15:11+00:00,false,
20261004T202614Z-fc20c6,Q170302,work_count,openlibrary,218,2026-10-04T20:15:11+00:00,,
20261004T202614Z-fc20c6,Q170509,birth_year,openlibrary,15 April 1843,2026-10-04T20:15:06+00:00,false,
20261004T202614Z-fc20c6,Q170509,birth_year,wikidata,1843,2026-10-04T19:12:44+00:00,false,
20261004T202614Z-fc20c6,Q170509,canonical_name,wikidata,Henry James,2026-10-04T19:12:44+00:00,,
20261004T202614Z-fc20c6,Q170509,death_year,openlibrary,28 February 1916,2026-10-04T20:15:06+00:00,false,
20261004T202614Z-fc20c6,Q170509,death_year,wikidata,1916,2026-10-04T19:12:44+00:00,false,
20261004T202614Z-fc20c6,Q170509,nationality,wikidata,United Kingdom of Great Britain and Ireland; United States,2026-10-04T19:12:44+00:00,,
20261004T202614Z-fc20c6,Q170509,open_library_id,wikidata,OL21001A,2026-10-04T19:12:44+00:00,,
20261004T202614Z-fc20c6,Q170509,wikidata_qid,openlibrary,Q170509,2026-10-04T20:15:06+00:00,false,
20261004T202614Z-fc20c6,Q170509,work_count,openlibrary,5226,2026-10-04T20:15:06+00:00,,
20261004T202614Z-fc20c6,Q170800,birth_year,openlibrary,17 Jan  1600,2026-10-04T20:15:06+00:00,false,
20261004T202614Z-fc20c6,Q170800,birth_year,wikidata,1600,2026-10-04T19:12:13+00:00,false,
20261004T202614Z-fc20c6,Q170800,canonical_name,wikidata,Pedro Calderón de la Barca,2026-10-04T19:12:13+00:00,,
20261004T202614Z-fc20c6,Q170800,death_year,openlibrary,25 May 1681,2026-10-04T20:15:06+00:00,false,
20261004T202614Z-fc20c6,Q170800,death_year,wikidata,1681,2026-10-04T19:12:13+00:00,false,
20261004T202614Z-fc20c6,Q170800,nationality,wikidata,Spain,2026-10-04T19:12:13+00:00,,
20261004T202614Z-fc20c6,Q170800,open_library_id,wikidata,OL4280652A,2026-10-04T19:12:13+00:00,,
20261004T202614Z-fc20c6,Q170800,wikidata_qid,openlibrary,Q170800,2026-10-04T20:15:06+00:00,false,
20261004T202614Z-fc20c6,Q170800,work_count,openlibrary,2141,2026-10-04T20:15:06+00:00,,
20261004T202614Z-fc20c6,Q171091,birth_year,openlibrary,16 December 1928,2026-10-04T20:15:07+00:00,false,
20261004T202614Z-fc20c6,Q171091,birth_year,wikidata,1928,2026-10-04T19:13:02+00:00,false,
20261004T202614Z-fc20c6,Q171091,canonical_name,wikidata,Philip K. Dick,2026-10-04T19:13:02+00:00,,
20261004T202614Z-fc20c6,Q171091,death_year,openlibrary,2 March 1982,2026-10-04T20:15:07+00:00,false,
20261004T202614Z-fc20c6,Q171091,death_year,wikidata,1982,2026-10-04T19:13:02+00:00,false,
20261004T202614Z-fc20c6,Q171091,nationality,wikidata,United States,2026-10-04T19:13:02+00:00,,
20261004T202614Z-fc20c6,Q171091,open_library_id,wikidata,OL274606A,2026-10-04T19:13:02+00:00,,
20261004T202614Z-fc20c6,Q171091,wikidata_qid,openlibrary,Q171091,2026-10-04T20:15:07+00:00,false,
20261004T202614Z-fc20c6,Q171091,work_count,openlibrary,641,2026-10-04T20:15:07+00:00,,
20261004T202614Z-fc20c6,Q173481,birth_year,openlibrary,13 June 1888,2026-10-04T20:09:29+00:00,false,
20261004T202614Z-fc20c6,Q173481,birth_year,wikidata,1888,2026-10-04T19:11:52+00:00,false,
20261004T202614Z-fc20c6,Q173481,canonical_name,wikidata,Fernando Pessoa,2026-10-04T19:11:52+00:00,,
20261004T202614Z-fc20c6,Q173481,death_year,openlibrary,30 November 1935,2026-10-04T20:09:29+00:00,false,
20261004T202614Z-fc20c6,Q173481,death_year,wikidata,1935,2026-10-04T19:11:52+00:00,false,
20261004T202614Z-fc20c6,Q173481,nationality,wikidata,Portugal; Reino de Portugal,2026-10-04T19:11:52+00:00,,
20261004T202614Z-fc20c6,Q173481,open_library_id,wikidata,OL73160A; OL596871A,2026-10-04T19:11:52+00:00,,
20261004T202614Z-fc20c6,Q173481,wikidata_qid,openlibrary,Q173481,2026-10-04T20:09:29+00:00,false,
20261004T202614Z-fc20c6,Q173481,work_count,openlibrary,762,2026-10-04T20:09:29+00:00,,
20261004T202614Z-fc20c6,Q173767,birth_year,openlibrary,1867,2026-10-04T20:15:08+00:00,false,
20261004T202614Z-fc20c6,Q173767,birth_year,wikidata,1867,2026-10-04T19:12:16+00:00,false,
20261004T202614Z-fc20c6,Q173767,canonical_name,wikidata,Rubén Darío,2026-10-04T19:12:16+00:00,,
20261004T202614Z-fc20c6,Q173767,death_year,openlibrary,1916,2026-10-04T20:15:08+00:00,false,
20261004T202614Z-fc20c6,Q173767,death_year,wikidata,1916,2026-10-04T19:12:16+00:00,false,
20261004T202614Z-fc20c6,Q173767,nationality,wikidata,Nicaragua,2026-10-04T19:12:16+00:00,,
20261004T202614Z-fc20c6,Q173767,open_library_id,wikidata,OL76614A,2026-10-04T19:12:16+00:00,,
20261004T202614Z-fc20c6,Q173767,wikidata_qid,openlibrary,Q173767,2026-10-04T20:15:08+00:00,false,
20261004T202614Z-fc20c6,Q173767,work_count,openlibrary,780,2026-10-04T20:15:08+00:00,,
20261004T202614Z-fc20c6,Q174152,birth_year,openlibrary,31 July 1880,2026-10-04T20:15:08+00:00,false,
20261004T202614Z-fc20c6,Q174152,birth_year,wikidata,1880,2026-10-04T19:14:24+00:00,false,
20261004T202614Z-fc20c6,Q174152,canonical_name,wikidata,Premchand,2026-10-04T19:14:24+00:00,,
20261004T202614Z-fc20c6,Q174152,death_year,openlibrary,8 October 1936,2026-10-04T20:15:08+00:00,false,
20261004T202614Z-fc20c6,Q174152,death_year,wikidata,1936,2026-10-04T19:14:24+00:00,false,
20261004T202614Z-fc20c6,Q174152,nationality,wikidata,British Raj,2026-10-04T19:14:24+00:00,,
20261004T202614Z-fc20c6,Q174152,open_library_id,wikidata,OL4683A,2026-10-04T19:14:24+00:00,,
20261004T202614Z-fc20c6,Q174152,wikidata_qid,openlibrary,Q174152,2026-10-04T20:15:08+00:00,false,
20261004T202614Z-fc20c6,Q174152,work_count,openlibrary,270,2026-10-04T20:15:08+00:00,,
20261004T202614Z-fc20c6,Q174210,birth_year,openlibrary,26 August 1914,2026-10-04T20:09:32+00:00,false,
20261004T202614Z-fc20c6,Q174210,birth_year,wikidata,1914,2026-10-04T19:11:45+00:00,false,
20261004T202614Z-fc20c6,Q174210,canonical_name,wikidata,Julio Cortázar,2026-10-04T19:11:45+00:00,,
20261004T202614Z-fc20c6,Q174210,death_year,openlibrary,12 February 1984,2026-10-04T20:09:32+00:00,false,
20261004T202614Z-fc20c6,Q174210,death_year,wikidata,1984,2026-10-04T19:11:45+00:00,false,
20261004T202614Z-fc20c6,Q174210,nationality,wikidata,France; Mexico,2026-10-04T19:11:45+00:00,,
20261004T202614Z-fc20c6,Q174210,open_library_id,wikidata,OL2631008A; OL5260682A,2026-10-04T19:11:45+00:00,,
20261004T202614Z-fc20c6,Q174210,wikidata_qid,openlibrary,Q174210,2026-10-04T20:09:32+00:00,false,
20261004T202614Z-fc20c6,Q174210,work_count,openlibrary,485,2026-10-04T20:09:32+00:00,,
20261004T202614Z-fc20c6,Q1768256,birth_year,openlibrary,1976,2026-10-04T20:15:10+00:00,false,
20261004T202614Z-fc20c6,Q1768256,birth_year,wikidata,1976,2026-10-04T19:14:45+00:00,false,
20261004T202614Z-fc20c6,Q1768256,canonical_name,wikidata,Miguel Syjuco,2026-10-04T19:14:45+00:00,,
20261004T202614Z-fc20c6,Q1768256,death_year,openlibrary,,2026-10-04T20:15:10+00:00,,not_comparable
20261004T202614Z-fc20c6,Q1768256,death_year,wikidata,,2026-10-04T19:14:45+00:00,,not_comparable
20261004T202614Z-fc20c6,Q1768256,nationality,wikidata,Philippines,2026-10-04T19:14:45+00:00,,
20261004T202614Z-fc20c6,Q1768256,open_library_id,wikidata,OL6748233A,2026-10-04T19:14:45+00:00,,
20261004T202614Z-fc20c6,Q1768256,wikidata_qid,openlibrary,,2026-10-04T20:15:10+00:00,,not_comparable
20261004T202614Z-fc20c6,Q1768256,work_count,openlibrary,2,2026-10-04T20:15:10+00:00,,
20261004T202614Z-fc20c6,Q17714,birth_year,openlibrary,8 January 1942,2026-10-04T20:15:11+00:00,false,
20261004T202614Z-fc20c6,Q17714,birth_year,wikidata,1942,2026-10-04T19:14:53+00:00,false,
20261004T202614Z-fc20c6,Q17714,canonical_name,wikidata,Stephen Hawking,2026-10-04T19:14:53+00:00,,
20261004T202614Z-fc20c6,Q17714,death_year,openlibrary,14 March 2018,2026-10-04T20:15:11+00:00,false,
20261004T202614Z-fc20c6,Q17714,death_year,wikidata,2018,2026-10-04T19:14:53+00:00,false,
20261004T202614Z-fc20c6,Q17714,nationality,wikidata,United Kingdom,2026-10-04T19:14:53+00:00,,
20261004T202614Z-fc20c6,Q17714,open_library_id,wikidata,OL2675573A,2026-10-04T19:14:53+00:00,,
20261004T202614Z-fc20c6,Q17714,wikidata_qid,openlibrary,Q17714,2026-10-04T20:15:11+00:00,false,
20261004T202614Z-fc20c6,Q17714,work_count,openlibrary,94,2026-10-04T20:15:11+00:00,,
20261004T202614Z-fc20c6,Q17892,birth_year,openlibrary,640 BCE,2026-10-04T20:15:15+00:00,true,
20261004T202614Z-fc20c6,Q17892,birth_year,wikidata,-650,2026-10-04T19:13:54+00:00,true,
20261004T202614Z-fc20c6,Q17892,canonical_name,wikidata,Σαπφώ,2026-10-04T19:13:54+00:00,,
20261004T202614Z-fc20c6,Q17892,death_year,openlibrary,570 BCE,2026-10-04T20:15:15+00:00,false,
20261004T202614Z-fc20c6,Q17892,death_year,wikidata,-570,2026-10-04T19:13:54+00:00,false,
20261004T202614Z-fc20c6,Q17892,nationality,wikidata,Mytilene,2026-10-04T19:13:54+00:00,,
20261004T202614Z-fc20c6,Q17892,open_library_id,wikidata,OL92777A,2026-10-04T19:13:54+00:00,,
20261004T202614Z-fc20c6,Q17892,wikidata_qid,openlibrary,Q17892,2026-10-04T20:15:15+00:00,false,
20261004T202614Z-fc20c6,Q17892,work_count,openlibrary,242,2026-10-04T20:15:15+00:00,,
20261004T202614Z-fc20c6,Q179109,birth_year,openlibrary,12 Nov 1915,2026-10-04T20:15:15+00:00,false,
20261004T202614Z-fc20c6,Q179109,birth_year,wikidata,1915,2026-10-04T19:14:49+00:00,false,
20261004T202614Z-fc20c6,Q179109,canonical_name,wikidata,Roland Barthes,2026-10-04T19:14:49+00:00,,
20261004T202614Z-fc20c6,Q179109,death_year,openlibrary,26 Mar 1980,2026-10-04T20:15:15+00:00,false,
20261004T202614Z-fc20c6,Q179109,death_year,wikidata,1980,2026-10-04T19:14:49+00:00,false,
20261004T202614Z-fc20c6,Q179109,nationality,wikidata,France,2026-10-04T19:14:49+00:00,,
20261004T202614Z-fc20c6,Q179109,open_library_id,wikidata,OL2645171A; OL4333677A,2026-10-04T19:14:49+00:00,,
20261004T202614Z-fc20c6,Q179109,wikidata_qid,openlibrary,Q179109,2026-10-04T20:15:15+00:00,false,
20261004T202614Z-fc20c6,Q179109,work_count,openlibrary,441,2026-10-04T20:15:15+00:00,,
20261004T202614Z-fc20c6,Q179695,birth_year,openlibrary,1936,2026-10-04T20:15:18+00:00,false,
20261004T202614Z-fc20c6,Q179695,birth_year,wikidata,1936,2026-10-04T19:14:05+00:00,false,
20261004T202614Z-fc20c6,Q179695,canonical_name,wikidata,Ismail Kadare,2026-10-04T19:14:05+00:00,,
20261004T202614Z-fc20c6,Q179695,death_year,openlibrary,,2026-10-04T20:15:18+00:00,,not_comparable
20261004T202614Z-fc20c6,Q179695,death_year,wikidata,2024,2026-10-04T19:14:05+00:00,,not_comparable
20261004T202614Z-fc20c6,Q179695,nationality,wikidata,Albania; France; Kosovo,2026-10-04T19:14:05+00:00,,
20261004T202614Z-fc20c6,Q179695,open_library_id,wikidata,OL86811A,2026-10-04T19:14:05+00:00,,
20261004T202614Z-fc20c6,Q179695,wikidata_qid,openlibrary,Q179695,2026-10-04T20:15:18+00:00,false,
20261004T202614Z-fc20c6,Q179695,work_count,openlibrary,327,2026-10-04T20:15:18+00:00,,
20261004T202614Z-fc20c6,Q180626,birth_year,openlibrary,6 February 1924,2026-10-04T20:15:18+00:00,false,
20261004T202614Z-fc20c6,Q180626,birth_year,wikidata,1924,2026-10-04T19:14:14+00:00,false,
20261004T202614Z-fc20c6,Q180626,canonical_name,wikidata,Jin Yong,2026-10-04T19:14:14+00:00,,
20261004T202614Z-fc20c6,Q180626,death_year,openlibrary,30 October 2018,2026-10-04T20:15:18+00:00,false,
20261004T202614Z-fc20c6,Q180626,death_year,wikidata,2018,2026-10-04T19:14:14+00:00,false,
20261004T202614Z-fc20c6,Q180626,nationality,wikidata,British Hong Kong; People's Republic of China,2026-10-04T19:14:14+00:00,,
20261004T202614Z-fc20c6,Q180626,open_library_id,wikidata,OL1142590A,2026-10-04T19:14:14+00:00,,
20261004T202614Z-fc20c6,Q180626,wikidata_qid,openlibrary,Q180626,2026-10-04T20:15:18+00:00,false,
20261004T202614Z-fc20c6,Q180626,work_count,openlibrary,147,2026-10-04T20:15:18+00:00,,
20261004T202614Z-fc20c6,Q180903,birth_year,openlibrary,1867,2026-10-04T20:15:25+00:00,false,
20261004T202614Z-fc20c6,Q180903,birth_year,wikidata,1867,2026-10-04T19:14:07+00:00,false,
20261004T202614Z-fc20c6,Q180903,canonical_name,wikidata,Natsume Sōseki,2026-10-04T19:14:07+00:00,,
20261004T202614Z-fc20c6,Q180903,death_year,openlibrary,1916,2026-10-04T20:15:25+00:00,false,
20261004T202614Z-fc20c6,Q180903,death_year,wikidata,1916,2026-10-04T19:14:07+00:00,false,
20261004T202614Z-fc20c6,Q180903,nationality,wikidata,Japan,2026-10-04T19:14:07+00:00,,
20261004T202614Z-fc20c6,Q180903,open_library_id,wikidata,OL2688998A; OL8597419A; OL8728265A,2026-10-04T19:14:07+00:00,,
20261004T202614Z-fc20c6,Q180903,wikidata_qid,openlibrary,Q180903,2026-10-04T20:15:25+00:00,false,
20261004T202614Z-fc20c6,Q180903,work_count,openlibrary,0,2026-10-04T20:15:25+00:00,,
20261004T202614Z-fc20c6,Q181659,birth_year,openlibrary,21 October 1929,2026-10-04T20:15:19+00:00,false,
20261004T202614Z-fc20c6,Q181659,birth_year,wikidata,1929,2026-10-04T19:13:00+00:00,false,
20261004T202614Z-fc20c6,Q181659,canonical_name,wikidata,Ursula K. Le Guin,2026-10-04T19:13:00+00:00,,
20261004T202614Z-fc20c6,Q181659,death_year,openlibrary,22 January 2018,2026-10-04T20:15:19+00:00,false,
20261004T202614Z-fc20c6,Q181659,death_year,wikidata,2018,2026-10-04T19:13:00+00:00,false,
20261004T202614Z-fc20c6,Q181659,nationality,wikidata,United States,2026-10-04T19:13:00+00:00,,
20261004T202614Z-fc20c6,Q181659,open_library_id,wikidata,OL31353A,2026-10-04T19:13:00+00:00,,
20261004T202614Z-fc20c6,Q181659,wikidata_qid,openlibrary,Q181659,2026-10-04T20:15:19+00:00,false,
20261004T202614Z-fc20c6,Q181659,work_count,openlibrary,260,2026-10-04T20:15:19+00:00,,
20261004T202614Z-fc20c6,Q181677,birth_year,openlibrary,20 September 1948,2026-10-04T20:15:20+00:00,false,
20261004T202614Z-fc20c6,Q181677,birth_year,wikidata,1948,2026-10-04T19:15:05+00:00,false,
20261004T202614Z-fc20c6,Q181677,canonical_name,wikidata,George R. R. Martin,2026-10-04T19:15:05+00:00,,
20261004T202614Z-fc20c6,Q181677,death_year,openlibrary,,2026-10-04T20:15:20+00:00,,not_comparable
20261004T202614Z-fc20c6,Q181677,death_year,wikidata,,2026-10-04T19:15:05+00:00,,not_comparable
20261004T202614Z-fc20c6,Q181677,nationality,wikidata,United States,2026-10-04T19:15:05+00:00,,
20261004T202614Z-fc20c6,Q181677,open_library_id,wikidata,OL234664A,2026-10-04T19:15:05+00:00,,
20261004T202614Z-fc20c6,Q181677,wikidata_qid,openlibrary,Q181677,2026-10-04T20:15:20+00:00,false,
20261004T202614Z-fc20c6,Q181677,work_count,openlibrary,370,2026-10-04T20:15:20+00:00,,
20261004T202614Z-fc20c6,Q182658,birth_year,openlibrary,28 April 1926,2026-10-04T20:15:20+00:00,false,
20261004T202614Z-fc20c6,Q182658,birth_year,wikidata,1926,2026-10-04T19:12:58+00:00,false,
20261004T202614Z-fc20c6,Q182658,canonical_name,wikidata,Harper Lee,2026-10-04T19:12:58+00:00,,
20261004T202614Z-fc20c6,Q182658,death_year,openlibrary,19 February 2016,2026-10-04T20:15:20+00:00,false,
20261004T202614Z-fc20c6,Q182658,death_year,wikidata,2016,2026-10-04T19:12:58+00:00,false,
20261004T202614Z-fc20c6,Q182658,nationality,wikidata,United States,2026-10-04T19:12:58+00:00,,
20261004T202614Z-fc20c6,Q182658,open_library_id,wikidata,OL498120A,2026-10-04T19:12:58+00:00,,
20261004T202614Z-fc20c6,Q182658,wikidata_qid,openlibrary,Q182658,2026-10-04T20:15:20+00:00,false,
20261004T202614Z-fc20c6,Q182658,work_count,openlibrary,45,2026-10-04T20:15:20+00:00,,
20261004T202614Z-fc20c6,Q182804,birth_year,openlibrary,17 April 1885,2026-10-04T20:15:22+00:00,false,
20261004T202614Z-fc20c6,Q182804,birth_year,wikidata,1885,2026-10-04T19:13:58+00:00,false,
20261004T202614Z-fc20c6,Q182804,canonical_name,wikidata,Karen Blixen,2026-10-04T19:13:58+00:00,,
20261004T202614Z-fc20c6,Q182804,death_year,openlibrary,7 September 1962,2026-10-04T20:15:22+00:00,false,
20261004T202614Z-fc20c6,Q182804,death_year,wikidata,1962,2026-10-04T19:13:58+00:00,false,
20261004T202614Z-fc20c6,Q182804,nationality,wikidata,Kingdom of Denmark,2026-10-04T19:13:58+00:00,,
20261004T202614Z-fc20c6,Q182804,open_library_id,wikidata,OL135127A; OL429080A; OL7515788A,2026-10-04T19:13:58+00:00,,
20261004T202614Z-fc20c6,Q182804,wikidata_qid,openlibrary,Q182804,2026-10-04T20:15:22+00:00,false,
20261004T202614Z-fc20c6,Q182804,work_count,openlibrary,354,2026-10-04T20:15:22+00:00,,
20261004T202614Z-fc20c6,Q183074,birth_year,openlibrary,1651,2026-10-04T20:15:23+00:00,false,
20261004T202614Z-fc20c6,Q183074,birth_year,wikidata,1651,2026-10-04T19:12:19+00:00,false,
20261004T202614Z-fc20c6,Q183074,canonical_name,wikidata,Sor Juana Inés de la Cruz,2026-10-04T19:12:19+00:00,,
20261004T202614Z-fc20c6,Q183074,death_year,openlibrary,1695,2026-10-04T20:15:23+00:00,false,
20261004T202614Z-fc20c6,Q183074,death_year,wikidata,1695,2026-10-04T19:12:19+00:00,false,
20261004T202614Z-fc20c6,Q183074,nationality,wikidata,Mexico; New Spain; Spanish Empire,2026-10-04T19:12:19+00:00,,
20261004T202614Z-fc20c6,Q183074,open_library_id,wikidata,OL117489A,2026-10-04T19:12:19+00:00,,
20261004T202614Z-fc20c6,Q183074,wikidata_qid,openlibrary,Q183074,2026-10-04T20:15:23+00:00,false,
20261004T202614Z-fc20c6,Q183074,work_count,openlibrary,168,2026-10-04T20:15:23+00:00,,
20261004T202614Z-fc20c6,Q183266,birth_year,openlibrary,18 September 1709,2026-10-04T20:15:27+00:00,false,
20261004T202614Z-fc20c6,Q183266,birth_year,wikidata,1709,2026-10-04T19:12:33+00:00,false,
20261004T202614Z-fc20c6,Q183266,canonical_name,wikidata,Samuel Johnson,2026-10-04T19:12:33+00:00,,
20261004T202614Z-fc20c6,Q183266,death_year,openlibrary,13 December 1784,2026-10-04T20:15:27+00:00,false,
20261004T202614Z-fc20c6,Q183266,death_year,wikidata,1784,2026-10-04T19:12:33+00:00,false,
20261004T202614Z-fc20c6,Q183266,nationality,wikidata,Kingdom of Great Britain,2026-10-04T19:12:33+00:00,,
20261004T202614Z-fc20c6,Q183266,open_library_id,wikidata,OL21070A,2026-10-04T19:12:33+00:00,,
20261004T202614Z-fc20c6,Q183266,wikidata_qid,openlibrary,Q183266,2026-10-04T20:15:27+00:00,false,
20261004T202614Z-fc20c6,Q183266,work_count,openlibrary,1306,2026-10-04T20:15:27+00:00,,
20261004T202614Z-fc20c6,Q183492,birth_year,openlibrary,18 November 1939,2026-10-04T20:15:28+00:00,false,
20261004T202614Z-fc20c6,Q183492,birth_year,wikidata,1939,2026-10-04T19:13:04+00:00,false,
20261004T202614Z-fc20c6,Q183492,canonical_name,wikidata,Margaret Atwood,2026-10-04T19:13:04+00:00,,
20261004T202614Z-fc20c6,Q183492,death_year,openlibrary,,2026-10-04T20:15:28+00:00,,not_comparable
20261004T202614Z-fc20c6,Q183492,death_year,wikidata,,2026-10-04T19:13:04+00:00,,not_comparable
20261004T202614Z-fc20c6,Q183492,nationality,wikidata,Canada,2026-10-04T19:13:04+00:00,,
20261004T202614Z-fc20c6,Q183492,open_library_id,wikidata,OL52922A,2026-10-04T19:13:04+00:00,,
20261004T202614Z-fc20c6,Q183492,wikidata_qid,openlibrary,Q183492,2026-10-04T20:15:28+00:00,false,
20261004T202614Z-fc20c6,Q183492,work_count,openlibrary,681,2026-10-04T20:15:28+00:00,,
20261004T202614Z-fc20c6,Q18355929,birth_year,openlibrary,1988,2026-10-04T20:15:30+00:00,false,
20261004T202614Z-fc20c6,Q18355929,birth_year,wikidata,1988,2026-10-04T19:14:39+00:00,false,
20261004T202614Z-fc20c6,Q18355929,canonical_name,wikidata,Ocean Vuong,2026-10-04T19:14:39+00:00,,
20261004T202614Z-fc20c6,Q18355929,death_year,openlibrary,,2026-10-04T20:15:30+00:00,,not_comparable
20261004T202614Z-fc20c6,Q18355929,death_year,wikidata,,2026-10-04T19:14:39+00:00,,not_comparable
20261004T202614Z-fc20c6,Q18355929,nationality,wikidata,United States,2026-10-04T19:14:39+00:00,,
20261004T202614Z-fc20c6,Q18355929,open_library_id,wikidata,OL7607606A,2026-10-04T19:14:39+00:00,,
20261004T202614Z-fc20c6,Q18355929,wikidata_qid,openlibrary,,2026-10-04T20:15:30+00:00,,not_comparable
20261004T202614Z-fc20c6,Q18355929,work_count,openlibrary,10,2026-10-04T20:15:30+00:00,,
20261004T202614Z-fc20c6,Q18391,birth_year,openlibrary,"September 30, 1928",2026-10-04T20:15:30+00:00,false,
20261004T202614Z-fc20c6,Q18391,birth_year,wikidata,1928,2026-10-04T19:14:58+00:00,false,
20261004T202614Z-fc20c6,Q18391,canonical_name,wikidata,Elie Wiesel,2026-10-04T19:14:58+00:00,,
20261004T202614Z-fc20c6,Q18391,death_year,openlibrary,"July 2, 2016",2026-10-04T20:15:30+00:00,false,
20261004T202614Z-fc20c6,Q18391,death_year,wikidata,2016,2026-10-04T19:14:58+00:00,false,
20261004T202614Z-fc20c6,Q18391,nationality,wikidata,Israel; Magyar Királyság; Regatul României; United States; statelessness,2026-10-04T19:14:58+00:00,,
20261004T202614Z-fc20c6,Q18391,open_library_id,wikidata,OL20891A,2026-10-04T19:14:58+00:00,,
20261004T202614Z-fc20c6,Q18391,wikidata_qid,openlibrary,Q18391,2026-10-04T20:15:30+00:00,false,
20261004T202614Z-fc20c6,Q18391,work_count,openlibrary,451,2026-10-04T20:15:30+00:00,,
20261004T202614Z-fc20c6,Q184440,birth_year,openlibrary,10 Aug 1912,2026-10-04T20:15:31+00:00,false,
20261004T202614Z-fc20c6,Q184440,birth_year,wikidata,1912,2026-10-04T19:11:59+00:00,false,
20261004T202614Z-fc20c6,Q184440,canonical_name,wikidata,Jorge Amado,2026-10-04T19:11:59+00:00,,
20261004T202614Z-fc20c6,Q184440,death_year,openlibrary,6 Aug 2001,2026-10-04T20:15:31+00:00,false,
20261004T202614Z-fc20c6,Q184440,death_year,wikidata,2001,2026-10-04T19:11:59+00:00,false,
20261004T202614Z-fc20c6,Q184440,nationality,wikidata,Brazil,2026-10-04T19:11:59+00:00,,
20261004T202614Z-fc20c6,Q184440,open_library_id,wikidata,OL126038A,2026-10-04T19:11:59+00:00,,
20261004T202614Z-fc20c6,Q184440,wikidata_qid,openlibrary,Q184440,2026-10-04T20:15:31+00:00,false,
20261004T202614Z-fc20c6,Q184440,work_count,openlibrary,384,2026-10-04T20:15:31+00:00,,
20261004T202614Z-fc20c6,Q184746,birth_year,openlibrary,3 April 1934,2026-10-04T20:15:32+00:00,false,
20261004T202614Z-fc20c6,Q184746,birth_year,wikidata,1934,2026-10-04T19:14:56+00:00,false,
20261004T202614Z-fc20c6,Q184746,canonical_name,wikidata,Jane Goodall,2026-10-04T19:14:56+00:00,,
20261004T202614Z-fc20c6,Q184746,death_year,openlibrary,,2026-10-04T20:15:32+00:00,,not_comparable
20261004T202614Z-fc20c6,Q184746,death_year,wikidata,2025,2026-10-04T19:14:56+00:00,,not_comparable
20261004T202614Z-fc20c6,Q184746,nationality,wikidata,United Kingdom,2026-10-04T19:14:56+00:00,,
20261004T202614Z-fc20c6,Q184746,open_library_id,wikidata,OL39009A; OL10271631A,2026-10-04T19:14:56+00:00,,
20261004T202614Z-fc20c6,Q184746,wikidata_qid,openlibrary,,2026-10-04T20:15:32+00:00,,not_comparable
20261004T202614Z-fc20c6,Q184746,work_count,openlibrary,108,2026-10-04T20:15:32+00:00,,
20261004T202614Z-fc20c6,Q184785,birth_year,openlibrary,4 October 1941,2026-10-04T20:15:32+00:00,false,
20261004T202614Z-fc20c6,Q184785,birth_year,wikidata,1941,2026-10-04T19:15:03+00:00,false,
20261004T202614Z-fc20c6,Q184785,canonical_name,wikidata,Anne Rice,2026-10-04T19:15:03+00:00,,
20261004T202614Z-fc20c6,Q184785,death_year,openlibrary,11 December 2021,2026-10-04T20:15:32+00:00,false,
20261004T202614Z-fc20c6,Q184785,death_year,wikidata,2021,2026-10-04T19:15:03+00:00,false,
20261004T202614Z-fc20c6,Q184785,nationality,wikidata,United States,2026-10-04T19:15:03+00:00,,
20261004T202614Z-fc20c6,Q184785,open_library_id,wikidata,OL39486A,2026-10-04T19:15:03+00:00,,
20261004T202614Z-fc20c6,Q184785,wikidata_qid,openlibrary,Q184785,2026-10-04T20:15:32+00:00,false,
20261004T202614Z-fc20c6,Q184785,work_count,openlibrary,62,2026-10-04T20:15:32+00:00,,
20261004T202614Z-fc20c6,Q184906,birth_year,openlibrary,1902,2026-10-04T20:15:41+00:00,false,
20261004T202614Z-fc20c6,Q184906,birth_year,wikidata,1902,2026-10-04T19:13:51+00:00,false,
20261004T202614Z-fc20c6,Q184906,canonical_name,wikidata,Nazım Hikmet,2026-10-04T19:13:51+00:00,,
20261004T202614Z-fc20c6,Q184906,death_year,openlibrary,1963,2026-10-04T20:15:41+00:00,false,
20261004T202614Z-fc20c6,Q184906,death_year,wikidata,1963,2026-10-04T19:13:51+00:00,false,
20261004T202614Z-fc20c6,Q184906,nationality,wikidata,Ottoman Empire; Poland; Turkey,2026-10-04T19:13:51+00:00,,
20261004T202614Z-fc20c6,Q184906,open_library_id,wikidata,OL4650397A; OL176448A,2026-10-04T19:13:51+00:00,,
20261004T202614Z-fc20c6,Q184906,wikidata_qid,openlibrary,Q184906,2026-10-04T20:15:41+00:00,false,
20261004T202614Z-fc20c6,Q184906,work_count,openlibrary,353,2026-10-04T20:15:41+00:00,,
20261004T202614Z-fc20c6,Q185548,birth_year,openlibrary,1952,2026-10-04T20:15:39+00:00,false,
20261004T202614Z-fc20c6,Q185548,birth_year,wikidata,1952,2026-10-04T19:15:09+00:00,false,
20261004T202614Z-fc20c6,Q185548,canonical_name,wikidata,Jostein Gaarder,2026-10-04T19:15:09+00:00,,
20261004T202614Z-fc20c6,Q185548,death_year,openlibrary,,2026-10-04T20:15:39+00:00,,not_comparable
20261004T202614Z-fc20c6,Q185548,death_year,wikidata,,2026-10-04T19:15:09+00:00,,not_comparable
20261004T202614Z-fc20c6,Q185548,nationality,wikidata,Norway,2026-10-04T19:15:09+00:00,,
20261004T202614Z-fc20c6,Q185548,open_library_id,wikidata,OL81486A,2026-10-04T19:15:09+00:00,,
20261004T202614Z-fc20c6,Q185548,wikidata_qid,openlibrary,Q185548,2026-10-04T20:15:39+00:00,false,
20261004T202614Z-fc20c6,Q185548,work_count,openlibrary,248,2026-10-04T20:15:39+00:00,,
20261004T202614Z-fc20c6,Q185696,birth_year,openlibrary,29 November 1832,2026-10-04T20:15:39+00:00,false,
20261004T202614Z-fc20c6,Q185696,birth_year,wikidata,1832,2026-10-04T19:12:47+00:00,false,
20261004T202614Z-fc20c6,Q185696,canonical_name,wikidata,Louisa May Alcott,2026-10-04T19:12:47+00:00,,
20261004T202614Z-fc20c6,Q185696,death_year,openlibrary,6 March 1888,2026-10-04T20:15:39+00:00,false,
20261004T202614Z-fc20c6,Q185696,death_year,wikidata,1888,2026-10-04T19:12:47+00:00,false,
20261004T202614Z-fc20c6,Q185696,nationality,wikidata,United States,2026-10-04T19:12:47+00:00,,
20261004T202614Z-fc20c6,Q185696,open_library_id,wikidata,OL26680A,2026-10-04T19:12:47+00:00,,
20261004T202614Z-fc20c6,Q185696,wikidata_qid,openlibrary,Q185696,2026-10-04T20:15:39+00:00,false,
20261004T202614Z-fc20c6,Q185696,work_count,openlibrary,2238,2026-10-04T20:15:39+00:00,,
20261004T202614Z-fc20c6,Q186273,birth_year,openlibrary,7 March 1924,2026-10-04T20:15:40+00:00,false,
20261004T202614Z-fc20c6,Q186273,birth_year,wikidata,1924,2026-10-04T19:14:10+00:00,false,
20261004T202614Z-fc20c6,Q186273,canonical_name,wikidata,Kōbō Abe,2026-10-04T19:14:10+00:00,,
20261004T202614Z-fc20c6,Q186273,death_year,openlibrary,22 January 1993,2026-10-04T20:15:40+00:00,false,
20261004T202614Z-fc20c6,Q186273,death_year,wikidata,1993,2026-10-04T19:14:10+00:00,false,
20261004T202614Z-fc20c6,Q186273,nationality,wikidata,Dai-Nippon Teikoku; Japan,2026-10-04T19:14:10+00:00,,
20261004T202614Z-fc20c6,Q186273,open_library_id,wikidata,OL832531A; OL2675570A,2026-10-04T19:14:10+00:00,,
20261004T202614Z-fc20c6,Q186273,wikidata_qid,openlibrary,Q186273,2026-10-04T20:15:40+00:00,false,
20261004T202614Z-fc20c6,Q186273,work_count,openlibrary,181,2026-10-04T20:15:40+00:00,,
20261004T202614Z-fc20c6,Q186326,birth_year,openlibrary,1892,2026-10-04T20:15:47+00:00,false,
20261004T202614Z-fc20c6,Q186326,birth_year,wikidata,1892,2026-10-04T19:14:07+00:00,false,
20261004T202614Z-fc20c6,Q186326,canonical_name,wikidata,Ryūnosuke Akutagawa,2026-10-04T19:14:07+00:00,,
20261004T202614Z-fc20c6,Q186326,death_year,openlibrary,1927,2026-10-04T20:15:47+00:00,false,
20261004T202614Z-fc20c6,Q186326,death_year,wikidata,1927,2026-10-04T19:14:07+00:00,false,
20261004T202614Z-fc20c6,Q186326,nationality,wikidata,Japan,2026-10-04T19:14:07+00:00,,
20261004T202614Z-fc20c6,Q186326,open_library_id,wikidata,OL4280445A; OL794876A,2026-10-04T19:14:07+00:00,,
20261004T202614Z-fc20c6,Q186326,wikidata_qid,openlibrary,,2026-10-04T20:15:47+00:00,,not_comparable
20261004T202614Z-fc20c6,Q186326,work_count,openlibrary,558,2026-10-04T20:15:47+00:00,,
20261004T202614Z-fc20c6,Q186630,birth_year,openlibrary,24 Jun 1911,2026-10-04T20:15:42+00:00,false,
20261004T202614Z-fc20c6,Q186630,birth_year,wikidata,1911,2026-10-04T19:12:22+00:00,false,
20261004T202614Z-fc20c6,Q186630,canonical_name,wikidata,Ernesto Sabato,2026-10-04T19:12:22+00:00,,
20261004T202614Z-fc20c6,Q186630,death_year,openlibrary,30 April 2011,2026-10-04T20:15:42+00:00,false,
20261004T202614Z-fc20c6,Q186630,death_year,wikidata,2011,2026-10-04T19:12:22+00:00,false,
20261004T202614Z-fc20c6,Q186630,nationality,wikidata,Argentina,2026-10-04T19:12:22+00:00,,
20261004T202614Z-fc20c6,Q186630,open_library_id,wikidata,OL2748652A; OL5825376A,2026-10-04T19:12:22+00:00,,
20261004T202614Z-fc20c6,Q186630,wikidata_qid,openlibrary,Q186630,2026-10-04T20:15:42+00:00,false,
20261004T202614Z-fc20c6,Q186630,work_count,openlibrary,158,2026-10-04T20:15:42+00:00,,
20261004T202614Z-fc20c6,Q188093,birth_year,openlibrary,1 February 1902,2026-10-04T20:15:42+00:00,true,
20261004T202614Z-fc20c6,Q188093,birth_year,wikidata,1901,2026-10-04T19:12:55+00:00,true,
20261004T202614Z-fc20c6,Q188093,canonical_name,wikidata,Langston Hughes,2026-10-04T19:12:55+00:00,,
20261004T202614Z-fc20c6,Q188093,death_year,openlibrary,22 May 1967,2026-10-04T20:15:42+00:00,false,
20261004T202614Z-fc20c6,Q188093,death_year,wikidata,1967,2026-10-04T19:12:55+00:00,false,
20261004T202614Z-fc20c6,Q188093,nationality,wikidata,United States,2026-10-04T19:12:55+00:00,,
20261004T202614Z-fc20c6,Q188093,open_library_id,wikidata,OL26459A,2026-10-04T19:12:55+00:00,,
20261004T202614Z-fc20c6,Q188093,wikidata_qid,openlibrary,Q188093,2026-10-04T20:15:42+00:00,false,
20261004T202614Z-fc20c6,Q188093,work_count,openlibrary,345,2026-10-04T20:15:42+00:00,,
20261004T202614Z-fc20c6,Q188838,birth_year,openlibrary,26 Apr 1900,2026-10-04T20:15:43+00:00,false,
20261004T202614Z-fc20c6,Q188838,birth_year,wikidata,1900,2026-10-04T19:12:21+00:00,false,
20261004T202614Z-fc20c6,Q188838,canonical_name,wikidata,Roberto Arlt,2026-10-04T19:12:21+00:00,,
20261004T202614Z-fc20c6,Q188838,death_year,openlibrary,26 Jul 1942,2026-10-04T20:15:43+00:00,false,
20261004T202614Z-fc20c6,Q188838,death_year,wikidata,1942,2026-10-04T19:12:21+00:00,false,
20261004T202614Z-fc20c6,Q188838,nationality,wikidata,Argentina,2026-10-04T19:12:21+00:00,,
20261004T202614Z-fc20c6,Q188838,open_library_id,wikidata,OL182043A,2026-10-04T19:12:21+00:00,,
20261004T202614Z-fc20c6,Q188838,wikidata_qid,openlibrary,Q188838,2026-10-04T20:15:43+00:00,false,
20261004T202614Z-fc20c6,Q188838,work_count,openlibrary,146,2026-10-04T20:15:43+00:00,,
20261004T202614Z-fc20c6,Q189119,birth_year,openlibrary,1 January 1879,2026-10-04T20:15:44+00:00,false,
20261004T202614Z-fc20c6,Q189119,birth_year,wikidata,1879,2026-10-04T19:12:51+00:00,false,
20261004T202614Z-fc20c6,Q189119,canonical_name,wikidata,E. M. Forster,2026-10-04T19:12:51+00:00,,
20261004T202614Z-fc20c6,Q189119,death_year,openlibrary,7 June 1970,2026-10-04T20:15:44+00:00,false,
20261004T202614Z-fc20c6,Q189119,death_year,wikidata,1970,2026-10-04T19:12:51+00:00,false,
20261004T202614Z-fc20c6,Q189119,nationality,wikidata,United Kingdom; United Kingdom of Great Britain and Ireland,2026-10-04T19:12:51+00:00,,
20261004T202614Z-fc20c6,Q189119,open_library_id,wikidata,OL6898863A,2026-10-04T19:12:51+00:00,,
20261004T202614Z-fc20c6,Q189119,wikidata_qid,openlibrary,Q189119,2026-10-04T20:15:44+00:00,false,
20261004T202614Z-fc20c6,Q189119,work_count,openlibrary,426,2026-10-04T20:15:44+00:00,,
20261004T202614Z-fc20c6,Q189869,birth_year,openlibrary,1843-05-10,2026-10-04T20:09:33+00:00,false,
20261004T202614Z-fc20c6,Q189869,birth_year,wikidata,1843,2026-10-04T19:11:46+00:00,false,
20261004T202614Z-fc20c6,Q189869,canonical_name,wikidata,Benito Pérez Galdós,2026-10-04T19:11:46+00:00,,
20261004T202614Z-fc20c6,Q189869,death_year,openlibrary,1920-01-04,2026-10-04T20:09:33+00:00,false,
20261004T202614Z-fc20c6,Q189869,death_year,wikidata,1920,2026-10-04T19:11:46+00:00,false,
20261004T202614Z-fc20c6,Q189869,nationality,wikidata,Spain,2026-10-04T19:11:46+00:00,,
20261004T202614Z-fc20c6,Q189869,open_library_id,wikidata,OL68704A; OL7445166A,2026-10-04T19:11:46+00:00,,
20261004T202614Z-fc20c6,Q189869,wikidata_qid,openlibrary,Q189869,2026-10-04T20:09:33+00:00,false,
20261004T202614Z-fc20c6,Q189869,work_count,openlibrary,1463,2026-10-04T20:09:33+00:00,,
20261004T202614Z-fc20c6,Q190220,birth_year,openlibrary,19 October 1946,2026-10-04T20:15:51+00:00,false,
20261004T202614Z-fc20c6,Q190220,birth_year,wikidata,1946,2026-10-04T19:15:05+00:00,false,
20261004T202614Z-fc20c6,Q190220,canonical_name,wikidata,Philip Pullman,2026-10-04T19:15:05+00:00,,
20261004T202614Z-fc20c6,Q190220,death_year,openlibrary,,2026-10-04T20:15:51+00:00,,not_comparable
20261004T202614Z-fc20c6,Q190220,death_year,wikidata,,2026-10-04T19:15:05+00:00,,not_comparable
20261004T202614Z-fc20c6,Q190220,nationality,wikidata,United Kingdom,2026-10-04T19:15:05+00:00,,
20261004T202614Z-fc20c6,Q190220,open_library_id,wikidata,OL26545A,2026-10-04T19:15:05+00:00,,
20261004T202614Z-fc20c6,Q190220,wikidata_qid,openlibrary,Q190220,2026-10-04T20:15:51+00:00,false,
20261004T202614Z-fc20c6,Q190220,work_count,openlibrary,107,2026-10-04T20:15:51+00:00,,
20261004T202614Z-fc20c6,Q190379,birth_year,openlibrary,21 June 1948,2026-10-04T20:15:54+00:00,false,
20261004T202614Z-fc20c6,Q190379,birth_year,wikidata,1948,2026-10-04T19:13:07+00:00,false,
20261004T202614Z-fc20c6,Q190379,canonical_name,wikidata,Ian McEwan,2026-10-04T19:13:07+00:00,,
20261004T202614Z-fc20c6,Q190379,death_year,openlibrary,,2026-10-04T20:15:54+00:00,,not_comparable
20261004T202614Z-fc20c6,Q190379,death_year,wikidata,,2026-10-04T19:13:07+00:00,,not_comparable
20261004T202614Z-fc20c6,Q190379,nationality,wikidata,United Kingdom,2026-10-04T19:13:07+00:00,,
20261004T202614Z-fc20c6,Q190379,open_library_id,wikidata,OL222146A,2026-10-04T19:13:07+00:00,,
20261004T202614Z-fc20c6,Q190379,wikidata_qid,openlibrary,Q190379,2026-10-04T20:15:54+00:00,false,
20261004T202614Z-fc20c6,Q190379,work_count,openlibrary,198,2026-10-04T20:15:54+00:00,,
20261004T202614Z-fc20c6,Q192069,birth_year,openlibrary,11 August 1897,2026-10-04T20:15:55+00:00,false,
20261004T202614Z-fc20c6,Q192069,birth_year,wikidata,1897,2026-10-04T19:15:08+00:00,false,
20261004T202614Z-fc20c6,Q192069,canonical_name,wikidata,Enid Blyton,2026-10-04T19:15:08+00:00,,
20261004T202614Z-fc20c6,Q192069,death_year,openlibrary,28 November 1968,2026-10-04T20:15:55+00:00,false,
20261004T202614Z-fc20c6,Q192069,death_year,wikidata,1968,2026-10-04T19:15:08+00:00,false,
20261004T202614Z-fc20c6,Q192069,nationality,wikidata,United Kingdom,2026-10-04T19:15:08+00:00,,
20261004T202614Z-fc20c6,Q192069,open_library_id,wikidata,OL233814A,2026-10-04T19:15:08+00:00,,
20261004T202614Z-fc20c6,Q192069,wikidata_qid,openlibrary,Q192069,2026-10-04T20:15:55+00:00,false,
20261004T202614Z-fc20c6,Q192069,work_count,openlibrary,2851,2026-10-04T20:15:55+00:00,,
20261004T202614Z-fc20c6,Q193111,birth_year,openlibrary,"September 19, 1908",2026-10-04T20:15:56+00:00,false,
20261004T202614Z-fc20c6,Q193111,birth_year,wikidata,1908,2026-10-04T19:14:01+00:00,false,
20261004T202614Z-fc20c6,Q193111,canonical_name,wikidata,Mika Waltari,2026-10-04T19:14:01+00:00,,
20261004T202614Z-fc20c6,Q193111,death_year,openlibrary,"August 26, 1979",2026-10-04T20:15:56+00:00,false,
20261004T202614Z-fc20c6,Q193111,death_year,wikidata,1979,2026-10-04T19:14:01+00:00,false,
20261004T202614Z-fc20c6,Q193111,nationality,wikidata,Finland; Suomen suuriruhtinaskunta,2026-10-04T19:14:01+00:00,,
20261004T202614Z-fc20c6,Q193111,open_library_id,wikidata,OL2688714A,2026-10-04T19:14:01+00:00,,
20261004T202614Z-fc20c6,Q193111,wikidata_qid,openlibrary,Q193111,2026-10-04T20:15:56+00:00,false,
20261004T202614Z-fc20c6,Q193111,work_count,openlibrary,216,2026-10-04T20:15:56+00:00,,
20261004T202614Z-fc20c6,Q193116,birth_year,openlibrary,1965,2026-10-04T20:15:57+00:00,false,
20261004T202614Z-fc20c6,Q193116,birth_year,wikidata,1965,2026-10-04T19:14:26+00:00,false,
20261004T202614Z-fc20c6,Q193116,canonical_name,wikidata,Khaled Hosseini,2026-10-04T19:14:26+00:00,,
20261004T202614Z-fc20c6,Q193116,death_year,openlibrary,,2026-10-04T20:15:57+00:00,,not_comparable
20261004T202614Z-fc20c6,Q193116,death_year,wikidata,,2026-10-04T19:14:26+00:00,,not_comparable
20261004T202614Z-fc20c6,Q193116,nationality,wikidata,United States,2026-10-04T19:14:26+00:00,,
20261004T202614Z-fc20c6,Q193116,open_library_id,wikidata,OL1412764A,2026-10-04T19:14:26+00:00,,
20261004T202614Z-fc20c6,Q193116,wikidata_qid,openlibrary,Q193116,2026-10-04T20:15:57+00:00,false,
20261004T202614Z-fc20c6,Q193116,work_count,openlibrary,44,2026-10-04T20:15:57+00:00,,
20261004T202614Z-fc20c6,Q19330,birth_year,openlibrary,1940,2026-10-04T20:15:57+00:00,false,
20261004T202614Z-fc20c6,Q19330,birth_year,wikidata,1940,2026-10-04T19:14:19+00:00,false,
20261004T202614Z-fc20c6,Q19330,canonical_name,wikidata,Maxine Hong Kingston,2026-10-04T19:14:19+00:00,,
20261004T202614Z-fc20c6,Q19330,death_year,openlibrary,,2026-10-04T20:15:57+00:00,,not_comparable
20261004T202614Z-fc20c6,Q19330,death_year,wikidata,,2026-10-04T19:14:19+00:00,,not_comparable
20261004T202614Z-fc20c6,Q19330,nationality,wikidata,United States,2026-10-04T19:14:19+00:00,,
20261004T202614Z-fc20c6,Q19330,open_library_id,wikidata,OL218453A,2026-10-04T19:14:19+00:00,,
20261004T202614Z-fc20c6,Q19330,wikidata_qid,openlibrary,Q19330,2026-10-04T20:15:57+00:00,false,
20261004T202614Z-fc20c6,Q19330,work_count,openlibrary,45,2026-10-04T20:15:57+00:00,,
20261004T202614Z-fc20c6,Q19526,birth_year,openlibrary,"April 4, 1928",2026-10-04T20:15:58+00:00,false,
20261004T202614Z-fc20c6,Q19526,birth_year,wikidata,1928,2026-10-04T19:13:03+00:00,false,
20261004T202614Z-fc20c6,Q19526,canonical_name,wikidata,Maya Angelou,2026-10-04T19:13:03+00:00,,
20261004T202614Z-fc20c6,Q19526,death_year,openlibrary,"May 28, 2014",2026-10-04T20:15:58+00:00,false,
20261004T202614Z-fc20c6,Q19526,death_year,wikidata,2014,2026-10-04T19:13:03+00:00,false,
20261004T202614Z-fc20c6,Q19526,nationality,wikidata,United States,2026-10-04T19:13:03+00:00,,
20261004T202614Z-fc20c6,Q19526,open_library_id,wikidata,OL28885A,2026-10-04T19:13:03+00:00,,
20261004T202614Z-fc20c6,Q19526,wikidata_qid,openlibrary,Q19526,2026-10-04T20:15:58+00:00,false,
20261004T202614Z-fc20c6,Q19526,work_count,openlibrary,228,2026-10-04T20:15:58+00:00,,
20261004T202614Z-fc20c6,Q1963189,birth_year,wikidata,1966,2026-10-04T19:14:26+00:00,,
20261004T202614Z-fc20c6,Q1963189,canonical_name,wikidata,Nadeem Aslam,2026-10-04T19:14:26+00:00,,
20261004T202614Z-fc20c6,Q1963189,death_year,wikidata,,2026-10-04T19:14:26+00:00,,
20261004T202614Z-fc20c6,Q1963189,nationality,wikidata,United Kingdom,2026-10-04T19:14:26+00:00,,
20261004T202614Z-fc20c6,Q197155,birth_year,openlibrary,1920,2026-10-04T20:16:05+00:00,false,
20261004T202614Z-fc20c6,Q197155,birth_year,wikidata,1920,2026-10-04T19:14:16+00:00,false,
20261004T202614Z-fc20c6,Q197155,canonical_name,wikidata,Eileen Chang,2026-10-04T19:14:16+00:00,,
20261004T202614Z-fc20c6,Q197155,death_year,openlibrary,1995,2026-10-04T20:16:05+00:00,false,
20261004T202614Z-fc20c6,Q197155,death_year,wikidata,1995,2026-10-04T19:14:16+00:00,false,
20261004T202614Z-fc20c6,Q197155,nationality,wikidata,People's Republic of China; Taiwan; United States,2026-10-04T19:14:16+00:00,,
20261004T202614Z-fc20c6,Q197155,open_library_id,wikidata,OL2130978A; OL1254460A,2026-10-04T19:14:16+00:00,,
20261004T202614Z-fc20c6,Q197155,wikidata_qid,openlibrary,,2026-10-04T20:16:05+00:00,,not_comparable
20261004T202614Z-fc20c6,Q197155,work_count,openlibrary,208,2026-10-04T20:16:05+00:00,,
20261004T202614Z-fc20c6,Q1977234,birth_year,openlibrary,,2026-10-04T20:16:01+00:00,,not_comparable
20261004T202614Z-fc20c6,Q1977234,birth_year,wikidata,1917,2026-10-04T19:14:43+00:00,,not_comparable
20261004T202614Z-fc20c6,Q1977234,canonical_name,wikidata,Nick Joaquin,2026-10-04T19:14:43+00:00,,
20261004T202614Z-fc20c6,Q1977234,death_year,openlibrary,,2026-10-04T20:16:01+00:00,,not_comparable
20261004T202614Z-fc20c6,Q1977234,death_year,wikidata,2004,2026-10-04T19:14:43+00:00,,not_comparable
20261004T202614Z-fc20c6,Q1977234,nationality,wikidata,Philippines,2026-10-04T19:14:43+00:00,,
20261004T202614Z-fc20c6,Q1977234,open_library_id,wikidata,OL6826A,2026-10-04T19:14:43+00:00,,
20261004T202614Z-fc20c6,Q1977234,wikidata_qid,openlibrary,,2026-10-04T20:16:01+00:00,,not_comparable
20261004T202614Z-fc20c6,Q1977234,work_count,openlibrary,83,2026-10-04T20:16:01+00:00,,
20261004T202614Z-fc20c6,Q200661,birth_year,openlibrary,16 May 1917,2026-10-04T20:16:03+00:00,false,
20261004T202614Z-fc20c6,Q200661,birth_year,wikidata,1917,2026-10-04T19:11:54+00:00,false,
20261004T202614Z-fc20c6,Q200661,canonical_name,wikidata,Juan Rulfo,2026-10-04T19:11:54+00:00,,
20261004T202614Z-fc20c6,Q200661,death_year,openlibrary,7 January 1986,2026-10-04T20:16:03+00:00,false,
20261004T202614Z-fc20c6,Q200661,death_year,wikidata,1986,2026-10-04T19:11:54+00:00,false,
20261004T202614Z-fc20c6,Q200661,nationality,wikidata,Mexico,2026-10-04T19:11:54+00:00,,
20261004T202614Z-fc20c6,Q200661,open_library_id,wikidata,OL199285A,2026-10-04T19:11:54+00:00,,
20261004T202614Z-fc20c6,Q200661,wikidata_qid,openlibrary,Q200661,2026-10-04T20:16:03+00:00,false,
20261004T202614Z-fc20c6,Q200661,work_count,openlibrary,58,2026-10-04T20:16:03+00:00,,
20261004T202614Z-fc20c6,Q201315,birth_year,openlibrary,1580,2026-10-04T20:16:04+00:00,true,
20261004T202614Z-fc20c6,Q201315,birth_year,wikidata,1584,2026-10-04T19:12:12+00:00,true,
20261004T202614Z-fc20c6,Q201315,canonical_name,wikidata,Francisco Quevedo,2026-10-04T19:12:12+00:00,,
20261004T202614Z-fc20c6,Q201315,death_year,openlibrary,1645,2026-10-04T20:16:04+00:00,false,
20261004T202614Z-fc20c6,Q201315,death_year,wikidata,1645,2026-10-04T19:12:12+00:00,false,
20261004T202614Z-fc20c6,Q201315,nationality,wikidata,Spain,2026-10-04T19:12:12+00:00,,
20261004T202614Z-fc20c6,Q201315,open_library_id,wikidata,OL44728A; OL2027820A,2026-10-04T19:12:12+00:00,,
20261004T202614Z-fc20c6,Q201315,wikidata_qid,openlibrary,Q201315,2026-10-04T20:16:04+00:00,false,
20261004T202614Z-fc20c6,Q201315,work_count,openlibrary,586,2026-10-04T20:16:04+00:00,,
20261004T202614Z-fc20c6,Q201538,birth_year,openlibrary,1935,2026-10-04T20:16:05+00:00,false,
20261004T202614Z-fc20c6,Q201538,birth_year,wikidata,1935,2026-10-04T19:14:49+00:00,false,
20261004T202614Z-fc20c6,Q201538,canonical_name,wikidata,Edward Said,2026-10-04T19:14:49+00:00,,
20261004T202614Z-fc20c6,Q201538,death_year,openlibrary,2003,2026-10-04T20:16:05+00:00,false,
20261004T202614Z-fc20c6,Q201538,death_year,wikidata,2003,2026-10-04T19:14:49+00:00,false,
20261004T202614Z-fc20c6,Q201538,nationality,wikidata,Mandatory Palestine; United States,2026-10-04T19:14:49+00:00,,
20261004T202614Z-fc20c6,Q201538,open_library_id,wikidata,OL26322A; OL4907093A,2026-10-04T19:14:49+00:00,,
20261004T202614Z-fc20c6,Q201538,wikidata_qid,openlibrary,Q201538,2026-10-04T20:16:05+00:00,false,
20261004T202614Z-fc20c6,Q201538,work_count,openlibrary,158,2026-10-04T20:16:05+00:00,,
20261004T202614Z-fc20c6,Q2020488,birth_year,wikidata,1938,2026-10-04T19:14:24+00:00,,
20261004T202614Z-fc20c6,Q2020488,canonical_name,wikidata,Bapsi Sidhwa,2026-10-04T19:14:24+00:00,,
20261004T202614Z-fc20c6,Q2020488,death_year,wikidata,2024,2026-10-04T19:14:24+00:00,,
20261004T202614Z-fc20c6,Q2020488,nationality,wikidata,British Raj; Pakistan; United States,2026-10-04T19:14:24+00:00,,
20261004T202614Z-fc20c6,Q2022,birth_year,openlibrary,1908,2026-10-04T20:16:06+00:00,false,
20261004T202614Z-fc20c6,Q2022,birth_year,wikidata,1908,2026-10-04T19:13:47+00:00,false,
20261004T202614Z-fc20c6,Q2022,canonical_name,wikidata,Cesare Pavese,2026-10-04T19:13:47+00:00,,
20261004T202614Z-fc20c6,Q2022,death_year,openlibrary,1950,2026-10-04T20:16:06+00:00,false,
20261004T202614Z-fc20c6,Q2022,death_year,wikidata,1950,2026-10-04T19:13:47+00:00,false,
20261004T202614Z-fc20c6,Q2022,nationality,wikidata,Italy; Kingdom of Italy,2026-10-04T19:13:47+00:00,,
20261004T202614Z-fc20c6,Q2022,open_library_id,wikidata,OL4326210A,2026-10-04T19:13:47+00:00,,
20261004T202614Z-fc20c6,Q2022,wikidata_qid,openlibrary,,2026-10-04T20:16:06+00:00,,not_comparable
20261004T202614Z-fc20c6,Q2022,work_count,openlibrary,120,2026-10-04T20:16:06+00:00,,
20261004T202614Z-fc20c6,Q202693,birth_year,openlibrary,1960,2026-10-04T20:16:06+00:00,false,
20261004T202614Z-fc20c6,Q202693,birth_year,wikidata,1960,2026-10-04T19:13:59+00:00,false,
20261004T202614Z-fc20c6,Q202693,canonical_name,wikidata,Jo Nesbø,2026-10-04T19:13:59+00:00,,
20261004T202614Z-fc20c6,Q202693,death_year,openlibrary,,2026-10-04T20:16:06+00:00,,not_comparable
20261004T202614Z-fc20c6,Q202693,death_year,wikidata,,2026-10-04T19:13:59+00:00,,not_comparable
20261004T202614Z-fc20c6,Q202693,nationality,wikidata,Norway,2026-10-04T19:13:59+00:00,,
20261004T202614Z-fc20c6,Q202693,open_library_id,wikidata,OL1471661A,2026-10-04T19:13:59+00:00,,
20261004T202614Z-fc20c6,Q202693,wikidata_qid,openlibrary,Q202693,2026-10-04T20:16:06+00:00,false,
20261004T202614Z-fc20c6,Q202693,work_count,openlibrary,496,2026-10-04T20:16:06+00:00,,
20261004T202614Z-fc20c6,Q2032745,birth_year,openlibrary,1949,2026-10-04T20:16:07+00:00,true,
20261004T202614Z-fc20c6,Q2032745,birth_year,wikidata,1947,2026-10-04T19:12:20+00:00,true,
20261004T202614Z-fc20c6,Q2032745,canonical_name,wikidata,Diamela Eltit,2026-10-04T19:12:20+00:00,,
20261004T202614Z-fc20c6,Q2032745,death_year,openlibrary,,2026-10-04T20:16:07+00:00,,not_comparable
20261004T202614Z-fc20c6,Q2032745,death_year,wikidata,,2026-10-04T19:12:20+00:00,,not_comparable
20261004T202614Z-fc20c6,Q2032745,nationality,wikidata,Chile,2026-10-04T19:12:20+00:00,,
20261004T202614Z-fc20c6,Q2032745,open_library_id,wikidata,OL41938A,2026-10-04T19:12:20+00:00,,
20261004T202614Z-fc20c6,Q2032745,wikidata_qid,openlibrary,Q2032745,2026-10-04T20:16:07+00:00,false,
20261004T202614Z-fc20c6,Q2032745,work_count,openlibrary,42,2026-10-04T20:16:07+00:00,,
20261004T202614Z-fc20c6,Q203715,birth_year,openlibrary,17 Feb 1836,2026-10-04T20:16:08+00:00,false,
20261004T202614Z-fc20c6,Q203715,birth_year,wikidata,1836,2026-10-04T19:12:12+00:00,false,
20261004T202614Z-fc20c6,Q203715,canonical_name,wikidata,Gustavo Adolfo Bécquer,2026-10-04T19:12:12+00:00,,
20261004T202614Z-fc20c6,Q203715,death_year,openlibrary,22 Dec 1870,2026-10-04T20:16:08+00:00,false,
20261004T202614Z-fc20c6,Q203715,death_year,wikidata,1870,2026-10-04T19:12:12+00:00,false,
20261004T202614Z-fc20c6,Q203715,nationality,wikidata,Spain,2026-10-04T19:12:12+00:00,,
20261004T202614Z-fc20c6,Q203715,open_library_id,wikidata,OL3792450A,2026-10-04T19:12:12+00:00,,
20261004T202614Z-fc20c6,Q203715,wikidata_qid,openlibrary,Q203715,2026-10-04T20:16:08+00:00,false,
20261004T202614Z-fc20c6,Q203715,work_count,openlibrary,263,2026-10-04T20:16:08+00:00,,
20261004T202614Z-fc20c6,Q2054,birth_year,openlibrary,c. 4 B.C.,2026-10-04T20:16:08+00:00,,not_comparable
20261004T202614Z-fc20c6,Q2054,birth_year,wikidata,-4,2026-10-04T19:13:57+00:00,,not_comparable
20261004T202614Z-fc20c6,Q2054,canonical_name,wikidata,Seneca,2026-10-04T19:13:57+00:00,,
20261004T202614Z-fc20c6,Q2054,death_year,openlibrary,65 A.D.,2026-10-04T20:16:08+00:00,,not_comparable
20261004T202614Z-fc20c6,Q2054,death_year,wikidata,65,2026-10-04T19:13:57+00:00,,not_comparable
20261004T202614Z-fc20c6,Q2054,nationality,wikidata,Ancient Rome,2026-10-04T19:13:57+00:00,,
20261004T202614Z-fc20c6,Q2054,open_library_id,wikidata,OL3143587A,2026-10-04T19:13:57+00:00,,
20261004T202614Z-fc20c6,Q2054,wikidata_qid,openlibrary,Q2054,2026-10-04T20:16:08+00:00,false,
20261004T202614Z-fc20c6,Q2054,work_count,openlibrary,1304,2026-10-04T20:16:08+00:00,,
20261004T202614Z-fc20c6,Q205772,birth_year,openlibrary,"September 10, 1937",2026-10-04T20:16:15+00:00,false,
20261004T202614Z-fc20c6,Q205772,birth_year,wikidata,1937,2026-10-04T19:14:52+00:00,false,
20261004T202614Z-fc20c6,Q205772,canonical_name,wikidata,Jared Diamond,2026-10-04T19:14:52+00:00,,
20261004T202614Z-fc20c6,Q205772,death_year,openlibrary,,2026-10-04T20:16:15+00:00,,not_comparable
20261004T202614Z-fc20c6,Q205772,death_year,wikidata,,2026-10-04T19:14:52+00:00,,not_comparable
20261004T202614Z-fc20c6,Q205772,nationality,wikidata,United States,2026-10-04T19:14:52+00:00,,
20261004T202614Z-fc20c6,Q205772,open_library_id,wikidata,OL2630733A; OL540031A,2026-10-04T19:14:52+00:00,,
20261004T202614Z-fc20c6,Q205772,wikidata_qid,openlibrary,Q205772,2026-10-04T20:16:15+00:00,false,
20261004T202614Z-fc20c6,Q205772,work_count,openlibrary,35,2026-10-04T20:16:15+00:00,,
20261004T202614Z-fc20c6,Q207720,birth_year,openlibrary,,2026-10-04T20:16:10+00:00,,not_comparable
20261004T202614Z-fc20c6,Q207720,birth_year,wikidata,1941,2026-10-04T19:14:31+00:00,,not_comparable
20261004T202614Z-fc20c6,Q207720,canonical_name,wikidata,Mahmoud Darwish,2026-10-04T19:14:31+00:00,,
20261004T202614Z-fc20c6,Q207720,death_year,openlibrary,,2026-10-04T20:16:10+00:00,,not_comparable
20261004T202614Z-fc20c6,Q207720,death_year,wikidata,2008,2026-10-04T19:14:31+00:00,,not_comparable
20261004T202614Z-fc20c6,Q207720,nationality,wikidata,Palestine,2026-10-04T19:14:31+00:00,,
20261004T202614Z-fc20c6,Q207720,open_library_id,wikidata,OL2758657A,2026-10-04T19:14:31+00:00,,
20261004T202614Z-fc20c6,Q207720,wikidata_qid,openlibrary,,2026-10-04T20:16:10+00:00,,not_comparable
20261004T202614Z-fc20c6,Q207720,work_count,openlibrary,95,2026-10-04T20:16:10+00:00,,
20261004T202614Z-fc20c6,Q210059,birth_year,openlibrary,10 November 1960,2026-10-04T20:16:13+00:00,false,
20261004T202614Z-fc20c6,Q210059,birth_year,wikidata,1960,2026-10-04T19:15:03+00:00,false,
20261004T202614Z-fc20c6,Q210059,canonical_name,wikidata,Neil Gaiman,2026-10-04T19:15:03+00:00,,
20261004T202614Z-fc20c6,Q210059,death_year,openlibrary,,2026-10-04T20:16:13+00:00,,not_comparable
20261004T202614Z-fc20c6,Q210059,death_year,wikidata,,2026-10-04T19:15:03+00:00,,not_comparable
20261004T202614Z-fc20c6,Q210059,nationality,wikidata,United Kingdom,2026-10-04T19:15:03+00:00,,
20261004T202614Z-fc20c6,Q210059,open_library_id,wikidata,OL53305A,2026-10-04T19:15:03+00:00,,
20261004T202614Z-fc20c6,Q210059,wikidata_qid,openlibrary,Q210059,2026-10-04T20:16:13+00:00,false,
20261004T202614Z-fc20c6,Q210059,work_count,openlibrary,508,2026-10-04T20:16:13+00:00,,
20261004T202614Z-fc20c6,Q212730,birth_year,openlibrary,1954,2026-10-04T20:16:15+00:00,false,
20261004T202614Z-fc20c6,Q212730,birth_year,wikidata,1954,2026-10-04T19:14:56+00:00,false,
20261004T202614Z-fc20c6,Q212730,canonical_name,wikidata,Steven Pinker,2026-10-04T19:14:56+00:00,,
20261004T202614Z-fc20c6,Q212730,death_year,openlibrary,,2026-10-04T20:16:15+00:00,,not_comparable
20261004T202614Z-fc20c6,Q212730,death_year,wikidata,,2026-10-04T19:14:56+00:00,,not_comparable
20261004T202614Z-fc20c6,Q212730,nationality,wikidata,Canada; United States,2026-10-04T19:14:56+00:00,,
20261004T202614Z-fc20c6,Q212730,open_library_id,wikidata,OL29930A,2026-10-04T19:14:56+00:00,,
20261004T202614Z-fc20c6,Q212730,wikidata_qid,openlibrary,Q212730,2026-10-04T20:16:15+00:00,false,
20261004T202614Z-fc20c6,Q212730,work_count,openlibrary,36,2026-10-04T20:16:15+00:00,,
20261004T202614Z-fc20c6,Q212801,birth_year,openlibrary,24 November 1961,2026-10-04T20:16:18+00:00,false,
20261004T202614Z-fc20c6,Q212801,birth_year,wikidata,1961,2026-10-04T19:14:20+00:00,false,
20261004T202614Z-fc20c6,Q212801,canonical_name,wikidata,Arundhati Roy,2026-10-04T19:14:20+00:00,,
20261004T202614Z-fc20c6,Q212801,death_year,openlibrary,,2026-10-04T20:16:18+00:00,,not_comparable
20261004T202614Z-fc20c6,Q212801,death_year,wikidata,,2026-10-04T19:14:20+00:00,,not_comparable
20261004T202614Z-fc20c6,Q212801,nationality,wikidata,India,2026-10-04T19:14:20+00:00,,
20261004T202614Z-fc20c6,Q212801,open_library_id,wikidata,OL104867A,2026-10-04T19:14:20+00:00,,
20261004T202614Z-fc20c6,Q212801,wikidata_qid,openlibrary,Q212801,2026-10-04T20:16:18+00:00,false,
20261004T202614Z-fc20c6,Q212801,work_count,openlibrary,54,2026-10-04T20:16:18+00:00,,
20261004T202614Z-fc20c6,Q213482,birth_year,openlibrary,1896,2026-10-04T20:16:19+00:00,false,
20261004T202614Z-fc20c6,Q213482,birth_year,wikidata,1896,2026-10-04T19:13:46+00:00,false,
20261004T202614Z-fc20c6,Q213482,canonical_name,wikidata,Giuseppe Tomasi di Lampedusa,2026-10-04T19:13:46+00:00,,
20261004T202614Z-fc20c6,Q213482,death_year,openlibrary,1957,2026-10-04T20:16:19+00:00,false,
20261004T202614Z-fc20c6,Q213482,death_year,wikidata,1957,2026-10-04T19:13:46+00:00,false,
20261004T202614Z-fc20c6,Q213482,nationality,wikidata,Italy; Kingdom of Italy,2026-10-04T19:13:46+00:00,,
20261004T202614Z-fc20c6,Q213482,open_library_id,wikidata,OL325884A,2026-10-04T19:13:46+00:00,,
20261004T202614Z-fc20c6,Q213482,wikidata_qid,openlibrary,Q213482,2026-10-04T20:16:19+00:00,false,
20261004T202614Z-fc20c6,Q213482,work_count,openlibrary,70,2026-10-04T20:16:19+00:00,,
20261004T202614Z-fc20c6,Q2134968,birth_year,openlibrary,1961-06-24,2026-10-04T20:16:19+00:00,false,
20261004T202614Z-fc20c6,Q2134968,birth_year,wikidata,1961,2026-10-04T19:14:50+00:00,false,
20261004T202614Z-fc20c6,Q2134968,canonical_name,wikidata,Rebecca Solnit,2026-10-04T19:14:50+00:00,,
20261004T202614Z-fc20c6,Q2134968,death_year,openlibrary,,2026-10-04T20:16:19+00:00,,not_comparable
20261004T202614Z-fc20c6,Q2134968,death_year,wikidata,,2026-10-04T19:14:50+00:00,,not_comparable
20261004T202614Z-fc20c6,Q2134968,nationality,wikidata,United States,2026-10-04T19:14:50+00:00,,
20261004T202614Z-fc20c6,Q2134968,open_library_id,wikidata,OL22530A,2026-10-04T19:14:50+00:00,,
20261004T202614Z-fc20c6,Q2134968,wikidata_qid,openlibrary,Q2134968,2026-10-04T20:16:19+00:00,false,
20261004T202614Z-fc20c6,Q2134968,work_count,openlibrary,73,2026-10-04T20:16:19+00:00,,
20261004T202614Z-fc20c6,Q214565,birth_year,openlibrary,1866,2026-10-04T20:16:20+00:00,false,
20261004T202614Z-fc20c6,Q214565,birth_year,wikidata,1866,2026-10-04T19:15:06+00:00,false,
20261004T202614Z-fc20c6,Q214565,canonical_name,wikidata,Beatrix Potter,2026-10-04T19:15:06+00:00,,
20261004T202614Z-fc20c6,Q214565,death_year,openlibrary,1943,2026-10-04T20:16:20+00:00,false,
20261004T202614Z-fc20c6,Q214565,death_year,wikidata,1943,2026-10-04T19:15:06+00:00,false,
20261004T202614Z-fc20c6,Q214565,nationality,wikidata,United Kingdom,2026-10-04T19:15:06+00:00,,
20261004T202614Z-fc20c6,Q214565,open_library_id,wikidata,OL32541A,2026-10-04T19:15:06+00:00,,
20261004T202614Z-fc20c6,Q214565,wikidata_qid,openlibrary,Q214565,2026-10-04T20:16:20+00:00,false,
20261004T202614Z-fc20c6,Q214565,work_count,openlibrary,2496,2026-10-04T20:16:20+00:00,,
20261004T202614Z-fc20c6,Q214622,birth_year,openlibrary,18 Feb 1883,2026-10-04T20:16:20+00:00,false,
20261004T202614Z-fc20c6,Q214622,birth_year,wikidata,1883,2026-10-04T19:13:52+00:00,false,
20261004T202614Z-fc20c6,Q214622,canonical_name,wikidata,Nikos Kazantzakis,2026-10-04T19:13:52+00:00,,
20261004T202614Z-fc20c6,Q214622,death_year,openlibrary,26 Oct 1957,2026-10-04T20:16:20+00:00,false,
20261004T202614Z-fc20c6,Q214622,death_year,wikidata,1957,2026-10-04T19:13:52+00:00,false,
20261004T202614Z-fc20c6,Q214622,nationality,wikidata,Greece,2026-10-04T19:13:52+00:00,,
20261004T202614Z-fc20c6,Q214622,open_library_id,wikidata,OL29174A,2026-10-04T19:13:52+00:00,,
20261004T202614Z-fc20c6,Q214622,wikidata_qid,openlibrary,Q214622,2026-10-04T20:16:20+00:00,false,
20261004T202614Z-fc20c6,Q214622,work_count,openlibrary,152,2026-10-04T20:16:20+00:00,,
20261004T202614Z-fc20c6,Q215868,birth_year,openlibrary,1944,2026-10-04T20:16:28+00:00,false,
20261004T202614Z-fc20c6,Q215868,birth_year,wikidata,1944,2026-10-04T19:13:02+00:00,false,
20261004T202614Z-fc20c6,Q215868,canonical_name,wikidata,Alice Walker,2026-10-04T19:13:02+00:00,,
20261004T202614Z-fc20c6,Q215868,death_year,openlibrary,,2026-10-04T20:16:28+00:00,,not_comparable
20261004T202614Z-fc20c6,Q215868,death_year,wikidata,,2026-10-04T19:13:02+00:00,,not_comparable
20261004T202614Z-fc20c6,Q215868,nationality,wikidata,United States,2026-10-04T19:13:02+00:00,,
20261004T202614Z-fc20c6,Q215868,open_library_id,wikidata,OL2629213A; OL217774A,2026-10-04T19:13:02+00:00,,
20261004T202614Z-fc20c6,Q215868,wikidata_qid,openlibrary,Q215868,2026-10-04T20:16:28+00:00,false,
20261004T202614Z-fc20c6,Q215868,work_count,openlibrary,198,2026-10-04T20:16:28+00:00,,
20261004T202614Z-fc20c6,Q216478,birth_year,openlibrary,1861,2026-10-04T20:16:23+00:00,false,
20261004T202614Z-fc20c6,Q216478,birth_year,wikidata,1861,2026-10-04T19:13:48+00:00,false,
20261004T202614Z-fc20c6,Q216478,canonical_name,wikidata,Italo Svevo,2026-10-04T19:13:48+00:00,,
20261004T202614Z-fc20c6,Q216478,death_year,openlibrary,1928,2026-10-04T20:16:23+00:00,false,
20261004T202614Z-fc20c6,Q216478,death_year,wikidata,1928,2026-10-04T19:13:48+00:00,false,
20261004T202614Z-fc20c6,Q216478,nationality,wikidata,Austria–Hungary; Kingdom of Italy,2026-10-04T19:13:48+00:00,,
20261004T202614Z-fc20c6,Q216478,open_library_id,wikidata,OL298044A; OL5927020A,2026-10-04T19:13:48+00:00,,
20261004T202614Z-fc20c6,Q216478,wikidata_qid,openlibrary,Q216478,2026-10-04T20:16:23+00:00,false,
20261004T202614Z-fc20c6,Q216478,work_count,openlibrary,355,2026-10-04T20:16:23+00:00,,
20261004T202614Z-fc20c6,Q218679,birth_year,openlibrary,28 January 1873,2026-10-04T20:16:25+00:00,false,
20261004T202614Z-fc20c6,Q218679,birth_year,wikidata,1873,2026-10-04T19:13:31+00:00,false,
20261004T202614Z-fc20c6,Q218679,canonical_name,wikidata,Colette,2026-10-04T19:13:31+00:00,,
20261004T202614Z-fc20c6,Q218679,death_year,openlibrary,3 August 1954,2026-10-04T20:16:25+00:00,false,
20261004T202614Z-fc20c6,Q218679,death_year,wikidata,1954,2026-10-04T19:13:31+00:00,false,
20261004T202614Z-fc20c6,Q218679,nationality,wikidata,France,2026-10-04T19:13:31+00:00,,
20261004T202614Z-fc20c6,Q218679,open_library_id,wikidata,OL119715A,2026-10-04T19:13:31+00:00,,
20261004T202614Z-fc20c6,Q218679,wikidata_qid,openlibrary,Q218679,2026-10-04T20:16:25+00:00,false,
20261004T202614Z-fc20c6,Q218679,work_count,openlibrary,753,2026-10-04T20:16:25+00:00,,
20261004T202614Z-fc20c6,Q218960,birth_year,openlibrary,24 November 1713,2026-10-04T20:16:27+00:00,false,
20261004T202614Z-fc20c6,Q218960,birth_year,wikidata,1713,2026-10-04T19:12:34+00:00,false,
20261004T202614Z-fc20c6,Q218960,canonical_name,wikidata,Laurence Sterne,2026-10-04T19:12:34+00:00,,
20261004T202614Z-fc20c6,Q218960,death_year,openlibrary,18 March 1768,2026-10-04T20:16:27+00:00,false,
20261004T202614Z-fc20c6,Q218960,death_year,wikidata,1768,2026-10-04T19:12:34+00:00,false,
20261004T202614Z-fc20c6,Q218960,nationality,wikidata,Kingdom of Great Britain,2026-10-04T19:12:34+00:00,,
20261004T202614Z-fc20c6,Q218960,open_library_id,wikidata,OL53291A,2026-10-04T19:12:34+00:00,,
20261004T202614Z-fc20c6,Q218960,wikidata_qid,openlibrary,Q218960,2026-10-04T20:16:27+00:00,false,
20261004T202614Z-fc20c6,Q218960,work_count,openlibrary,437,2026-10-04T20:16:27+00:00,,
20261004T202614Z-fc20c6,Q219368,birth_year,openlibrary,24 February 1956,2026-10-04T20:16:28+00:00,false,
20261004T202614Z-fc20c6,Q219368,birth_year,wikidata,1956,2026-10-04T19:14:52+00:00,false,
20261004T202614Z-fc20c6,Q219368,canonical_name,wikidata,Judith Butler,2026-10-04T19:14:52+00:00,,
20261004T202614Z-fc20c6,Q219368,death_year,openlibrary,,2026-10-04T20:16:28+00:00,,not_comparable
20261004T202614Z-fc20c6,Q219368,death_year,wikidata,,2026-10-04T19:14:52+00:00,,not_comparable
20261004T202614Z-fc20c6,Q219368,nationality,wikidata,United States,2026-10-04T19:14:52+00:00,,
20261004T202614Z-fc20c6,Q219368,open_library_id,wikidata,OL538504A,2026-10-04T19:14:52+00:00,,
20261004T202614Z-fc20c6,Q219368,wikidata_qid,openlibrary,Q219368,2026-10-04T20:16:28+00:00,false,
20261004T202614Z-fc20c6,Q219368,work_count,openlibrary,168,2026-10-04T20:16:28+00:00,,
20261004T202614Z-fc20c6,Q220480,birth_year,openlibrary,1891-01-07,2026-10-04T20:16:29+00:00,false,
20261004T202614Z-fc20c6,Q220480,birth_year,wikidata,1891,2026-10-04T19:12:55+00:00,false,
20261004T202614Z-fc20c6,Q220480,canonical_name,wikidata,Zora Neale Hurston,2026-10-04T19:12:55+00:00,,
20261004T202614Z-fc20c6,Q220480,death_year,openlibrary,1960-01-28,2026-10-04T20:16:29+00:00,false,
20261004T202614Z-fc20c6,Q220480,death_year,wikidata,1960,2026-10-04T19:12:55+00:00,false,
20261004T202614Z-fc20c6,Q220480,nationality,wikidata,United States,2026-10-04T19:12:55+00:00,,
20261004T202614Z-fc20c6,Q220480,open_library_id,wikidata,OL226273A; OL6841734A,2026-10-04T19:12:55+00:00,,
20261004T202614Z-fc20c6,Q220480,wikidata_qid,openlibrary,Q220480,2026-10-04T20:16:29+00:00,false,
20261004T202614Z-fc20c6,Q220480,work_count,openlibrary,109,2026-10-04T20:16:29+00:00,,
20261004T202614Z-fc20c6,Q220980,birth_year,openlibrary,28 Dic 1872,2026-10-04T20:16:30+00:00,false,
20261004T202614Z-fc20c6,Q220980,birth_year,wikidata,1872,2026-10-04T19:12:11+00:00,false,
20261004T202614Z-fc20c6,Q220980,canonical_name,wikidata,Pío Baroja Nessi,2026-10-04T19:12:11+00:00,,
20261004T202614Z-fc20c6,Q220980,death_year,openlibrary,30 Oct 1956,2026-10-04T20:16:30+00:00,false,
20261004T202614Z-fc20c6,Q220980,death_year,wikidata,1956,2026-10-04T19:12:11+00:00,false,
20261004T202614Z-fc20c6,Q220980,nationality,wikidata,Spain,2026-10-04T19:12:11+00:00,,
20261004T202614Z-fc20c6,Q220980,open_library_id,wikidata,OL60791A,2026-10-04T19:12:11+00:00,,
20261004T202614Z-fc20c6,Q220980,wikidata_qid,openlibrary,Q220980,2026-10-04T20:16:30+00:00,false,
20261004T202614Z-fc20c6,Q220980,work_count,openlibrary,899,2026-10-04T20:16:30+00:00,,
20261004T202614Z-fc20c6,Q221771,birth_year,openlibrary,1951,2026-10-04T20:16:30+00:00,false,
20261004T202614Z-fc20c6,Q221771,birth_year,wikidata,1951,2026-10-04T19:12:23+00:00,false,
20261004T202614Z-fc20c6,Q221771,canonical_name,wikidata,Bernardo Atxaga,2026-10-04T19:12:23+00:00,,
20261004T202614Z-fc20c6,Q221771,death_year,openlibrary,),2026-10-04T20:16:30+00:00,,not_comparable
20261004T202614Z-fc20c6,Q221771,death_year,wikidata,,2026-10-04T19:12:23+00:00,,not_comparable
20261004T202614Z-fc20c6,Q221771,nationality,wikidata,Spain,2026-10-04T19:12:23+00:00,,
20261004T202614Z-fc20c6,Q221771,open_library_id,wikidata,OL261016A,2026-10-04T19:12:23+00:00,,
20261004T202614Z-fc20c6,Q221771,wikidata_qid,openlibrary,Q221771,2026-10-04T20:16:30+00:00,false,
20261004T202614Z-fc20c6,Q221771,work_count,openlibrary,179,2026-10-04T20:16:30+00:00,,
20261004T202614Z-fc20c6,Q222944,birth_year,openlibrary,1945-07-30,2026-10-04T20:16:31+00:00,false,
20261004T202614Z-fc20c6,Q222944,birth_year,wikidata,1945,2026-10-04T19:13:27+00:00,false,
20261004T202614Z-fc20c6,Q222944,canonical_name,wikidata,Patrick Modiano,2026-10-04T19:13:27+00:00,,
20261004T202614Z-fc20c6,Q222944,death_year,openlibrary,,2026-10-04T20:16:31+00:00,,not_comparable
20261004T202614Z-fc20c6,Q222944,death_year,wikidata,,2026-10-04T19:13:27+00:00,,not_comparable
20261004T202614Z-fc20c6,Q222944,nationality,wikidata,France,2026-10-04T19:13:27+00:00,,
20261004T202614Z-fc20c6,Q222944,open_library_id,wikidata,OL60496A,2026-10-04T19:13:27+00:00,,
20261004T202614Z-fc20c6,Q222944,wikidata_qid,openlibrary,Q222944,2026-10-04T20:16:31+00:00,false,
20261004T202614Z-fc20c6,Q222944,work_count,openlibrary,290,2026-10-04T20:16:31+00:00,,
20261004T202614Z-fc20c6,Q22670,birth_year,openlibrary,10 November 1759,2026-10-04T20:16:32+00:00,false,
20261004T202614Z-fc20c6,Q22670,birth_year,wikidata,1759,2026-10-04T19:13:37+00:00,false,
20261004T202614Z-fc20c6,Q22670,canonical_name,wikidata,Friedrich Schiller,2026-10-04T19:13:37+00:00,,
20261004T202614Z-fc20c6,Q22670,death_year,openlibrary,9 May 1805,2026-10-04T20:16:32+00:00,false,
20261004T202614Z-fc20c6,Q22670,death_year,wikidata,1805,2026-10-04T19:13:37+00:00,false,
20261004T202614Z-fc20c6,Q22670,nationality,wikidata,Duchy of Saxe-Weimar; Duchy of Württemberg,2026-10-04T19:13:37+00:00,,
20261004T202614Z-fc20c6,Q22670,open_library_id,wikidata,OL2414180A; OL12202843A,2026-10-04T19:13:37+00:00,,
20261004T202614Z-fc20c6,Q22670,wikidata_qid,openlibrary,Q22670,2026-10-04T20:16:32+00:00,false,
20261004T202614Z-fc20c6,Q22670,work_count,openlibrary,2923,2026-10-04T20:16:32+00:00,,
20261004T202614Z-fc20c6,Q228494,birth_year,openlibrary,1806,2026-10-04T20:16:32+00:00,false,
20261004T202614Z-fc20c6,Q228494,birth_year,wikidata,1806,2026-10-04T19:12:39+00:00,false,
20261004T202614Z-fc20c6,Q228494,canonical_name,wikidata,Elizabeth Barrett Browning,2026-10-04T19:12:39+00:00,,
20261004T202614Z-fc20c6,Q228494,death_year,openlibrary,1861,2026-10-04T20:16:32+00:00,false,
20261004T202614Z-fc20c6,Q228494,death_year,wikidata,1861,2026-10-04T19:12:39+00:00,false,
20261004T202614Z-fc20c6,Q228494,nationality,wikidata,United Kingdom of Great Britain and Ireland,2026-10-04T19:12:39+00:00,,
20261004T202614Z-fc20c6,Q228494,open_library_id,wikidata,OL4278548A,2026-10-04T19:12:39+00:00,,
20261004T202614Z-fc20c6,Q228494,wikidata_qid,openlibrary,Q228494,2026-10-04T20:16:32+00:00,false,
20261004T202614Z-fc20c6,Q228494,work_count,openlibrary,297,2026-10-04T20:16:32+00:00,,
20261004T202614Z-fc20c6,Q228589,birth_year,openlibrary,1971-09-03,2026-10-04T20:16:33+00:00,false,
20261004T202614Z-fc20c6,Q228589,birth_year,wikidata,1971,2026-10-04T19:14:22+00:00,false,
20261004T202614Z-fc20c6,Q228589,canonical_name,wikidata,Kiran Desai,2026-10-04T19:14:22+00:00,,
20261004T202614Z-fc20c6,Q228589,death_year,openlibrary,,2026-10-04T20:16:33+00:00,,not_comparable
20261004T202614Z-fc20c6,Q228589,death_year,wikidata,,2026-10-04T19:14:22+00:00,,not_comparable
20261004T202614Z-fc20c6,Q228589,nationality,wikidata,India,2026-10-04T19:14:22+00:00,,
20261004T202614Z-fc20c6,Q228589,open_library_id,wikidata,OL20133A,2026-10-04T19:14:22+00:00,,
20261004T202614Z-fc20c6,Q228589,wikidata_qid,openlibrary,Q228589,2026-10-04T20:16:33+00:00,false,
20261004T202614Z-fc20c6,Q228589,work_count,openlibrary,11,2026-10-04T20:16:33+00:00,,
20261004T202614Z-fc20c6,Q229480,birth_year,openlibrary,7 December 1873,2026-10-04T20:16:37+00:00,false,
20261004T202614Z-fc20c6,Q229480,birth_year,wikidata,1873,2026-10-04T19:12:46+00:00,false,
20261004T202614Z-fc20c6,Q229480,canonical_name,wikidata,Willa Cather,2026-10-04T19:12:46+00:00,,
20261004T202614Z-fc20c6,Q229480,death_year,openlibrary,24 April 1947,2026-10-04T20:16:37+00:00,false,
20261004T202614Z-fc20c6,Q229480,death_year,wikidata,1947,2026-10-04T19:12:46+00:00,false,
20261004T202614Z-fc20c6,Q229480,nationality,wikidata,United States,2026-10-04T19:12:46+00:00,,
20261004T202614Z-fc20c6,Q229480,open_library_id,wikidata,OL22583A,2026-10-04T19:12:46+00:00,,
20261004T202614Z-fc20c6,Q229480,wikidata_qid,openlibrary,Q229480,2026-10-04T20:16:37+00:00,false,
20261004T202614Z-fc20c6,Q229480,work_count,openlibrary,243,2026-10-04T20:16:37+00:00,,
20261004T202614Z-fc20c6,Q230141,birth_year,openlibrary,1977,2026-10-04T20:16:39+00:00,false,
20261004T202614Z-fc20c6,Q230141,birth_year,wikidata,1977,2026-10-04T19:13:10+00:00,false,
20261004T202614Z-fc20c6,Q230141,canonical_name,wikidata,Chimamanda Ngozi Adichie,2026-10-04T19:13:10+00:00,,
20261004T202614Z-fc20c6,Q230141,death_year,openlibrary,,2026-10-04T20:16:39+00:00,,not_comparable
20261004T202614Z-fc20c6,Q230141,death_year,wikidata,,2026-10-04T19:13:10+00:00,,not_comparable
20261004T202614Z-fc20c6,Q230141,nationality,wikidata,Nigeria,2026-10-04T19:13:10+00:00,,
20261004T202614Z-fc20c6,Q230141,open_library_id,wikidata,OL1393502A,2026-10-04T19:13:10+00:00,,
20261004T202614Z-fc20c6,Q230141,wikidata_qid,openlibrary,Q230141,2026-10-04T20:16:39+00:00,false,
20261004T202614Z-fc20c6,Q230141,work_count,openlibrary,58,2026-10-04T20:16:39+00:00,,
20261004T202614Z-fc20c6,Q230586,birth_year,openlibrary,1950,2026-10-04T20:16:40+00:00,false,
20261004T202614Z-fc20c6,Q230586,birth_year,wikidata,1950,2026-10-04T19:11:52+00:00,false,
20261004T202614Z-fc20c6,Q230586,canonical_name,wikidata,Laura Esquivel,2026-10-04T19:11:52+00:00,,
20261004T202614Z-fc20c6,Q230586,death_year,openlibrary,,2026-10-04T20:16:40+00:00,,not_comparable
20261004T202614Z-fc20c6,Q230586,death_year,wikidata,,2026-10-04T19:11:52+00:00,,not_comparable
20261004T202614Z-fc20c6,Q230586,nationality,wikidata,Mexico,2026-10-04T19:11:52+00:00,,
20261004T202614Z-fc20c6,Q230586,open_library_id,wikidata,OL85306A,2026-10-04T19:11:52+00:00,,
20261004T202614Z-fc20c6,Q230586,wikidata_qid,openlibrary,Q230586,2026-10-04T20:16:40+00:00,false,
20261004T202614Z-fc20c6,Q230586,work_count,openlibrary,34,2026-10-04T20:16:40+00:00,,
20261004T202614Z-fc20c6,Q23114,birth_year,openlibrary,1881,2026-10-04T20:16:48+00:00,false,
20261004T202614Z-fc20c6,Q23114,birth_year,wikidata,1881,2026-10-04T19:14:16+00:00,false,
20261004T202614Z-fc20c6,Q23114,canonical_name,wikidata,Lu Xun,2026-10-04T19:14:16+00:00,,
20261004T202614Z-fc20c6,Q23114,death_year,openlibrary,1936,2026-10-04T20:16:48+00:00,false,
20261004T202614Z-fc20c6,Q23114,death_year,wikidata,1936,2026-10-04T19:14:16+00:00,false,
20261004T202614Z-fc20c6,Q23114,nationality,wikidata,Qing dynasty; Republic of China,2026-10-04T19:14:16+00:00,,
20261004T202614Z-fc20c6,Q23114,open_library_id,wikidata,OL2889685A; OL4866653A; OL7503188A,2026-10-04T19:14:16+00:00,,
20261004T202614Z-fc20c6,Q23114,wikidata_qid,openlibrary,Q23114,2026-10-04T20:16:48+00:00,false,
20261004T202614Z-fc20c6,Q23114,work_count,openlibrary,0,2026-10-04T20:16:48+00:00,,
20261004T202614Z-fc20c6,Q231603,birth_year,openlibrary,ca. 967,2026-10-04T20:16:42+00:00,,not_comparable
20261004T202614Z-fc20c6,Q231603,birth_year,wikidata,966,2026-10-04T19:14:09+00:00,,not_comparable
20261004T202614Z-fc20c6,Q231603,canonical_name,wikidata,Sei Shonagon,2026-10-04T19:14:09+00:00,,
20261004T202614Z-fc20c6,Q231603,death_year,openlibrary,,2026-10-04T20:16:42+00:00,,not_comparable
20261004T202614Z-fc20c6,Q231603,death_year,wikidata,1025,2026-10-04T19:14:09+00:00,,not_comparable
20261004T202614Z-fc20c6,Q231603,nationality,wikidata,Japan,2026-10-04T19:14:09+00:00,,
20261004T202614Z-fc20c6,Q231603,open_library_id,wikidata,OL765545A,2026-10-04T19:14:09+00:00,,
20261004T202614Z-fc20c6,Q231603,wikidata_qid,openlibrary,Q231603,2026-10-04T20:16:42+00:00,false,
20261004T202614Z-fc20c6,Q231603,work_count,openlibrary,45,2026-10-04T20:16:42+00:00,,
20261004T202614Z-fc20c6,Q231944,birth_year,openlibrary,9 Jul 1764,2026-10-04T20:16:43+00:00,false,
20261004T202614Z-fc20c6,Q231944,birth_year,wikidata,1764,2026-10-04T19:12:35+00:00,false,
20261004T202614Z-fc20c6,Q231944,canonical_name,wikidata,Ann Radcliffe,2026-10-04T19:12:35+00:00,,
20261004T202614Z-fc20c6,Q231944,death_year,openlibrary,7 Feb 1823,2026-10-04T20:16:43+00:00,false,
20261004T202614Z-fc20c6,Q231944,death_year,wikidata,1823,2026-10-04T19:12:35+00:00,false,
20261004T202614Z-fc20c6,Q231944,nationality,wikidata,Kingdom of Great Britain; United Kingdom of Great Britain and Ireland,2026-10-04T19:12:35+00:00,,
20261004T202614Z-fc20c6,Q231944,open_library_id,wikidata,OL54732A,2026-10-04T19:12:35+00:00,,
20261004T202614Z-fc20c6,Q231944,wikidata_qid,openlibrary,Q231944,2026-10-04T20:16:43+00:00,false,
20261004T202614Z-fc20c6,Q231944,work_count,openlibrary,324,2026-10-04T20:16:43+00:00,,
20261004T202614Z-fc20c6,Q2320966,birth_year,openlibrary,1957-10-26,2026-10-04T20:16:44+00:00,false,
20261004T202614Z-fc20c6,Q2320966,birth_year,wikidata,1957,2026-10-04T19:12:23+00:00,false,
20261004T202614Z-fc20c6,Q2320966,canonical_name,wikidata,Manuel Rivas,2026-10-04T19:12:23+00:00,,
20261004T202614Z-fc20c6,Q2320966,death_year,openlibrary,,2026-10-04T20:16:44+00:00,,not_comparable
20261004T202614Z-fc20c6,Q2320966,death_year,wikidata,,2026-10-04T19:12:23+00:00,,not_comparable
20261004T202614Z-fc20c6,Q2320966,nationality,wikidata,Spain,2026-10-04T19:12:23+00:00,,
20261004T202614Z-fc20c6,Q2320966,open_library_id,wikidata,OL91235A,2026-10-04T19:12:23+00:00,,
20261004T202614Z-fc20c6,Q2320966,wikidata_qid,openlibrary,Q2320966,2026-10-04T20:16:44+00:00,false,
20261004T202614Z-fc20c6,Q2320966,work_count,openlibrary,163,2026-10-04T20:16:44+00:00,,
20261004T202614Z-fc20c6,Q2321261,birth_year,openlibrary,1975,2026-10-04T20:16:45+00:00,false,
20261004T202614Z-fc20c6,Q2321261,birth_year,wikidata,1975,2026-10-04T19:14:41+00:00,false,
20261004T202614Z-fc20c6,Q2321261,canonical_name,wikidata,Eka Kurniawan,2026-10-04T19:14:41+00:00,,
20261004T202614Z-fc20c6,Q2321261,death_year,openlibrary,,2026-10-04T20:16:45+00:00,,not_comparable
20261004T202614Z-fc20c6,Q2321261,death_year,wikidata,,2026-10-04T19:14:41+00:00,,not_comparable
20261004T202614Z-fc20c6,Q2321261,nationality,wikidata,Indonesia,2026-10-04T19:14:41+00:00,,
20261004T202614Z-fc20c6,Q2321261,open_library_id,wikidata,OL1450187A,2026-10-04T19:14:41+00:00,,
20261004T202614Z-fc20c6,Q2321261,wikidata_qid,openlibrary,,2026-10-04T20:16:45+00:00,,not_comparable
20261004T202614Z-fc20c6,Q2321261,work_count,openlibrary,9,2026-10-04T20:16:45+00:00,,
20261004T202614Z-fc20c6,Q232417,birth_year,openlibrary,24 Aug 1936,2026-10-04T20:16:46+00:00,false,
20261004T202614Z-fc20c6,Q232417,birth_year,wikidata,1936,2026-10-04T19:13:08+00:00,false,
20261004T202614Z-fc20c6,Q232417,canonical_name,wikidata,A. S. Byatt,2026-10-04T19:13:08+00:00,,
20261004T202614Z-fc20c6,Q232417,death_year,openlibrary,2023,2026-10-04T20:16:46+00:00,false,
20261004T202614Z-fc20c6,Q232417,death_year,wikidata,2023,2026-10-04T19:13:08+00:00,false,
20261004T202614Z-fc20c6,Q232417,nationality,wikidata,United Kingdom,2026-10-04T19:13:08+00:00,,
20261004T202614Z-fc20c6,Q232417,open_library_id,wikidata,OL19066A,2026-10-04T19:13:08+00:00,,
20261004T202614Z-fc20c6,Q232417,wikidata_qid,openlibrary,Q232417,2026-10-04T20:16:46+00:00,false,
20261004T202614Z-fc20c6,Q232417,work_count,openlibrary,122,2026-10-04T20:16:46+00:00,,
20261004T202614Z-fc20c6,Q233265,birth_year,openlibrary,7 May 1812,2026-10-04T20:16:47+00:00,false,
20261004T202614Z-fc20c6,Q233265,birth_year,wikidata,1812,2026-10-04T19:12:40+00:00,false,
20261004T202614Z-fc20c6,Q233265,canonical_name,wikidata,Robert Browning,2026-10-04T19:12:40+00:00,,
20261004T202614Z-fc20c6,Q233265,death_year,openlibrary,12 Dec 1889,2026-10-04T20:16:47+00:00,false,
20261004T202614Z-fc20c6,Q233265,death_year,wikidata,1889,2026-10-04T19:12:40+00:00,false,
20261004T202614Z-fc20c6,Q233265,nationality,wikidata,United Kingdom; United Kingdom of Great Britain and Ireland,2026-10-04T19:12:40+00:00,,
20261004T202614Z-fc20c6,Q233265,open_library_id,wikidata,OL48850A,2026-10-04T19:12:40+00:00,,
20261004T202614Z-fc20c6,Q233265,wikidata_qid,openlibrary,Q233265,2026-10-04T20:16:47+00:00,false,
20261004T202614Z-fc20c6,Q233265,work_count,openlibrary,1390,2026-10-04T20:16:47+00:00,,
20261004T202614Z-fc20c6,Q233584,birth_year,openlibrary,1959,2026-10-04T20:16:49+00:00,false,
20261004T202614Z-fc20c6,Q233584,birth_year,wikidata,1959,2026-10-04T19:13:07+00:00,false,
20261004T202614Z-fc20c6,Q233584,canonical_name,wikidata,Jeanette Winterson,2026-10-04T19:13:07+00:00,,
20261004T202614Z-fc20c6,Q233584,death_year,openlibrary,,2026-10-04T20:16:49+00:00,,not_comparable
20261004T202614Z-fc20c6,Q233584,death_year,wikidata,,2026-10-04T19:13:07+00:00,,not_comparable
20261004T202614Z-fc20c6,Q233584,nationality,wikidata,United Kingdom,2026-10-04T19:13:07+00:00,,
20261004T202614Z-fc20c6,Q233584,open_library_id,wikidata,OL229997A,2026-10-04T19:13:07+00:00,,
20261004T202614Z-fc20c6,Q233584,wikidata_qid,openlibrary,Q233584,2026-10-04T20:16:49+00:00,false,
20261004T202614Z-fc20c6,Q233584,work_count,openlibrary,57,2026-10-04T20:16:49+00:00,,
20261004T202614Z-fc20c6,Q233950,birth_year,openlibrary,"March 5, 1934",2026-10-04T20:16:52+00:00,false,
20261004T202614Z-fc20c6,Q233950,birth_year,wikidata,1934,2026-10-04T19:14:56+00:00,false,
20261004T202614Z-fc20c6,Q233950,canonical_name,wikidata,Daniel Kahneman,2026-10-04T19:14:56+00:00,,
20261004T202614Z-fc20c6,Q233950,death_year,openlibrary,2024,2026-10-04T20:16:52+00:00,false,
20261004T202614Z-fc20c6,Q233950,death_year,wikidata,2024,2026-10-04T19:14:56+00:00,false,
20261004T202614Z-fc20c6,Q233950,nationality,wikidata,Israel; United States,2026-10-04T19:14:56+00:00,,
20261004T202614Z-fc20c6,Q233950,open_library_id,wikidata,OL2066695A,2026-10-04T19:14:56+00:00,,
20261004T202614Z-fc20c6,Q233950,wikidata_qid,openlibrary,Q233950,2026-10-04T20:16:52+00:00,false,
20261004T202614Z-fc20c6,Q233950,work_count,openlibrary,32,2026-10-04T20:16:52+00:00,,
20261004T202614Z-fc20c6,Q23434,birth_year,openlibrary,21 July 1899,2026-10-04T20:16:52+00:00,false,
20261004T202614Z-fc20c6,Q23434,birth_year,wikidata,1899,2026-10-04T19:12:56+00:00,false,
20261004T202614Z-fc20c6,Q23434,canonical_name,wikidata,Ernest Hemingway,2026-10-04T19:12:56+00:00,,
20261004T202614Z-fc20c6,Q23434,death_year,openlibrary,2 July 1961,2026-10-04T20:16:52+00:00,false,
20261004T202614Z-fc20c6,Q23434,death_year,wikidata,1961,2026-10-04T19:12:56+00:00,false,
20261004T202614Z-fc20c6,Q23434,nationality,wikidata,United States,2026-10-04T19:12:56+00:00,,
20261004T202614Z-fc20c6,Q23434,open_library_id,wikidata,OL13640A,2026-10-04T19:12:56+00:00,,
20261004T202614Z-fc20c6,Q23434,wikidata_qid,openlibrary,Q23434,2026-10-04T20:16:52+00:00,false,
20261004T202614Z-fc20c6,Q23434,work_count,openlibrary,1096,2026-10-04T20:16:52+00:00,,
20261004T202614Z-fc20c6,Q234579,birth_year,openlibrary,"March 25, 1925",2026-10-04T20:16:53+00:00,false,
20261004T202614Z-fc20c6,Q234579,birth_year,wikidata,1925,2026-10-04T19:12:57+00:00,false,
20261004T202614Z-fc20c6,Q234579,canonical_name,wikidata,Flannery O'Connor,2026-10-04T19:12:57+00:00,,
20261004T202614Z-fc20c6,Q234579,death_year,openlibrary,"August 3, 1964",2026-10-04T20:16:53+00:00,false,
20261004T202614Z-fc20c6,Q234579,death_year,wikidata,1964,2026-10-04T19:12:57+00:00,false,
20261004T202614Z-fc20c6,Q234579,nationality,wikidata,United States,2026-10-04T19:12:57+00:00,,
20261004T202614Z-fc20c6,Q234579,open_library_id,wikidata,OL35145A,2026-10-04T19:12:57+00:00,,
20261004T202614Z-fc20c6,Q234579,wikidata_qid,openlibrary,Q234579,2026-10-04T20:16:53+00:00,false,
20261004T202614Z-fc20c6,Q234579,work_count,openlibrary,98,2026-10-04T20:16:53+00:00,,
20261004T202614Z-fc20c6,Q234663,birth_year,openlibrary,1908-10-10,2026-10-04T20:09:34+00:00,false,
20261004T202614Z-fc20c6,Q234663,birth_year,wikidata,1908,2026-10-04T19:11:47+00:00,false,
20261004T202614Z-fc20c6,Q234663,canonical_name,wikidata,Mercè Rodoreda i Gurguí,2026-10-04T19:11:47+00:00,,
20261004T202614Z-fc20c6,Q234663,death_year,openlibrary,1983-04-13,2026-10-04T20:09:34+00:00,false,
20261004T202614Z-fc20c6,Q234663,death_year,wikidata,1983,2026-10-04T19:11:47+00:00,false,
20261004T202614Z-fc20c6,Q234663,nationality,wikidata,Spain,2026-10-04T19:11:47+00:00,,
20261004T202614Z-fc20c6,Q234663,open_library_id,wikidata,OL66969A,2026-10-04T19:11:47+00:00,,
20261004T202614Z-fc20c6,Q234663,wikidata_qid,openlibrary,Q234663,2026-10-04T20:09:34+00:00,false,
20261004T202614Z-fc20c6,Q234663,work_count,openlibrary,54,2026-10-04T20:09:34+00:00,,
20261004T202614Z-fc20c6,Q234819,birth_year,openlibrary,10 July 1931,2026-10-04T20:16:54+00:00,false,
20261004T202614Z-fc20c6,Q234819,birth_year,wikidata,1931,2026-10-04T19:13:04+00:00,false,
20261004T202614Z-fc20c6,Q234819,canonical_name,wikidata,Alice Munro,2026-10-04T19:13:04+00:00,,
20261004T202614Z-fc20c6,Q234819,death_year,openlibrary,2024-05-13,2026-10-04T20:16:54+00:00,false,
20261004T202614Z-fc20c6,Q234819,death_year,wikidata,2024,2026-10-04T19:13:04+00:00,false,
20261004T202614Z-fc20c6,Q234819,nationality,wikidata,Canada,2026-10-04T19:13:04+00:00,,
20261004T202614Z-fc20c6,Q234819,open_library_id,wikidata,OL82236A,2026-10-04T19:13:04+00:00,,
20261004T202614Z-fc20c6,Q234819,wikidata_qid,openlibrary,Q234819,2026-10-04T20:16:54+00:00,false,
20261004T202614Z-fc20c6,Q234819,work_count,openlibrary,155,2026-10-04T20:16:54+00:00,,
20261004T202614Z-fc20c6,Q234989,birth_year,openlibrary,1952,2026-10-04T20:16:55+00:00,false,
20261004T202614Z-fc20c6,Q234989,birth_year,wikidata,1952,2026-10-04T19:14:18+00:00,false,
20261004T202614Z-fc20c6,Q234989,canonical_name,wikidata,Amy Tan,2026-10-04T19:14:18+00:00,,
20261004T202614Z-fc20c6,Q234989,death_year,openlibrary,,2026-10-04T20:16:55+00:00,,not_comparable
20261004T202614Z-fc20c6,Q234989,death_year,wikidata,,2026-10-04T19:14:18+00:00,,not_comparable
20261004T202614Z-fc20c6,Q234989,nationality,wikidata,United States,2026-10-04T19:14:18+00:00,,
20261004T202614Z-fc20c6,Q234989,open_library_id,wikidata,OL220796A,2026-10-04T19:14:18+00:00,,
20261004T202614Z-fc20c6,Q234989,wikidata_qid,openlibrary,Q234989,2026-10-04T20:16:55+00:00,false,
20261004T202614Z-fc20c6,Q234989,work_count,openlibrary,100,2026-10-04T20:16:55+00:00,,
20261004T202614Z-fc20c6,Q235291,birth_year,openlibrary,25 March 1952,2026-10-04T20:16:56+00:00,false,
20261004T202614Z-fc20c6,Q235291,birth_year,wikidata,1952,2026-10-04T19:14:46+00:00,false,
20261004T202614Z-fc20c6,Q235291,canonical_name,wikidata,Jung Chang,2026-10-04T19:14:46+00:00,,
20261004T202614Z-fc20c6,Q235291,death_year,openlibrary,,2026-10-04T20:16:56+00:00,,not_comparable
20261004T202614Z-fc20c6,Q235291,death_year,wikidata,,2026-10-04T19:14:46+00:00,,not_comparable
20261004T202614Z-fc20c6,Q235291,nationality,wikidata,United Kingdom,2026-10-04T19:14:46+00:00,,
20261004T202614Z-fc20c6,Q235291,open_library_id,wikidata,OL662333A,2026-10-04T19:14:46+00:00,,
20261004T202614Z-fc20c6,Q235291,wikidata_qid,openlibrary,Q235291,2026-10-04T20:16:56+00:00,false,
20261004T202614Z-fc20c6,Q235291,work_count,openlibrary,9,2026-10-04T20:16:56+00:00,,
20261004T202614Z-fc20c6,Q235354,birth_year,openlibrary,4 September 1905,2026-10-04T20:16:56+00:00,false,
20261004T202614Z-fc20c6,Q235354,birth_year,wikidata,1905,2026-10-04T19:15:02+00:00,false,
20261004T202614Z-fc20c6,Q235354,canonical_name,wikidata,Mary Renault,2026-10-04T19:15:02+00:00,,
20261004T202614Z-fc20c6,Q235354,death_year,openlibrary,13 December 1983,2026-10-04T20:16:56+00:00,false,
20261004T202614Z-fc20c6,Q235354,death_year,wikidata,1983,2026-10-04T19:15:02+00:00,false,
20261004T202614Z-fc20c6,Q235354,nationality,wikidata,South Africa; United Kingdom,2026-10-04T19:15:02+00:00,,
20261004T202614Z-fc20c6,Q235354,open_library_id,wikidata,OL710654A,2026-10-04T19:15:02+00:00,,
20261004T202614Z-fc20c6,Q235354,wikidata_qid,openlibrary,Q235354,2026-10-04T20:16:56+00:00,false,
20261004T202614Z-fc20c6,Q235354,work_count,openlibrary,18,2026-10-04T20:16:56+00:00,,
20261004T202614Z-fc20c6,Q235403,birth_year,openlibrary,26 July 1925,2026-10-04T20:16:57+00:00,false,
20261004T202614Z-fc20c6,Q235403,birth_year,wikidata,1925,2026-10-04T19:12:05+00:00,false,
20261004T202614Z-fc20c6,Q235403,canonical_name,wikidata,Ana María Matute,2026-10-04T19:12:05+00:00,,
20261004T202614Z-fc20c6,Q235403,death_year,openlibrary,25 June 2014,2026-10-04T20:16:57+00:00,false,
20261004T202614Z-fc20c6,Q235403,death_year,wikidata,2014,2026-10-04T19:12:05+00:00,false,
20261004T202614Z-fc20c6,Q235403,nationality,wikidata,Spain,2026-10-04T19:12:05+00:00,,
20261004T202614Z-fc20c6,Q235403,open_library_id,wikidata,OL89931A,2026-10-04T19:12:05+00:00,,
20261004T202614Z-fc20c6,Q235403,wikidata_qid,openlibrary,Q235403,2026-10-04T20:16:57+00:00,false,
20261004T202614Z-fc20c6,Q235403,work_count,openlibrary,129,2026-10-04T20:16:57+00:00,,
20261004T202614Z-fc20c6,Q235955,birth_year,openlibrary,10 December 1920,2026-10-04T20:16:58+00:00,false,
20261004T202614Z-fc20c6,Q235955,birth_year,wikidata,1920,2026-10-04T19:11:58+00:00,false,
20261004T202614Z-fc20c6,Q235955,canonical_name,wikidata,Clarice Lispector,2026-10-04T19:11:58+00:00,,
20261004T202614Z-fc20c6,Q235955,death_year,openlibrary,09 December 1977,2026-10-04T20:16:58+00:00,false,
20261004T202614Z-fc20c6,Q235955,death_year,wikidata,1977,2026-10-04T19:11:58+00:00,false,
20261004T202614Z-fc20c6,Q235955,nationality,wikidata,Brazil; Ukrainian Soviet Socialist Republic,2026-10-04T19:11:58+00:00,,
20261004T202614Z-fc20c6,Q235955,open_library_id,wikidata,OL93118A,2026-10-04T19:11:58+00:00,,
20261004T202614Z-fc20c6,Q235955,wikidata_qid,openlibrary,Q235955,2026-10-04T20:16:58+00:00,false,
20261004T202614Z-fc20c6,Q235955,work_count,openlibrary,113,2026-10-04T20:16:58+00:00,,
20261004T202614Z-fc20c6,Q236596,birth_year,openlibrary,1830,2026-10-04T20:16:59+00:00,false,
20261004T202614Z-fc20c6,Q236596,birth_year,wikidata,1830,2026-10-04T19:12:40+00:00,false,
20261004T202614Z-fc20c6,Q236596,canonical_name,wikidata,Christina Rossetti,2026-10-04T19:12:40+00:00,,
20261004T202614Z-fc20c6,Q236596,death_year,openlibrary,1894,2026-10-04T20:16:59+00:00,false,
20261004T202614Z-fc20c6,Q236596,death_year,wikidata,1894,2026-10-04T19:12:40+00:00,false,
20261004T202614Z-fc20c6,Q236596,nationality,wikidata,United Kingdom of Great Britain and Ireland,2026-10-04T19:12:40+00:00,,
20261004T202614Z-fc20c6,Q236596,open_library_id,wikidata,OL36807A,2026-10-04T19:12:40+00:00,,
20261004T202614Z-fc20c6,Q236596,wikidata_qid,openlibrary,Q236596,2026-10-04T20:16:59+00:00,false,
20261004T202614Z-fc20c6,Q236596,work_count,openlibrary,299,2026-10-04T20:16:59+00:00,,
20261004T202614Z-fc20c6,Q236829,birth_year,openlibrary,16 August 1934,2026-10-04T20:17:01+00:00,false,
20261004T202614Z-fc20c6,Q236829,birth_year,wikidata,1934,2026-10-04T19:15:04+00:00,false,
20261004T202614Z-fc20c6,Q236829,canonical_name,wikidata,Diana Wynne Jones,2026-10-04T19:15:04+00:00,,
20261004T202614Z-fc20c6,Q236829,death_year,openlibrary,26 March 2011,2026-10-04T20:17:01+00:00,false,
20261004T202614Z-fc20c6,Q236829,death_year,wikidata,2011,2026-10-04T19:15:04+00:00,false,
20261004T202614Z-fc20c6,Q236829,nationality,wikidata,United Kingdom,2026-10-04T19:15:04+00:00,,
20261004T202614Z-fc20c6,Q236829,open_library_id,wikidata,OL31384A,2026-10-04T19:15:04+00:00,,
20261004T202614Z-fc20c6,Q236829,wikidata_qid,openlibrary,Q236829,2026-10-04T20:17:01+00:00,false,
20261004T202614Z-fc20c6,Q236829,work_count,openlibrary,92,2026-10-04T20:17:01+00:00,,
20261004T202614Z-fc20c6,Q237058,birth_year,openlibrary,1962,2026-10-04T20:17:03+00:00,false,
20261004T202614Z-fc20c6,Q237058,birth_year,wikidata,1962,2026-10-04T19:12:08+00:00,false,
20261004T202614Z-fc20c6,Q237058,canonical_name,wikidata,Elvira Lindo,2026-10-04T19:12:08+00:00,,
20261004T202614Z-fc20c6,Q237058,death_year,openlibrary,,2026-10-04T20:17:03+00:00,,not_comparable
20261004T202614Z-fc20c6,Q237058,death_year,wikidata,,2026-10-04T19:12:08+00:00,,not_comparable
20261004T202614Z-fc20c6,Q237058,nationality,wikidata,Spain,2026-10-04T19:12:08+00:00,,
20261004T202614Z-fc20c6,Q237058,open_library_id,wikidata,OL85310A,2026-10-04T19:12:08+00:00,,
20261004T202614Z-fc20c6,Q237058,wikidata_qid,openlibrary,Q237058,2026-10-04T20:17:03+00:00,false,
20261004T202614Z-fc20c6,Q237058,work_count,openlibrary,77,2026-10-04T20:17:03+00:00,,
20261004T202614Z-fc20c6,Q238090,birth_year,openlibrary,5 March 1859,2026-10-04T20:17:04+00:00,false,
20261004T202614Z-fc20c6,Q238090,birth_year,wikidata,1859,2026-10-04T19:13:42+00:00,false,
20261004T202614Z-fc20c6,Q238090,canonical_name,wikidata,Sholem Aleichem,2026-10-04T19:13:42+00:00,,
20261004T202614Z-fc20c6,Q238090,death_year,openlibrary,13 May 1916,2026-10-04T20:17:04+00:00,false,
20261004T202614Z-fc20c6,Q238090,death_year,wikidata,1916,2026-10-04T19:13:42+00:00,false,
20261004T202614Z-fc20c6,Q238090,nationality,wikidata,Russian Empire; United States,2026-10-04T19:13:42+00:00,,
20261004T202614Z-fc20c6,Q238090,open_library_id,wikidata,OL144345A,2026-10-04T19:13:42+00:00,,
20261004T202614Z-fc20c6,Q238090,wikidata_qid,openlibrary,Q238090,2026-10-04T20:17:04+00:00,false,
20261004T202614Z-fc20c6,Q238090,work_count,openlibrary,975,2026-10-04T20:17:04+00:00,,
20261004T202614Z-fc20c6,Q238514,birth_year,openlibrary,1931,2026-10-04T20:17:05+00:00,false,
20261004T202614Z-fc20c6,Q238514,birth_year,wikidata,1931,2026-10-04T19:14:29+00:00,false,
20261004T202614Z-fc20c6,Q238514,canonical_name,wikidata,Nawal El Saadawi,2026-10-04T19:14:29+00:00,,
20261004T202614Z-fc20c6,Q238514,death_year,openlibrary,2021,2026-10-04T20:17:05+00:00,false,
20261004T202614Z-fc20c6,Q238514,death_year,wikidata,2021,2026-10-04T19:14:29+00:00,false,
20261004T202614Z-fc20c6,Q238514,nationality,wikidata,Egypt; Republic of Egypt; United Arab Republic,2026-10-04T19:14:29+00:00,,
20261004T202614Z-fc20c6,Q238514,open_library_id,wikidata,OL2758789A,2026-10-04T19:14:29+00:00,,
20261004T202614Z-fc20c6,Q238514,wikidata_qid,openlibrary,Q238514,2026-10-04T20:17:05+00:00,false,
20261004T202614Z-fc20c6,Q238514,work_count,openlibrary,150,2026-10-04T20:17:05+00:00,,
20261004T202614Z-fc20c6,Q238557,birth_year,openlibrary,1892,2026-10-04T20:17:06+00:00,false,
20261004T202614Z-fc20c6,Q238557,birth_year,wikidata,1892,2026-10-04T19:12:21+00:00,false,
20261004T202614Z-fc20c6,Q238557,canonical_name,wikidata,Alfonsina Storni,2026-10-04T19:12:21+00:00,,
20261004T202614Z-fc20c6,Q238557,death_year,openlibrary,1938,2026-10-04T20:17:06+00:00,false,
20261004T202614Z-fc20c6,Q238557,death_year,wikidata,1938,2026-10-04T19:12:21+00:00,false,
20261004T202614Z-fc20c6,Q238557,nationality,wikidata,Argentina,2026-10-04T19:12:21+00:00,,
20261004T202614Z-fc20c6,Q238557,open_library_id,wikidata,OL89027A,2026-10-04T19:12:21+00:00,,
20261004T202614Z-fc20c6,Q238557,wikidata_qid,openlibrary,Q238557,2026-10-04T20:17:06+00:00,false,
20261004T202614Z-fc20c6,Q238557,work_count,openlibrary,95,2026-10-04T20:17:06+00:00,,
20261004T202614Z-fc20c6,Q23887092,birth_year,openlibrary,13 Mar 1971,2026-10-04T20:17:07+00:00,false,
20261004T202614Z-fc20c6,Q23887092,birth_year,wikidata,1971,2026-10-04T19:14:40+00:00,false,
20261004T202614Z-fc20c6,Q23887092,canonical_name,wikidata,Viet Thanh Nguyen,2026-10-04T19:14:40+00:00,,
20261004T202614Z-fc20c6,Q23887092,death_year,openlibrary,,2026-10-04T20:17:07+00:00,,not_comparable
20261004T202614Z-fc20c6,Q23887092,death_year,wikidata,,2026-10-04T19:14:40+00:00,,not_comparable
20261004T202614Z-fc20c6,Q23887092,nationality,wikidata,United States,2026-10-04T19:14:40+00:00,,
20261004T202614Z-fc20c6,Q23887092,open_library_id,wikidata,OL1603399A,2026-10-04T19:14:40+00:00,,
20261004T202614Z-fc20c6,Q23887092,wikidata_qid,openlibrary,Q23887092,2026-10-04T20:17:07+00:00,false,
20261004T202614Z-fc20c6,Q23887092,work_count,openlibrary,26,2026-10-04T20:17:07+00:00,,
20261004T202614Z-fc20c6,Q238970,birth_year,openlibrary,1964,2026-10-04T20:17:08+00:00,false,
20261004T202614Z-fc20c6,Q238970,birth_year,wikidata,1964,2026-10-04T19:14:07+00:00,false,
20261004T202614Z-fc20c6,Q238970,canonical_name,wikidata,Banana Yoshimoto,2026-10-04T19:14:07+00:00,,
20261004T202614Z-fc20c6,Q238970,death_year,openlibrary,,2026-10-04T20:17:08+00:00,,not_comparable
20261004T202614Z-fc20c6,Q238970,death_year,wikidata,,2026-10-04T19:14:07+00:00,,not_comparable
20261004T202614Z-fc20c6,Q238970,nationality,wikidata,Japan,2026-10-04T19:14:07+00:00,,
20261004T202614Z-fc20c6,Q238970,open_library_id,wikidata,OL384307A,2026-10-04T19:14:07+00:00,,
20261004T202614Z-fc20c6,Q238970,wikidata_qid,openlibrary,Q238970,2026-10-04T20:17:08+00:00,false,
20261004T202614Z-fc20c6,Q238970,work_count,openlibrary,197,2026-10-04T20:17:08+00:00,,
20261004T202614Z-fc20c6,Q2394979,birth_year,openlibrary,1971,2026-10-04T20:17:08+00:00,false,
20261004T202614Z-fc20c6,Q2394979,birth_year,wikidata,1971,2026-10-04T19:14:42+00:00,false,
20261004T202614Z-fc20c6,Q2394979,canonical_name,wikidata,Tash Aw,2026-10-04T19:14:42+00:00,,
20261004T202614Z-fc20c6,Q2394979,death_year,openlibrary,,2026-10-04T20:17:08+00:00,,not_comparable
20261004T202614Z-fc20c6,Q2394979,death_year,wikidata,,2026-10-04T19:14:42+00:00,,not_comparable
20261004T202614Z-fc20c6,Q2394979,nationality,wikidata,Malaysia,2026-10-04T19:14:42+00:00,,
20261004T202614Z-fc20c6,Q2394979,open_library_id,wikidata,OL1393419A,2026-10-04T19:14:42+00:00,,
20261004T202614Z-fc20c6,Q2394979,wikidata_qid,openlibrary,Q2394979,2026-10-04T20:17:08+00:00,false,
20261004T202614Z-fc20c6,Q2394979,work_count,openlibrary,11,2026-10-04T20:17:08+00:00,,
20261004T202614Z-fc20c6,Q239739,birth_year,openlibrary,"June 22, 1947",2026-10-04T20:17:09+00:00,false,
20261004T202614Z-fc20c6,Q239739,birth_year,wikidata,1947,2026-10-04T19:13:01+00:00,false,
20261004T202614Z-fc20c6,Q239739,canonical_name,wikidata,Octavia E. Butler,2026-10-04T19:13:01+00:00,,
20261004T202614Z-fc20c6,Q239739,death_year,openlibrary,"February 24, 2006",2026-10-04T20:17:09+00:00,false,
20261004T202614Z-fc20c6,Q239739,death_year,wikidata,2006,2026-10-04T19:13:01+00:00,false,
20261004T202614Z-fc20c6,Q239739,nationality,wikidata,United States,2026-10-04T19:13:01+00:00,,
20261004T202614Z-fc20c6,Q239739,open_library_id,wikidata,OL30802A,2026-10-04T19:13:01+00:00,,
20261004T202614Z-fc20c6,Q239739,wikidata_qid,openlibrary,Q239739,2026-10-04T20:17:09+00:00,false,
20261004T202614Z-fc20c6,Q239739,work_count,openlibrary,35,2026-10-04T20:17:09+00:00,,
20261004T202614Z-fc20c6,Q239910,birth_year,openlibrary,14 Dec 1916,2026-10-04T20:17:10+00:00,false,
20261004T202614Z-fc20c6,Q239910,birth_year,wikidata,1916,2026-10-04T19:12:57+00:00,false,
20261004T202614Z-fc20c6,Q239910,canonical_name,wikidata,Shirley Jackson,2026-10-04T19:12:57+00:00,,
20261004T202614Z-fc20c6,Q239910,death_year,openlibrary,8 Aug 1965,2026-10-04T20:17:10+00:00,false,
20261004T202614Z-fc20c6,Q239910,death_year,wikidata,1965,2026-10-04T19:12:57+00:00,false,
20261004T202614Z-fc20c6,Q239910,nationality,wikidata,United States,2026-10-04T19:12:57+00:00,,
20261004T202614Z-fc20c6,Q239910,open_library_id,wikidata,OL507165A,2026-10-04T19:12:57+00:00,,
20261004T202614Z-fc20c6,Q239910,wikidata_qid,openlibrary,Q239910,2026-10-04T20:17:10+00:00,false,
20261004T202614Z-fc20c6,Q239910,work_count,openlibrary,196,2026-10-04T20:17:10+00:00,,
20261004T202614Z-fc20c6,Q241248,birth_year,openlibrary,1952,2026-10-04T20:17:11+00:00,false,
20261004T202614Z-fc20c6,Q241248,birth_year,wikidata,1952,2026-10-04T19:13:50+00:00,false,
20261004T202614Z-fc20c6,Q241248,canonical_name,wikidata,Orhan Pamuk,2026-10-04T19:13:50+00:00,,
20261004T202614Z-fc20c6,Q241248,death_year,openlibrary,,2026-10-04T20:17:11+00:00,,not_comparable
20261004T202614Z-fc20c6,Q241248,death_year,wikidata,,2026-10-04T19:13:50+00:00,,not_comparable
20261004T202614Z-fc20c6,Q241248,nationality,wikidata,Turkey,2026-10-04T19:13:50+00:00,,
20261004T202614Z-fc20c6,Q241248,open_library_id,wikidata,OL96984A,2026-10-04T19:13:50+00:00,,
20261004T202614Z-fc20c6,Q241248,wikidata_qid,openlibrary,Q241248,2026-10-04T20:17:11+00:00,false,
20261004T202614Z-fc20c6,Q241248,work_count,openlibrary,179,2026-10-04T20:17:11+00:00,,
20261004T202614Z-fc20c6,Q242130,birth_year,openlibrary,1914,2026-10-04T20:17:13+00:00,false,
20261004T202614Z-fc20c6,Q242130,birth_year,wikidata,1914,2026-10-04T19:13:30+00:00,false,
20261004T202614Z-fc20c6,Q242130,canonical_name,wikidata,Bohumil Hrabal,2026-10-04T19:13:30+00:00,,
20261004T202614Z-fc20c6,Q242130,death_year,openlibrary,1997,2026-10-04T20:17:13+00:00,false,
20261004T202614Z-fc20c6,Q242130,death_year,wikidata,1997,2026-10-04T19:13:30+00:00,false,
20261004T202614Z-fc20c6,Q242130,nationality,wikidata,Czech Republic; Czechoslovakia,2026-10-04T19:13:30+00:00,,
20261004T202614Z-fc20c6,Q242130,open_library_id,wikidata,OL73209A,2026-10-04T19:13:30+00:00,,
20261004T202614Z-fc20c6,Q242130,wikidata_qid,openlibrary,Q242130,2026-10-04T20:17:13+00:00,false,
20261004T202614Z-fc20c6,Q242130,work_count,openlibrary,238,2026-10-04T20:17:13+00:00,,
20261004T202614Z-fc20c6,Q2484404,birth_year,openlibrary,1976,2026-10-04T20:17:15+00:00,false,
20261004T202614Z-fc20c6,Q2484404,birth_year,wikidata,1976,2026-10-04T19:14:47+00:00,false,
20261004T202614Z-fc20c6,Q2484404,canonical_name,wikidata,Yuval Noah Harari,2026-10-04T19:14:47+00:00,,
20261004T202614Z-fc20c6,Q2484404,death_year,openlibrary,,2026-10-04T20:17:15+00:00,,not_comparable
20261004T202614Z-fc20c6,Q2484404,death_year,wikidata,,2026-10-04T19:14:47+00:00,,not_comparable
20261004T202614Z-fc20c6,Q2484404,nationality,wikidata,Israel,2026-10-04T19:14:47+00:00,,
20261004T202614Z-fc20c6,Q2484404,open_library_id,wikidata,OL3778242A,2026-10-04T19:14:47+00:00,,
20261004T202614Z-fc20c6,Q2484404,wikidata_qid,openlibrary,Q2484404,2026-10-04T20:17:15+00:00,false,
20261004T202614Z-fc20c6,Q2484404,work_count,openlibrary,54,2026-10-04T20:17:15+00:00,,
20261004T202614Z-fc20c6,Q25161,birth_year,openlibrary,13 September 1916,2026-10-04T20:17:16+00:00,false,
20261004T202614Z-fc20c6,Q25161,birth_year,wikidata,1916,2026-10-04T19:15:06+00:00,false,
20261004T202614Z-fc20c6,Q25161,canonical_name,wikidata,Roald Dahl,2026-10-04T19:15:06+00:00,,
20261004T202614Z-fc20c6,Q25161,death_year,openlibrary,23 November 1990,2026-10-04T20:17:16+00:00,false,
20261004T202614Z-fc20c6,Q25161,death_year,wikidata,1990,2026-10-04T19:15:06+00:00,false,
20261004T202614Z-fc20c6,Q25161,nationality,wikidata,Norway; United Kingdom,2026-10-04T19:15:06+00:00,,
20261004T202614Z-fc20c6,Q25161,open_library_id,wikidata,OL34184A,2026-10-04T19:15:06+00:00,,
20261004T202614Z-fc20c6,Q25161,wikidata_qid,openlibrary,Q25161,2026-10-04T20:17:16+00:00,false,
20261004T202614Z-fc20c6,Q25161,work_count,openlibrary,545,2026-10-04T20:17:16+00:00,,
20261004T202614Z-fc20c6,Q25163,birth_year,openlibrary,1979,2026-10-04T20:17:17+00:00,false,
20261004T202614Z-fc20c6,Q25163,birth_year,wikidata,1979,2026-10-04T19:13:49+00:00,false,
20261004T202614Z-fc20c6,Q25163,canonical_name,wikidata,Roberto Saviano,2026-10-04T19:13:49+00:00,,
20261004T202614Z-fc20c6,Q25163,death_year,openlibrary,,2026-10-04T20:17:17+00:00,,not_comparable
20261004T202614Z-fc20c6,Q25163,death_year,wikidata,,2026-10-04T19:13:49+00:00,,not_comparable
20261004T202614Z-fc20c6,Q25163,nationality,wikidata,Italy,2026-10-04T19:13:49+00:00,,
20261004T202614Z-fc20c6,Q25163,open_library_id,wikidata,OL5388045A,2026-10-04T19:13:49+00:00,,
20261004T202614Z-fc20c6,Q25163,wikidata_qid,openlibrary,Q25163,2026-10-04T20:17:17+00:00,false,
20261004T202614Z-fc20c6,Q25163,work_count,openlibrary,72,2026-10-04T20:17:17+00:00,,
20261004T202614Z-fc20c6,Q252088,birth_year,openlibrary,1949,2026-10-04T20:17:18+00:00,false,
20261004T202614Z-fc20c6,Q252088,birth_year,wikidata,1949,2026-10-04T19:11:55+00:00,false,
20261004T202614Z-fc20c6,Q252088,canonical_name,wikidata,Ángeles Mastretta,2026-10-04T19:11:55+00:00,,
20261004T202614Z-fc20c6,Q252088,death_year,openlibrary,,2026-10-04T20:17:18+00:00,,not_comparable
20261004T202614Z-fc20c6,Q252088,death_year,wikidata,,2026-10-04T19:11:55+00:00,,not_comparable
20261004T202614Z-fc20c6,Q252088,nationality,wikidata,Mexico,2026-10-04T19:11:55+00:00,,
20261004T202614Z-fc20c6,Q252088,open_library_id,wikidata,OL67168A,2026-10-04T19:11:55+00:00,,
20261004T202614Z-fc20c6,Q252088,wikidata_qid,openlibrary,,2026-10-04T20:17:18+00:00,,not_comparable
20261004T202614Z-fc20c6,Q252088,work_count,openlibrary,137,2026-10-04T20:17:18+00:00,,
20261004T202614Z-fc20c6,Q254032,birth_year,openlibrary,29 January 1962,2026-10-04T20:17:19+00:00,false,
20261004T202614Z-fc20c6,Q254032,birth_year,wikidata,1962,2026-10-04T19:13:38+00:00,false,
20261004T202614Z-fc20c6,Q254032,canonical_name,wikidata,Olga Tokarczuk,2026-10-04T19:13:38+00:00,,
20261004T202614Z-fc20c6,Q254032,death_year,openlibrary,,2026-10-04T20:17:19+00:00,,not_comparable
20261004T202614Z-fc20c6,Q254032,death_year,wikidata,,2026-10-04T19:13:38+00:00,,not_comparable
20261004T202614Z-fc20c6,Q254032,nationality,wikidata,Poland,2026-10-04T19:13:38+00:00,,
20261004T202614Z-fc20c6,Q254032,open_library_id,wikidata,OL258989A,2026-10-04T19:13:38+00:00,,
20261004T202614Z-fc20c6,Q254032,wikidata_qid,openlibrary,Q254032,2026-10-04T20:17:19+00:00,false,
20261004T202614Z-fc20c6,Q254032,work_count,openlibrary,27,2026-10-04T20:17:19+00:00,,
20261004T202614Z-fc20c6,Q254041,birth_year,openlibrary,1811,2026-10-04T20:17:20+00:00,false,
20261004T202614Z-fc20c6,Q254041,birth_year,wikidata,1811,2026-10-04T19:12:20+00:00,false,
20261004T202614Z-fc20c6,Q254041,canonical_name,wikidata,Domingo Faustino Sarmiento,2026-10-04T19:12:20+00:00,,
20261004T202614Z-fc20c6,Q254041,death_year,openlibrary,1888,2026-10-04T20:17:20+00:00,false,
20261004T202614Z-fc20c6,Q254041,death_year,wikidata,1888,2026-10-04T19:12:20+00:00,false,
20261004T202614Z-fc20c6,Q254041,nationality,wikidata,Argentina,2026-10-04T19:12:20+00:00,,
20261004T202614Z-fc20c6,Q254041,open_library_id,wikidata,OL117634A,2026-10-04T19:12:20+00:00,,
20261004T202614Z-fc20c6,Q254041,wikidata_qid,openlibrary,Q254041,2026-10-04T20:17:20+00:00,false,
20261004T202614Z-fc20c6,Q254041,work_count,openlibrary,296,2026-10-04T20:17:20+00:00,,
20261004T202614Z-fc20c6,Q255339,birth_year,openlibrary,1963,2026-10-04T20:17:20+00:00,false,
20261004T202614Z-fc20c6,Q255339,birth_year,wikidata,1963,2026-10-04T19:13:15+00:00,false,
20261004T202614Z-fc20c6,Q255339,canonical_name,wikidata,Donna Tartt,2026-10-04T19:13:15+00:00,,
20261004T202614Z-fc20c6,Q255339,death_year,openlibrary,,2026-10-04T20:17:20+00:00,,not_comparable
20261004T202614Z-fc20c6,Q255339,death_year,wikidata,,2026-10-04T19:13:15+00:00,,not_comparable
20261004T202614Z-fc20c6,Q255339,nationality,wikidata,United States,2026-10-04T19:13:15+00:00,,
20261004T202614Z-fc20c6,Q255339,open_library_id,wikidata,OL841112A,2026-10-04T19:13:15+00:00,,
20261004T202614Z-fc20c6,Q255339,wikidata_qid,openlibrary,Q255339,2026-10-04T20:17:20+00:00,false,
20261004T202614Z-fc20c6,Q255339,work_count,openlibrary,9,2026-10-04T20:17:20+00:00,,
20261004T202614Z-fc20c6,Q258662,birth_year,openlibrary,9 July 1933,2026-10-04T20:17:21+00:00,false,
20261004T202614Z-fc20c6,Q258662,birth_year,wikidata,1933,2026-10-04T19:14:53+00:00,false,
20261004T202614Z-fc20c6,Q258662,canonical_name,wikidata,Oliver Sacks,2026-10-04T19:14:53+00:00,,
20261004T202614Z-fc20c6,Q258662,death_year,openlibrary,30 Aug 2015,2026-10-04T20:17:21+00:00,false,
20261004T202614Z-fc20c6,Q258662,death_year,wikidata,2015,2026-10-04T19:14:53+00:00,false,
20261004T202614Z-fc20c6,Q258662,nationality,wikidata,United Kingdom,2026-10-04T19:14:53+00:00,,
20261004T202614Z-fc20c6,Q258662,open_library_id,wikidata,OL217344A,2026-10-04T19:14:53+00:00,,
20261004T202614Z-fc20c6,Q258662,wikidata_qid,openlibrary,Q258662,2026-10-04T20:17:21+00:00,false,
20261004T202614Z-fc20c6,Q258662,work_count,openlibrary,46,2026-10-04T20:17:21+00:00,,
20261004T202614Z-fc20c6,Q259507,birth_year,openlibrary,25 September 1952,2026-10-04T20:17:28+00:00,false,
20261004T202614Z-fc20c6,Q259507,birth_year,wikidata,1952,2026-10-04T19:14:51+00:00,false,
20261004T202614Z-fc20c6,Q259507,canonical_name,wikidata,bell hooks,2026-10-04T19:14:51+00:00,,
20261004T202614Z-fc20c6,Q259507,death_year,openlibrary,15 December 2021,2026-10-04T20:17:28+00:00,false,
20261004T202614Z-fc20c6,Q259507,death_year,wikidata,2021,2026-10-04T19:14:51+00:00,false,
20261004T202614Z-fc20c6,Q259507,nationality,wikidata,United States,2026-10-04T19:14:51+00:00,,
20261004T202614Z-fc20c6,Q259507,open_library_id,wikidata,OL2631291A,2026-10-04T19:14:51+00:00,,
20261004T202614Z-fc20c6,Q259507,wikidata_qid,openlibrary,Q259507,2026-10-04T20:17:28+00:00,false,
20261004T202614Z-fc20c6,Q259507,work_count,openlibrary,0,2026-10-04T20:17:28+00:00,,
20261004T202614Z-fc20c6,Q25973,birth_year,openlibrary,2 July 1877,2026-10-04T20:17:23+00:00,false,
20261004T202614Z-fc20c6,Q25973,birth_year,wikidata,1877,2026-10-04T19:13:33+00:00,false,
20261004T202614Z-fc20c6,Q25973,canonical_name,wikidata,Hermann Hesse,2026-10-04T19:13:33+00:00,,
20261004T202614Z-fc20c6,Q25973,death_year,openlibrary,9 August 1962,2026-10-04T20:17:23+00:00,false,
20261004T202614Z-fc20c6,Q25973,death_year,wikidata,1962,2026-10-04T19:13:33+00:00,false,
20261004T202614Z-fc20c6,Q25973,nationality,wikidata,Deutsches Kaiserreich; Germany; Russian Empire; Switzerland,2026-10-04T19:13:33+00:00,,
20261004T202614Z-fc20c6,Q25973,open_library_id,wikidata,OL76437A,2026-10-04T19:13:33+00:00,,
20261004T202614Z-fc20c6,Q25973,wikidata_qid,openlibrary,Q25973,2026-10-04T20:17:23+00:00,false,
20261004T202614Z-fc20c6,Q25973,work_count,openlibrary,1454,2026-10-04T20:17:23+00:00,,
20261004T202614Z-fc20c6,Q260862,birth_year,wikidata,1925,2026-10-04T19:11:54+00:00,,
20261004T202614Z-fc20c6,Q260862,canonical_name,wikidata,Rosario Castellanos,2026-10-04T19:11:54+00:00,,
20261004T202614Z-fc20c6,Q260862,death_year,wikidata,1974,2026-10-04T19:11:54+00:00,,
20261004T202614Z-fc20c6,Q260862,nationality,wikidata,Mexico,2026-10-04T19:11:54+00:00,,
20261004T202614Z-fc20c6,Q261397,birth_year,openlibrary,1932,2026-10-04T20:17:24+00:00,false,
20261004T202614Z-fc20c6,Q261397,birth_year,wikidata,1932,2026-10-04T19:11:53+00:00,false,
20261004T202614Z-fc20c6,Q261397,canonical_name,wikidata,Elena Poniatowska,2026-10-04T19:11:53+00:00,,
20261004T202614Z-fc20c6,Q261397,death_year,openlibrary,,2026-10-04T20:17:24+00:00,,not_comparable
20261004T202614Z-fc20c6,Q261397,death_year,wikidata,,2026-10-04T19:11:53+00:00,,not_comparable
20261004T202614Z-fc20c6,Q261397,nationality,wikidata,France; Mexico,2026-10-04T19:11:53+00:00,,
20261004T202614Z-fc20c6,Q261397,open_library_id,wikidata,OL224043A,2026-10-04T19:11:53+00:00,,
20261004T202614Z-fc20c6,Q261397,wikidata_qid,openlibrary,Q261397,2026-10-04T20:17:24+00:00,false,
20261004T202614Z-fc20c6,Q261397,work_count,openlibrary,115,2026-10-04T20:17:24+00:00,,
20261004T202614Z-fc20c6,Q265855,birth_year,openlibrary,29 July 1948,2026-10-04T20:17:25+00:00,false,
20261004T202614Z-fc20c6,Q265855,birth_year,wikidata,1948,2026-10-04T19:14:38+00:00,false,
20261004T202614Z-fc20c6,Q265855,canonical_name,wikidata,Meir Shalev,2026-10-04T19:14:38+00:00,,
20261004T202614Z-fc20c6,Q265855,death_year,openlibrary,11 April 2023,2026-10-04T20:17:25+00:00,false,
20261004T202614Z-fc20c6,Q265855,death_year,wikidata,2023,2026-10-04T19:14:38+00:00,false,
20261004T202614Z-fc20c6,Q265855,nationality,wikidata,Israel,2026-10-04T19:14:38+00:00,,
20261004T202614Z-fc20c6,Q265855,open_library_id,wikidata,OL227047A,2026-10-04T19:14:38+00:00,,
20261004T202614Z-fc20c6,Q265855,wikidata_qid,openlibrary,Q265855,2026-10-04T20:17:25+00:00,false,
20261004T202614Z-fc20c6,Q265855,work_count,openlibrary,128,2026-10-04T20:17:25+00:00,,
20261004T202614Z-fc20c6,Q267691,birth_year,openlibrary,5 December 1934,2026-10-04T20:17:27+00:00,false,
20261004T202614Z-fc20c6,Q267691,birth_year,wikidata,1934,2026-10-04T19:13:03+00:00,false,
20261004T202614Z-fc20c6,Q267691,canonical_name,wikidata,Joan Didion,2026-10-04T19:13:03+00:00,,
20261004T202614Z-fc20c6,Q267691,death_year,openlibrary,23 December 2021,2026-10-04T20:17:27+00:00,false,
20261004T202614Z-fc20c6,Q267691,death_year,wikidata,2021,2026-10-04T19:13:03+00:00,false,
20261004T202614Z-fc20c6,Q267691,nationality,wikidata,United States,2026-10-04T19:13:03+00:00,,
20261004T202614Z-fc20c6,Q267691,open_library_id,wikidata,OL4441955A,2026-10-04T19:13:03+00:00,,
20261004T202614Z-fc20c6,Q267691,wikidata_qid,openlibrary,Q267691,2026-10-04T20:17:27+00:00,false,
20261004T202614Z-fc20c6,Q267691,work_count,openlibrary,60,2026-10-04T20:17:27+00:00,,
20261004T202614Z-fc20c6,Q26825,birth_year,openlibrary,484,2026-10-04T20:17:28+00:00,,not_comparable
20261004T202614Z-fc20c6,Q26825,birth_year,wikidata,-484,2026-10-04T19:15:01+00:00,,not_comparable
20261004T202614Z-fc20c6,Q26825,canonical_name,wikidata,Herodotus,2026-10-04T19:15:01+00:00,,
20261004T202614Z-fc20c6,Q26825,death_year,openlibrary,ca 428 a.C.,2026-10-04T20:17:28+00:00,,not_comparable
20261004T202614Z-fc20c6,Q26825,death_year,wikidata,-425,2026-10-04T19:15:01+00:00,,not_comparable
20261004T202614Z-fc20c6,Q26825,nationality,wikidata,Halicarnassus,2026-10-04T19:15:01+00:00,,
20261004T202614Z-fc20c6,Q26825,open_library_id,wikidata,OL90792A,2026-10-04T19:15:01+00:00,,
20261004T202614Z-fc20c6,Q26825,wikidata_qid,openlibrary,Q26825,2026-10-04T20:17:28+00:00,false,
20261004T202614Z-fc20c6,Q26825,work_count,openlibrary,340,2026-10-04T20:17:28+00:00,,
20261004T202614Z-fc20c6,Q268495,birth_year,openlibrary,1937,2026-10-04T20:17:29+00:00,false,
20261004T202614Z-fc20c6,Q268495,birth_year,wikidata,1937,2026-10-04T19:14:22+00:00,false,
20261004T202614Z-fc20c6,Q268495,canonical_name,wikidata,Anita Desai,2026-10-04T19:14:22+00:00,,
20261004T202614Z-fc20c6,Q268495,death_year,openlibrary,,2026-10-04T20:17:29+00:00,,not_comparable
20261004T202614Z-fc20c6,Q268495,death_year,wikidata,,2026-10-04T19:14:22+00:00,,not_comparable
20261004T202614Z-fc20c6,Q268495,nationality,wikidata,British Raj; Dominion of India; India,2026-10-04T19:14:22+00:00,,
20261004T202614Z-fc20c6,Q268495,open_library_id,wikidata,OL34163A,2026-10-04T19:14:22+00:00,,
20261004T202614Z-fc20c6,Q268495,wikidata_qid,openlibrary,Q268495,2026-10-04T20:17:29+00:00,false,
20261004T202614Z-fc20c6,Q268495,work_count,openlibrary,102,2026-10-04T20:17:29+00:00,,
20261004T202614Z-fc20c6,Q268582,birth_year,openlibrary,8 December 1925,2026-10-04T20:17:36+00:00,false,
20261004T202614Z-fc20c6,Q268582,birth_year,wikidata,1925,2026-10-04T19:12:08+00:00,false,
20261004T202614Z-fc20c6,Q268582,canonical_name,wikidata,Carmen Martín Gaite,2026-10-04T19:12:08+00:00,,
20261004T202614Z-fc20c6,Q268582,death_year,openlibrary,23 July 2000,2026-10-04T20:17:36+00:00,false,
20261004T202614Z-fc20c6,Q268582,death_year,wikidata,2000,2026-10-04T19:12:08+00:00,false,
20261004T202614Z-fc20c6,Q268582,nationality,wikidata,Spain,2026-10-04T19:12:08+00:00,,
20261004T202614Z-fc20c6,Q268582,open_library_id,wikidata,OL4902525A,2026-10-04T19:12:08+00:00,,
20261004T202614Z-fc20c6,Q268582,wikidata_qid,openlibrary,Q268582,2026-10-04T20:17:36+00:00,false,
20261004T202614Z-fc20c6,Q268582,work_count,openlibrary,0,2026-10-04T20:17:36+00:00,,
20261004T202614Z-fc20c6,Q269123,birth_year,openlibrary,1921,2026-10-04T20:09:35+00:00,false,
20261004T202614Z-fc20c6,Q269123,birth_year,wikidata,1921,2026-10-04T19:11:48+00:00,false,
20261004T202614Z-fc20c6,Q269123,canonical_name,wikidata,Carmen Laforet,2026-10-04T19:11:48+00:00,,
20261004T202614Z-fc20c6,Q269123,death_year,openlibrary,2004,2026-10-04T20:09:35+00:00,false,
20261004T202614Z-fc20c6,Q269123,death_year,wikidata,2004,2026-10-04T19:11:48+00:00,false,
20261004T202614Z-fc20c6,Q269123,nationality,wikidata,Spain,2026-10-04T19:11:48+00:00,,
20261004T202614Z-fc20c6,Q269123,open_library_id,wikidata,OL133731A,2026-10-04T19:11:48+00:00,,
20261004T202614Z-fc20c6,Q269123,wikidata_qid,openlibrary,,2026-10-04T20:09:35+00:00,,not_comparable
20261004T202614Z-fc20c6,Q269123,work_count,openlibrary,32,2026-10-04T20:09:35+00:00,,
20261004T202614Z-fc20c6,Q270739,birth_year,openlibrary,25 October 1971,2026-10-04T20:17:31+00:00,false,
20261004T202614Z-fc20c6,Q270739,birth_year,wikidata,1971,2026-10-04T19:13:50+00:00,false,
20261004T202614Z-fc20c6,Q270739,canonical_name,wikidata,Elif Şafak,2026-10-04T19:13:50+00:00,,
20261004T202614Z-fc20c6,Q270739,death_year,openlibrary,,2026-10-04T20:17:31+00:00,,not_comparable
20261004T202614Z-fc20c6,Q270739,death_year,wikidata,,2026-10-04T19:13:50+00:00,,not_comparable
20261004T202614Z-fc20c6,Q270739,nationality,wikidata,Turkey,2026-10-04T19:13:50+00:00,,
20261004T202614Z-fc20c6,Q270739,open_library_id,wikidata,OL97320A,2026-10-04T19:13:50+00:00,,
20261004T202614Z-fc20c6,Q270739,wikidata_qid,openlibrary,Q270739,2026-10-04T20:17:31+00:00,false,
20261004T202614Z-fc20c6,Q270739,work_count,openlibrary,107,2026-10-04T20:17:31+00:00,,
20261004T202614Z-fc20c6,Q270837,birth_year,openlibrary,,2026-10-04T20:17:32+00:00,,not_comparable
20261004T202614Z-fc20c6,Q270837,birth_year,wikidata,1959,2026-10-04T19:13:12+00:00,,not_comparable
20261004T202614Z-fc20c6,Q270837,canonical_name,wikidata,Tsitsi Dangarembga,2026-10-04T19:13:12+00:00,,
20261004T202614Z-fc20c6,Q270837,death_year,openlibrary,,2026-10-04T20:17:32+00:00,,not_comparable
20261004T202614Z-fc20c6,Q270837,death_year,wikidata,,2026-10-04T19:13:12+00:00,,not_comparable
20261004T202614Z-fc20c6,Q270837,nationality,wikidata,Zimbabwe,2026-10-04T19:13:12+00:00,,
20261004T202614Z-fc20c6,Q270837,open_library_id,wikidata,OL882516A,2026-10-04T19:13:12+00:00,,
20261004T202614Z-fc20c6,Q270837,wikidata_qid,openlibrary,Q270837,2026-10-04T20:17:32+00:00,false,
20261004T202614Z-fc20c6,Q270837,work_count,openlibrary,14,2026-10-04T20:17:32+00:00,,
20261004T202614Z-fc20c6,Q272441,birth_year,openlibrary,1936,2026-10-04T20:17:32+00:00,false,
20261004T202614Z-fc20c6,Q272441,birth_year,wikidata,1936,2026-10-04T19:12:16+00:00,false,
20261004T202614Z-fc20c6,Q272441,canonical_name,wikidata,Alejandra Pizarnik,2026-10-04T19:12:16+00:00,,
20261004T202614Z-fc20c6,Q272441,death_year,openlibrary,1972,2026-10-04T20:17:32+00:00,false,
20261004T202614Z-fc20c6,Q272441,death_year,wikidata,1972,2026-10-04T19:12:16+00:00,false,
20261004T202614Z-fc20c6,Q272441,nationality,wikidata,Argentina,2026-10-04T19:12:16+00:00,,
20261004T202614Z-fc20c6,Q272441,open_library_id,wikidata,OL286671A,2026-10-04T19:12:16+00:00,,
20261004T202614Z-fc20c6,Q272441,wikidata_qid,openlibrary,Q272441,2026-10-04T20:17:32+00:00,false,
20261004T202614Z-fc20c6,Q272441,work_count,openlibrary,62,2026-10-04T20:17:32+00:00,,
20261004T202614Z-fc20c6,Q272610,birth_year,openlibrary,20 July 1933,2026-10-04T20:17:33+00:00,false,
20261004T202614Z-fc20c6,Q272610,birth_year,wikidata,1933,2026-10-04T19:13:14+00:00,false,
20261004T202614Z-fc20c6,Q272610,canonical_name,wikidata,Cormac McCarthy,2026-10-04T19:13:14+00:00,,
20261004T202614Z-fc20c6,Q272610,death_year,openlibrary,13 June 2023,2026-10-04T20:17:33+00:00,false,
20261004T202614Z-fc20c6,Q272610,death_year,wikidata,2023,2026-10-04T19:13:14+00:00,false,
20261004T202614Z-fc20c6,Q272610,nationality,wikidata,United States,2026-10-04T19:13:14+00:00,,
20261004T202614Z-fc20c6,Q272610,open_library_id,wikidata,OL28104A,2026-10-04T19:13:14+00:00,,
20261004T202614Z-fc20c6,Q272610,wikidata_qid,openlibrary,Q272610,2026-10-04T20:17:33+00:00,false,
20261004T202614Z-fc20c6,Q272610,work_count,openlibrary,28,2026-10-04T20:17:33+00:00,,
20261004T202614Z-fc20c6,Q272855,birth_year,openlibrary,8 November 1954,2026-10-04T20:17:35+00:00,false,
20261004T202614Z-fc20c6,Q272855,birth_year,wikidata,1954,2026-10-04T19:13:05+00:00,false,
20261004T202614Z-fc20c6,Q272855,canonical_name,wikidata,Kazuo Ishiguro,2026-10-04T19:13:05+00:00,,
20261004T202614Z-fc20c6,Q272855,death_year,openlibrary,,2026-10-04T20:17:35+00:00,,not_comparable
20261004T202614Z-fc20c6,Q272855,death_year,wikidata,,2026-10-04T19:13:05+00:00,,not_comparable
20261004T202614Z-fc20c6,Q272855,nationality,wikidata,Japan; United Kingdom,2026-10-04T19:13:05+00:00,,
20261004T202614Z-fc20c6,Q272855,open_library_id,wikidata,OL28493A,2026-10-04T19:13:05+00:00,,
20261004T202614Z-fc20c6,Q272855,wikidata_qid,openlibrary,Q272855,2026-10-04T20:17:35+00:00,false,
20261004T202614Z-fc20c6,Q272855,work_count,openlibrary,22,2026-10-04T20:17:35+00:00,,
20261004T202614Z-fc20c6,Q273034,birth_year,openlibrary,1874,2026-10-04T20:17:36+00:00,false,
20261004T202614Z-fc20c6,Q273034,birth_year,wikidata,1874,2026-10-04T19:12:50+00:00,false,
20261004T202614Z-fc20c6,Q273034,canonical_name,wikidata,Lucy Maud Montgomery,2026-10-04T19:12:50+00:00,,
20261004T202614Z-fc20c6,Q273034,death_year,openlibrary,1942.,2026-10-04T20:17:36+00:00,false,
20261004T202614Z-fc20c6,Q273034,death_year,wikidata,1942,2026-10-04T19:12:50+00:00,false,
20261004T202614Z-fc20c6,Q273034,nationality,wikidata,Canada,2026-10-04T19:12:50+00:00,,
20261004T202614Z-fc20c6,Q273034,open_library_id,wikidata,OL39485A; OL5797335A,2026-10-04T19:12:50+00:00,,
20261004T202614Z-fc20c6,Q273034,wikidata_qid,openlibrary,Q273034,2026-10-04T20:17:36+00:00,false,
20261004T202614Z-fc20c6,Q273034,work_count,openlibrary,913,2026-10-04T20:17:36+00:00,,
20261004T202614Z-fc20c6,Q273210,birth_year,openlibrary,2 August 1924,2026-10-04T20:17:37+00:00,false,
20261004T202614Z-fc20c6,Q273210,birth_year,wikidata,1924,2026-10-04T19:12:56+00:00,false,
20261004T202614Z-fc20c6,Q273210,canonical_name,wikidata,James Baldwin,2026-10-04T19:12:56+00:00,,
20261004T202614Z-fc20c6,Q273210,death_year,openlibrary,30 November 1987,2026-10-04T20:17:37+00:00,false,
20261004T202614Z-fc20c6,Q273210,death_year,wikidata,1987,2026-10-04T19:12:56+00:00,false,
20261004T202614Z-fc20c6,Q273210,nationality,wikidata,France; United States,2026-10-04T19:12:56+00:00,,
20261004T202614Z-fc20c6,Q273210,open_library_id,wikidata,OL391839A,2026-10-04T19:12:56+00:00,,
20261004T202614Z-fc20c6,Q273210,wikidata_qid,openlibrary,,2026-10-04T20:17:37+00:00,,not_comparable
20261004T202614Z-fc20c6,Q273210,work_count,openlibrary,83,2026-10-04T20:17:37+00:00,,
20261004T202614Z-fc20c6,Q274334,birth_year,openlibrary,31 May 1948,2026-10-04T20:17:39+00:00,false,
20261004T202614Z-fc20c6,Q274334,birth_year,wikidata,1948,2026-10-04T19:14:05+00:00,false,
20261004T202614Z-fc20c6,Q274334,canonical_name,wikidata,Svetlana Alexievich,2026-10-04T19:14:05+00:00,,
20261004T202614Z-fc20c6,Q274334,death_year,openlibrary,,2026-10-04T20:17:39+00:00,,not_comparable
20261004T202614Z-fc20c6,Q274334,death_year,wikidata,,2026-10-04T19:14:05+00:00,,not_comparable
20261004T202614Z-fc20c6,Q274334,nationality,wikidata,Belarus; Soviet Union,2026-10-04T19:14:05+00:00,,
20261004T202614Z-fc20c6,Q274334,open_library_id,wikidata,OL198376A,2026-10-04T19:14:05+00:00,,
20261004T202614Z-fc20c6,Q274334,wikidata_qid,openlibrary,Q274334,2026-10-04T20:17:39+00:00,false,
20261004T202614Z-fc20c6,Q274334,work_count,openlibrary,31,2026-10-04T20:17:39+00:00,,
20261004T202614Z-fc20c6,Q274348,birth_year,openlibrary,1960,2026-10-04T20:09:38+00:00,false,
20261004T202614Z-fc20c6,Q274348,birth_year,wikidata,1960,2026-10-04T19:11:49+00:00,false,
20261004T202614Z-fc20c6,Q274348,canonical_name,wikidata,Almudena Grandes,2026-10-04T19:11:49+00:00,,
20261004T202614Z-fc20c6,Q274348,death_year,openlibrary,2021,2026-10-04T20:09:38+00:00,false,
20261004T202614Z-fc20c6,Q274348,death_year,wikidata,2021,2026-10-04T19:11:49+00:00,false,
20261004T202614Z-fc20c6,Q274348,nationality,wikidata,Spain,2026-10-04T19:11:49+00:00,,
20261004T202614Z-fc20c6,Q274348,open_library_id,wikidata,OL340785A,2026-10-04T19:11:49+00:00,,
20261004T202614Z-fc20c6,Q274348,wikidata_qid,openlibrary,Q274348,2026-10-04T20:09:38+00:00,false,
20261004T202614Z-fc20c6,Q274348,work_count,openlibrary,155,2026-10-04T20:09:38+00:00,,
20261004T202614Z-fc20c6,Q2751383,birth_year,openlibrary,,2026-10-04T20:17:40+00:00,,not_comparable
20261004T202614Z-fc20c6,Q2751383,birth_year,wikidata,1965,2026-10-04T19:14:54+00:00,,not_comparable
20261004T202614Z-fc20c6,Q2751383,canonical_name,wikidata,Atul Gawande,2026-10-04T19:14:54+00:00,,
20261004T202614Z-fc20c6,Q2751383,death_year,openlibrary,,2026-10-04T20:17:40+00:00,,not_comparable
20261004T202614Z-fc20c6,Q2751383,death_year,wikidata,,2026-10-04T19:14:54+00:00,,not_comparable
20261004T202614Z-fc20c6,Q2751383,nationality,wikidata,United States,2026-10-04T19:14:54+00:00,,
20261004T202614Z-fc20c6,Q2751383,open_library_id,wikidata,OL1485501A,2026-10-04T19:14:54+00:00,,
20261004T202614Z-fc20c6,Q2751383,wikidata_qid,openlibrary,Q2751383,2026-10-04T20:17:40+00:00,false,
20261004T202614Z-fc20c6,Q2751383,work_count,openlibrary,20,2026-10-04T20:17:40+00:00,,
20261004T202614Z-fc20c6,Q275175,birth_year,openlibrary,4.8.1904,2026-10-04T20:17:40+00:00,false,
20261004T202614Z-fc20c6,Q275175,birth_year,wikidata,1904,2026-10-04T19:13:40+00:00,false,
20261004T202614Z-fc20c6,Q275175,canonical_name,wikidata,Witold Gombrowicz,2026-10-04T19:13:40+00:00,,
20261004T202614Z-fc20c6,Q275175,death_year,openlibrary,24.7.1969,2026-10-04T20:17:40+00:00,false,
20261004T202614Z-fc20c6,Q275175,death_year,wikidata,1969,2026-10-04T19:13:40+00:00,false,
20261004T202614Z-fc20c6,Q275175,nationality,wikidata,Congress Poland; Poland; Second Polish Republic,2026-10-04T19:13:40+00:00,,
20261004T202614Z-fc20c6,Q275175,open_library_id,wikidata,OL34096A,2026-10-04T19:13:40+00:00,,
20261004T202614Z-fc20c6,Q275175,wikidata_qid,openlibrary,Q275175,2026-10-04T20:17:40+00:00,false,
20261004T202614Z-fc20c6,Q275175,work_count,openlibrary,259,2026-10-04T20:17:40+00:00,,
20261004T202614Z-fc20c6,Q2754,birth_year,openlibrary,30 April 1883,2026-10-04T20:17:41+00:00,false,
20261004T202614Z-fc20c6,Q2754,birth_year,wikidata,1883,2026-10-04T19:13:30+00:00,false,
20261004T202614Z-fc20c6,Q2754,canonical_name,wikidata,Jaroslav Hašek,2026-10-04T19:13:30+00:00,,
20261004T202614Z-fc20c6,Q2754,death_year,openlibrary,3 January 1923,2026-10-04T20:17:41+00:00,false,
20261004T202614Z-fc20c6,Q2754,death_year,wikidata,1923,2026-10-04T19:13:30+00:00,false,
20261004T202614Z-fc20c6,Q2754,nationality,wikidata,Cisleithania; Czechoslovakia,2026-10-04T19:13:30+00:00,,
20261004T202614Z-fc20c6,Q2754,open_library_id,wikidata,OL71477A,2026-10-04T19:13:30+00:00,,
20261004T202614Z-fc20c6,Q2754,wikidata_qid,openlibrary,Q2754,2026-10-04T20:17:41+00:00,false,
20261004T202614Z-fc20c6,Q2754,work_count,openlibrary,242,2026-10-04T20:17:41+00:00,,
20261004T202614Z-fc20c6,Q275929,birth_year,openlibrary,16 Sep 1852,2026-10-04T20:09:39+00:00,true,
20261004T202614Z-fc20c6,Q275929,birth_year,wikidata,1851,2026-10-04T19:11:47+00:00,true,
20261004T202614Z-fc20c6,Q275929,canonical_name,wikidata,Emilia Pardo Bazán,2026-10-04T19:11:47+00:00,,
20261004T202614Z-fc20c6,Q275929,death_year,openlibrary,12 May 1921,2026-10-04T20:09:39+00:00,false,
20261004T202614Z-fc20c6,Q275929,death_year,wikidata,1921,2026-10-04T19:11:47+00:00,false,
20261004T202614Z-fc20c6,Q275929,nationality,wikidata,Spain,2026-10-04T19:11:47+00:00,,
20261004T202614Z-fc20c6,Q275929,open_library_id,wikidata,OL49026A; OL6887431A; OL341029A; OL5860176A; OL5919133A; OL6282814A,2026-10-04T19:11:47+00:00,,
20261004T202614Z-fc20c6,Q275929,wikidata_qid,openlibrary,Q275929,2026-10-04T20:09:39+00:00,false,
20261004T202614Z-fc20c6,Q275929,work_count,openlibrary,271,2026-10-04T20:09:39+00:00,,
20261004T202614Z-fc20c6,Q275979,birth_year,openlibrary,1912,2026-10-04T20:17:44+00:00,false,
20261004T202614Z-fc20c6,Q275979,birth_year,wikidata,1912,2026-10-04T19:13:48+00:00,false,
20261004T202614Z-fc20c6,Q275979,canonical_name,wikidata,Elsa Morante,2026-10-04T19:13:48+00:00,,
20261004T202614Z-fc20c6,Q275979,death_year,openlibrary,1985,2026-10-04T20:17:44+00:00,false,
20261004T202614Z-fc20c6,Q275979,death_year,wikidata,1985,2026-10-04T19:13:48+00:00,false,
20261004T202614Z-fc20c6,Q275979,nationality,wikidata,Italy; Kingdom of Italy,2026-10-04T19:13:48+00:00,,
20261004T202614Z-fc20c6,Q275979,open_library_id,wikidata,OL436779A,2026-10-04T19:13:48+00:00,,
20261004T202614Z-fc20c6,Q275979,wikidata_qid,openlibrary,Q275979,2026-10-04T20:17:44+00:00,false,
20261004T202614Z-fc20c6,Q275979,work_count,openlibrary,46,2026-10-04T20:17:44+00:00,,
20261004T202614Z-fc20c6,Q275985,birth_year,openlibrary,1916,2026-10-04T20:17:44+00:00,false,
20261004T202614Z-fc20c6,Q275985,birth_year,wikidata,1916,2026-10-04T19:13:47+00:00,false,
20261004T202614Z-fc20c6,Q275985,canonical_name,wikidata,Natalia Ginzburg,2026-10-04T19:13:47+00:00,,
20261004T202614Z-fc20c6,Q275985,death_year,openlibrary,1991,2026-10-04T20:17:44+00:00,false,
20261004T202614Z-fc20c6,Q275985,death_year,wikidata,1991,2026-10-04T19:13:47+00:00,false,
20261004T202614Z-fc20c6,Q275985,nationality,wikidata,Italy; Kingdom of Italy,2026-10-04T19:13:47+00:00,,
20261004T202614Z-fc20c6,Q275985,open_library_id,wikidata,OL152441A,2026-10-04T19:13:47+00:00,,
20261004T202614Z-fc20c6,Q275985,wikidata_qid,openlibrary,Q275985,2026-10-04T20:17:44+00:00,false,
20261004T202614Z-fc20c6,Q275985,work_count,openlibrary,89,2026-10-04T20:17:44+00:00,,
20261004T202614Z-fc20c6,Q276028,birth_year,openlibrary,"November 24, 1849",2026-10-04T20:17:45+00:00,false,
20261004T202614Z-fc20c6,Q276028,birth_year,wikidata,1849,2026-10-04T19:12:50+00:00,false,
20261004T202614Z-fc20c6,Q276028,canonical_name,wikidata,Frances Hodgson Burnett,2026-10-04T19:12:50+00:00,,
20261004T202614Z-fc20c6,Q276028,death_year,openlibrary,"October 29, 1924",2026-10-04T20:17:45+00:00,false,
20261004T202614Z-fc20c6,Q276028,death_year,wikidata,1924,2026-10-04T19:12:50+00:00,false,
20261004T202614Z-fc20c6,Q276028,nationality,wikidata,United Kingdom; United Kingdom of Great Britain and Ireland; United States,2026-10-04T19:12:50+00:00,,
20261004T202614Z-fc20c6,Q276028,open_library_id,wikidata,OL23767A,2026-10-04T19:12:50+00:00,,
20261004T202614Z-fc20c6,Q276028,wikidata_qid,openlibrary,Q276028,2026-10-04T20:17:45+00:00,false,
20261004T202614Z-fc20c6,Q276028,work_count,openlibrary,2104,2026-10-04T20:17:45+00:00,,
20261004T202614Z-fc20c6,Q276032,birth_year,openlibrary,24 January 1862,2026-10-04T20:17:47+00:00,false,
20261004T202614Z-fc20c6,Q276032,birth_year,wikidata,1862,2026-10-04T19:12:44+00:00,false,
20261004T202614Z-fc20c6,Q276032,canonical_name,wikidata,Edith Wharton,2026-10-04T19:12:44+00:00,,
20261004T202614Z-fc20c6,Q276032,death_year,openlibrary,11 August 1937,2026-10-04T20:17:47+00:00,false,
20261004T202614Z-fc20c6,Q276032,death_year,wikidata,1937,2026-10-04T19:12:44+00:00,false,
20261004T202614Z-fc20c6,Q276032,nationality,wikidata,United States,2026-10-04T19:12:44+00:00,,
20261004T202614Z-fc20c6,Q276032,open_library_id,wikidata,OL20188A,2026-10-04T19:12:44+00:00,,
20261004T202614Z-fc20c6,Q276032,wikidata_qid,openlibrary,Q276032,2026-10-04T20:17:47+00:00,false,
20261004T202614Z-fc20c6,Q276032,work_count,openlibrary,1924,2026-10-04T20:17:47+00:00,,
20261004T202614Z-fc20c6,Q27757818,birth_year,openlibrary,1989,2026-10-04T20:17:48+00:00,false,
20261004T202614Z-fc20c6,Q27757818,birth_year,wikidata,1989,2026-10-04T19:13:12+00:00,false,
20261004T202614Z-fc20c6,Q27757818,canonical_name,wikidata,Yaa Gyasi,2026-10-04T19:13:12+00:00,,
20261004T202614Z-fc20c6,Q27757818,death_year,openlibrary,,2026-10-04T20:17:48+00:00,,not_comparable
20261004T202614Z-fc20c6,Q27757818,death_year,wikidata,,2026-10-04T19:13:12+00:00,,not_comparable
20261004T202614Z-fc20c6,Q27757818,nationality,wikidata,Ghana; United States,2026-10-04T19:13:12+00:00,,
20261004T202614Z-fc20c6,Q27757818,open_library_id,wikidata,OL7400941A,2026-10-04T19:13:12+00:00,,
20261004T202614Z-fc20c6,Q27757818,wikidata_qid,openlibrary,Q27757818,2026-10-04T20:17:48+00:00,false,
20261004T202614Z-fc20c6,Q27757818,work_count,openlibrary,4,2026-10-04T20:17:48+00:00,,
20261004T202614Z-fc20c6,Q284560,birth_year,openlibrary,28 Dec 1932,2026-10-04T20:17:49+00:00,false,
20261004T202614Z-fc20c6,Q284560,birth_year,wikidata,1932,2026-10-04T19:11:59+00:00,false,
20261004T202614Z-fc20c6,Q284560,canonical_name,wikidata,Manuel Puig,2026-10-04T19:11:59+00:00,,
20261004T202614Z-fc20c6,Q284560,death_year,openlibrary,22 Jul 1990,2026-10-04T20:17:49+00:00,false,
20261004T202614Z-fc20c6,Q284560,death_year,wikidata,1990,2026-10-04T19:11:59+00:00,false,
20261004T202614Z-fc20c6,Q284560,nationality,wikidata,Argentina,2026-10-04T19:11:59+00:00,,
20261004T202614Z-fc20c6,Q284560,open_library_id,wikidata,OL26284A,2026-10-04T19:11:59+00:00,,
20261004T202614Z-fc20c6,Q284560,wikidata_qid,openlibrary,Q284560,2026-10-04T20:17:49+00:00,false,
20261004T202614Z-fc20c6,Q284560,work_count,openlibrary,109,2026-10-04T20:17:49+00:00,,
20261004T202614Z-fc20c6,Q286701,birth_year,openlibrary,1 April 1958,2026-10-04T20:17:51+00:00,false,
20261004T202614Z-fc20c6,Q286701,birth_year,wikidata,1958,2026-10-04T19:14:10+00:00,false,
20261004T202614Z-fc20c6,Q286701,canonical_name,wikidata,Hiromi Kawakami,2026-10-04T19:14:10+00:00,,
20261004T202614Z-fc20c6,Q286701,death_year,openlibrary,,2026-10-04T20:17:51+00:00,,not_comparable
20261004T202614Z-fc20c6,Q286701,death_year,wikidata,,2026-10-04T19:14:10+00:00,,not_comparable
20261004T202614Z-fc20c6,Q286701,nationality,wikidata,Japan,2026-10-04T19:14:10+00:00,,
20261004T202614Z-fc20c6,Q286701,open_library_id,wikidata,OL5613770A,2026-10-04T19:14:10+00:00,,
20261004T202614Z-fc20c6,Q286701,wikidata_qid,openlibrary,Q286701,2026-10-04T20:17:51+00:00,false,
20261004T202614Z-fc20c6,Q286701,work_count,openlibrary,50,2026-10-04T20:17:51+00:00,,
20261004T202614Z-fc20c6,Q2881513,birth_year,openlibrary,1956,2026-10-04T20:17:52+00:00,false,
20261004T202614Z-fc20c6,Q2881513,birth_year,wikidata,1956,2026-10-04T19:12:22+00:00,false,
20261004T202614Z-fc20c6,Q2881513,canonical_name,wikidata,Suso de Toro,2026-10-04T19:12:22+00:00,,
20261004T202614Z-fc20c6,Q2881513,death_year,openlibrary,),2026-10-04T20:17:52+00:00,,not_comparable
20261004T202614Z-fc20c6,Q2881513,death_year,wikidata,,2026-10-04T19:12:22+00:00,,not_comparable
20261004T202614Z-fc20c6,Q2881513,nationality,wikidata,Spain,2026-10-04T19:12:22+00:00,,
20261004T202614Z-fc20c6,Q2881513,open_library_id,wikidata,OL5318052A,2026-10-04T19:12:22+00:00,,
20261004T202614Z-fc20c6,Q2881513,wikidata_qid,openlibrary,Q2881513,2026-10-04T20:17:52+00:00,false,
20261004T202614Z-fc20c6,Q2881513,work_count,openlibrary,4,2026-10-04T20:17:52+00:00,,
20261004T202614Z-fc20c6,Q288501,birth_year,openlibrary,1905,2026-10-04T20:17:58+00:00,false,
20261004T202614Z-fc20c6,Q288501,birth_year,wikidata,1905,2026-10-04T19:12:00+00:00,false,
20261004T202614Z-fc20c6,Q288501,canonical_name,wikidata,Erico Verissimo,2026-10-04T19:12:00+00:00,,
20261004T202614Z-fc20c6,Q288501,death_year,openlibrary,1975,2026-10-04T20:17:58+00:00,false,
20261004T202614Z-fc20c6,Q288501,death_year,wikidata,1975,2026-10-04T19:12:00+00:00,false,
20261004T202614Z-fc20c6,Q288501,nationality,wikidata,Brazil,2026-10-04T19:12:00+00:00,,
20261004T202614Z-fc20c6,Q288501,open_library_id,wikidata,OL4709088A; OL121112A,2026-10-04T19:12:00+00:00,,
20261004T202614Z-fc20c6,Q288501,wikidata_qid,openlibrary,Q288501,2026-10-04T20:17:58+00:00,false,
20261004T202614Z-fc20c6,Q288501,work_count,openlibrary,179,2026-10-04T20:17:58+00:00,,
20261004T202614Z-fc20c6,Q290143,birth_year,openlibrary,1945,2026-10-04T20:17:53+00:00,false,
20261004T202614Z-fc20c6,Q290143,birth_year,wikidata,1945,2026-10-04T19:14:29+00:00,false,
20261004T202614Z-fc20c6,Q290143,canonical_name,wikidata,Hanan al-Shaykh,2026-10-04T19:14:29+00:00,,
20261004T202614Z-fc20c6,Q290143,death_year,openlibrary,,2026-10-04T20:17:53+00:00,,not_comparable
20261004T202614Z-fc20c6,Q290143,death_year,wikidata,,2026-10-04T19:14:29+00:00,,not_comparable
20261004T202614Z-fc20c6,Q290143,nationality,wikidata,Lebanon,2026-10-04T19:14:29+00:00,,
20261004T202614Z-fc20c6,Q290143,open_library_id,wikidata,OL223346A,2026-10-04T19:14:29+00:00,,
20261004T202614Z-fc20c6,Q290143,wikidata_qid,openlibrary,,2026-10-04T20:17:53+00:00,,not_comparable
20261004T202614Z-fc20c6,Q290143,work_count,openlibrary,54,2026-10-04T20:17:53+00:00,,
20261004T202614Z-fc20c6,Q290220,birth_year,openlibrary,1964,2026-10-04T20:17:56+00:00,false,
20261004T202614Z-fc20c6,Q290220,birth_year,wikidata,1964,2026-10-04T19:14:28+00:00,false,
20261004T202614Z-fc20c6,Q290220,canonical_name,wikidata,Leila Aboulela,2026-10-04T19:14:28+00:00,,
20261004T202614Z-fc20c6,Q290220,death_year,openlibrary,,2026-10-04T20:17:56+00:00,,not_comparable
20261004T202614Z-fc20c6,Q290220,death_year,wikidata,,2026-10-04T19:14:28+00:00,,not_comparable
20261004T202614Z-fc20c6,Q290220,nationality,wikidata,Sudan,2026-10-04T19:14:28+00:00,,
20261004T202614Z-fc20c6,Q290220,open_library_id,wikidata,OL1434517A,2026-10-04T19:14:28+00:00,,
20261004T202614Z-fc20c6,Q290220,wikidata_qid,openlibrary,Q290220,2026-10-04T20:17:56+00:00,false,
20261004T202614Z-fc20c6,Q290220,work_count,openlibrary,15,2026-10-04T20:17:56+00:00,,
20261004T202614Z-fc20c6,Q290306,birth_year,openlibrary,1946,2026-10-04T20:17:56+00:00,false,
20261004T202614Z-fc20c6,Q290306,birth_year,wikidata,1946,2026-10-04T19:14:34+00:00,false,
20261004T202614Z-fc20c6,Q290306,canonical_name,wikidata,Shahrnush Parsipur,2026-10-04T19:14:34+00:00,,
20261004T202614Z-fc20c6,Q290306,death_year,openlibrary,,2026-10-04T20:17:56+00:00,,not_comparable
20261004T202614Z-fc20c6,Q290306,death_year,wikidata,2026,2026-10-04T19:14:34+00:00,,not_comparable
20261004T202614Z-fc20c6,Q290306,nationality,wikidata,Iran; United States,2026-10-04T19:14:34+00:00,,
20261004T202614Z-fc20c6,Q290306,open_library_id,wikidata,OL3039774A,2026-10-04T19:14:34+00:00,,
20261004T202614Z-fc20c6,Q290306,wikidata_qid,openlibrary,Q290306,2026-10-04T20:17:56+00:00,false,
20261004T202614Z-fc20c6,Q290306,work_count,openlibrary,40,2026-10-04T20:17:56+00:00,,
20261004T202614Z-fc20c6,Q295431,birth_year,openlibrary,19 January 1946,2026-10-04T20:17:57+00:00,false,
20261004T202614Z-fc20c6,Q295431,birth_year,wikidata,1946,2026-10-04T19:13:07+00:00,false,
20261004T202614Z-fc20c6,Q295431,canonical_name,wikidata,Julian Barnes,2026-10-04T19:13:07+00:00,,
20261004T202614Z-fc20c6,Q295431,death_year,openlibrary,,2026-10-04T20:17:57+00:00,,not_comparable
20261004T202614Z-fc20c6,Q295431,death_year,wikidata,,2026-10-04T19:13:07+00:00,,not_comparable
20261004T202614Z-fc20c6,Q295431,nationality,wikidata,United Kingdom,2026-10-04T19:13:07+00:00,,
20261004T202614Z-fc20c6,Q295431,open_library_id,wikidata,OL238796A,2026-10-04T19:13:07+00:00,,
20261004T202614Z-fc20c6,Q295431,wikidata_qid,openlibrary,Q295431,2026-10-04T20:17:57+00:00,false,
20261004T202614Z-fc20c6,Q295431,work_count,openlibrary,345,2026-10-04T20:17:57+00:00,,
20261004T202614Z-fc20c6,Q295598,birth_year,openlibrary,1571?,2026-10-04T20:17:59+00:00,,not_comparable
20261004T202614Z-fc20c6,Q295598,birth_year,wikidata,1583,2026-10-04T19:12:13+00:00,,not_comparable
20261004T202614Z-fc20c6,Q295598,canonical_name,wikidata,Tirso de Molina,2026-10-04T19:12:13+00:00,,
20261004T202614Z-fc20c6,Q295598,death_year,openlibrary,1648,2026-10-04T20:17:59+00:00,false,
20261004T202614Z-fc20c6,Q295598,death_year,wikidata,1648,2026-10-04T19:12:13+00:00,false,
20261004T202614Z-fc20c6,Q295598,nationality,wikidata,Spain,2026-10-04T19:12:13+00:00,,
20261004T202614Z-fc20c6,Q295598,open_library_id,wikidata,OL49131A,2026-10-04T19:12:13+00:00,,
20261004T202614Z-fc20c6,Q295598,wikidata_qid,openlibrary,Q295598,2026-10-04T20:17:59+00:00,false,
20261004T202614Z-fc20c6,Q295598,work_count,openlibrary,493,2026-10-04T20:17:59+00:00,,
20261004T202614Z-fc20c6,Q296752,birth_year,openlibrary,25 September 1964,2026-10-04T20:09:39+00:00,false,
20261004T202614Z-fc20c6,Q296752,birth_year,wikidata,1964,2026-10-04T19:11:49+00:00,false,
20261004T202614Z-fc20c6,Q296752,canonical_name,wikidata,Carlos Ruiz Zafón,2026-10-04T19:11:49+00:00,,
20261004T202614Z-fc20c6,Q296752,death_year,openlibrary,19 June 2020,2026-10-04T20:09:39+00:00,false,
20261004T202614Z-fc20c6,Q296752,death_year,wikidata,2020,2026-10-04T19:11:49+00:00,false,
20261004T202614Z-fc20c6,Q296752,nationality,wikidata,Spain,2026-10-04T19:11:49+00:00,,
20261004T202614Z-fc20c6,Q296752,open_library_id,wikidata,OL2632116A,2026-10-04T19:11:49+00:00,,
20261004T202614Z-fc20c6,Q296752,wikidata_qid,openlibrary,Q296752,2026-10-04T20:09:39+00:00,false,
20261004T202614Z-fc20c6,Q296752,work_count,openlibrary,154,2026-10-04T20:09:39+00:00,,
20261004T202614Z-fc20c6,Q297532,birth_year,openlibrary,1953-04-28,2026-10-04T20:18:06+00:00,false,
20261004T202614Z-fc20c6,Q297532,birth_year,wikidata,1953,2026-10-04T19:11:53+00:00,false,
20261004T202614Z-fc20c6,Q297532,canonical_name,wikidata,Roberto Bolaño,2026-10-04T19:11:53+00:00,,
20261004T202614Z-fc20c6,Q297532,death_year,openlibrary,2003-07-15,2026-10-04T20:18:06+00:00,false,
20261004T202614Z-fc20c6,Q297532,death_year,wikidata,2003,2026-10-04T19:11:53+00:00,false,
20261004T202614Z-fc20c6,Q297532,nationality,wikidata,Chile,2026-10-04T19:11:53+00:00,,
20261004T202614Z-fc20c6,Q297532,open_library_id,wikidata,OL6493404A; OL56795A,2026-10-04T19:11:53+00:00,,
20261004T202614Z-fc20c6,Q297532,wikidata_qid,openlibrary,Q297532,2026-10-04T20:18:06+00:00,false,
20261004T202614Z-fc20c6,Q297532,work_count,openlibrary,41,2026-10-04T20:18:06+00:00,,
20261004T202614Z-fc20c6,Q298035,birth_year,openlibrary,15 Sep 1914,2026-10-04T20:18:00+00:00,false,
20261004T202614Z-fc20c6,Q298035,birth_year,wikidata,1914,2026-10-04T19:11:58+00:00,false,
20261004T202614Z-fc20c6,Q298035,canonical_name,wikidata,Adolfo Bioy Casares,2026-10-04T19:11:58+00:00,,
20261004T202614Z-fc20c6,Q298035,death_year,openlibrary,8 Mar 1999,2026-10-04T20:18:00+00:00,false,
20261004T202614Z-fc20c6,Q298035,death_year,wikidata,1999,2026-10-04T19:11:58+00:00,false,
20261004T202614Z-fc20c6,Q298035,nationality,wikidata,Argentina,2026-10-04T19:11:58+00:00,,
20261004T202614Z-fc20c6,Q298035,open_library_id,wikidata,OL67141A,2026-10-04T19:11:58+00:00,,
20261004T202614Z-fc20c6,Q298035,wikidata_qid,openlibrary,Q298035,2026-10-04T20:18:00+00:00,false,
20261004T202614Z-fc20c6,Q298035,work_count,openlibrary,189,2026-10-04T20:18:00+00:00,,
20261004T202614Z-fc20c6,Q298685,birth_year,openlibrary,"March 2, 1904",2026-10-04T20:18:01+00:00,false,
20261004T202614Z-fc20c6,Q298685,birth_year,wikidata,1904,2026-10-04T19:15:08+00:00,false,
20261004T202614Z-fc20c6,Q298685,canonical_name,wikidata,Dr. Seuss,2026-10-04T19:15:08+00:00,,
20261004T202614Z-fc20c6,Q298685,death_year,openlibrary,"September 24, 1991",2026-10-04T20:18:01+00:00,false,
20261004T202614Z-fc20c6,Q298685,death_year,wikidata,1991,2026-10-04T19:15:08+00:00,false,
20261004T202614Z-fc20c6,Q298685,nationality,wikidata,United States,2026-10-04T19:15:08+00:00,,
20261004T202614Z-fc20c6,Q298685,open_library_id,wikidata,OL2622837A,2026-10-04T19:15:08+00:00,,
20261004T202614Z-fc20c6,Q298685,wikidata_qid,openlibrary,Q298685,2026-10-04T20:18:01+00:00,false,
20261004T202614Z-fc20c6,Q298685,work_count,openlibrary,614,2026-10-04T20:18:01+00:00,,
20261004T202614Z-fc20c6,Q299161,birth_year,openlibrary,20 Sep 1951,2026-10-04T20:18:03+00:00,false,
20261004T202614Z-fc20c6,Q299161,birth_year,wikidata,1951,2026-10-04T19:12:06+00:00,false,
20261004T202614Z-fc20c6,Q299161,canonical_name,wikidata,Javier Marías,2026-10-04T19:12:06+00:00,,
20261004T202614Z-fc20c6,Q299161,death_year,openlibrary,11 Sep 2022,2026-10-04T20:18:03+00:00,false,
20261004T202614Z-fc20c6,Q299161,death_year,wikidata,2022,2026-10-04T19:12:06+00:00,false,
20261004T202614Z-fc20c6,Q299161,nationality,wikidata,Spain,2026-10-04T19:12:06+00:00,,
20261004T202614Z-fc20c6,Q299161,open_library_id,wikidata,OL934588A; OL6296330A,2026-10-04T19:12:06+00:00,,
20261004T202614Z-fc20c6,Q299161,wikidata_qid,openlibrary,Q299161,2026-10-04T20:18:03+00:00,false,
20261004T202614Z-fc20c6,Q299161,work_count,openlibrary,264,2026-10-04T20:18:03+00:00,,
20261004T202614Z-fc20c6,Q299965,birth_year,openlibrary,1 March 1914,2026-10-04T20:18:04+00:00,false,
20261004T202614Z-fc20c6,Q299965,birth_year,wikidata,1914,2026-10-04T19:12:56+00:00,false,
20261004T202614Z-fc20c6,Q299965,canonical_name,wikidata,Ralph Ellison,2026-10-04T19:12:56+00:00,,
20261004T202614Z-fc20c6,Q299965,death_year,openlibrary,16 April 1994,2026-10-04T20:18:04+00:00,false,
20261004T202614Z-fc20c6,Q299965,death_year,wikidata,1994,2026-10-04T19:12:56+00:00,false,
20261004T202614Z-fc20c6,Q299965,nationality,wikidata,United States,2026-10-04T19:12:56+00:00,,
20261004T202614Z-fc20c6,Q299965,open_library_id,wikidata,OL32983A,2026-10-04T19:12:56+00:00,,
20261004T202614Z-fc20c6,Q299965,wikidata_qid,openlibrary,Q299965,2026-10-04T20:18:04+00:00,false,
20261004T202614Z-fc20c6,Q299965,work_count,openlibrary,35,2026-10-04T20:18:04+00:00,,
20261004T202614Z-fc20c6,Q302910,birth_year,openlibrary,1938,2026-10-04T20:18:11+00:00,false,
20261004T202614Z-fc20c6,Q302910,birth_year,wikidata,1938,2026-10-04T19:13:10+00:00,false,
20261004T202614Z-fc20c6,Q302910,canonical_name,wikidata,Ngũgĩ wa Thiong'o,2026-10-04T19:13:10+00:00,,
20261004T202614Z-fc20c6,Q302910,death_year,openlibrary,,2026-10-04T20:18:11+00:00,,not_comparable
20261004T202614Z-fc20c6,Q302910,death_year,wikidata,2025,2026-10-04T19:13:10+00:00,,not_comparable
20261004T202614Z-fc20c6,Q302910,nationality,wikidata,Kenya,2026-10-04T19:13:10+00:00,,
20261004T202614Z-fc20c6,Q302910,open_library_id,wikidata,OL2657540A; OL7688467A; OL8294931A,2026-10-04T19:13:10+00:00,,
20261004T202614Z-fc20c6,Q302910,wikidata_qid,openlibrary,Q302910,2026-10-04T20:18:11+00:00,false,
20261004T202614Z-fc20c6,Q302910,work_count,openlibrary,0,2026-10-04T20:18:11+00:00,,
20261004T202614Z-fc20c6,Q3080325,birth_year,openlibrary,1915,2026-10-04T20:18:08+00:00,true,
20261004T202614Z-fc20c6,Q3080325,birth_year,wikidata,1911,2026-10-04T19:14:24+00:00,true,
20261004T202614Z-fc20c6,Q3080325,canonical_name,wikidata,Ismat Chughtai,2026-10-04T19:14:24+00:00,,
20261004T202614Z-fc20c6,Q3080325,death_year,openlibrary,1991,2026-10-04T20:18:08+00:00,false,
20261004T202614Z-fc20c6,Q3080325,death_year,wikidata,1991,2026-10-04T19:14:24+00:00,false,
20261004T202614Z-fc20c6,Q3080325,nationality,wikidata,British Raj; Dominion of India; India,2026-10-04T19:14:24+00:00,,
20261004T202614Z-fc20c6,Q3080325,open_library_id,wikidata,OL1062A,2026-10-04T19:14:24+00:00,,
20261004T202614Z-fc20c6,Q3080325,wikidata_qid,openlibrary,Q3080325,2026-10-04T20:18:08+00:00,false,
20261004T202614Z-fc20c6,Q3080325,work_count,openlibrary,22,2026-10-04T20:18:08+00:00,,
20261004T202614Z-fc20c6,Q30875,birth_year,openlibrary,16 October 1854,2026-10-04T20:18:08+00:00,false,
20261004T202614Z-fc20c6,Q30875,birth_year,wikidata,1854,2026-10-04T19:12:42+00:00,false,
20261004T202614Z-fc20c6,Q30875,canonical_name,wikidata,Oscar Wilde,2026-10-04T19:12:42+00:00,,
20261004T202614Z-fc20c6,Q30875,death_year,openlibrary,30 November 1900,2026-10-04T20:18:08+00:00,false,
20261004T202614Z-fc20c6,Q30875,death_year,wikidata,1900,2026-10-04T19:12:42+00:00,false,
20261004T202614Z-fc20c6,Q30875,nationality,wikidata,France; Ireland; United Kingdom; United Kingdom of Great Britain and Ireland,2026-10-04T19:12:42+00:00,,
20261004T202614Z-fc20c6,Q30875,open_library_id,wikidata,OL20646A,2026-10-04T19:12:42+00:00,,
20261004T202614Z-fc20c6,Q30875,wikidata_qid,openlibrary,Q30875,2026-10-04T20:18:08+00:00,false,
20261004T202614Z-fc20c6,Q30875,work_count,openlibrary,5574,2026-10-04T20:18:08+00:00,,
20261004T202614Z-fc20c6,Q3087962,birth_year,openlibrary,1973,2026-10-04T20:18:09+00:00,false,
20261004T202614Z-fc20c6,Q3087962,birth_year,wikidata,1973,2026-10-04T19:14:25+00:00,false,
20261004T202614Z-fc20c6,Q3087962,canonical_name,wikidata,Kamila Shamsie,2026-10-04T19:14:25+00:00,,
20261004T202614Z-fc20c6,Q3087962,death_year,openlibrary,,2026-10-04T20:18:09+00:00,,not_comparable
20261004T202614Z-fc20c6,Q3087962,death_year,wikidata,,2026-10-04T19:14:25+00:00,,not_comparable
20261004T202614Z-fc20c6,Q3087962,nationality,wikidata,Pakistan; United Kingdom,2026-10-04T19:14:25+00:00,,
20261004T202614Z-fc20c6,Q3087962,open_library_id,wikidata,OL102484A,2026-10-04T19:14:25+00:00,,
20261004T202614Z-fc20c6,Q3087962,wikidata_qid,openlibrary,Q3087962,2026-10-04T20:18:09+00:00,false,
20261004T202614Z-fc20c6,Q3087962,work_count,openlibrary,23,2026-10-04T20:18:09+00:00,,
20261004T202614Z-fc20c6,Q310048,birth_year,openlibrary,1936,2026-10-04T20:18:11+00:00,false,
20261004T202614Z-fc20c6,Q310048,birth_year,wikidata,1936,2026-10-04T19:13:14+00:00,false,
20261004T202614Z-fc20c6,Q310048,canonical_name,wikidata,Don DeLillo,2026-10-04T19:13:14+00:00,,
20261004T202614Z-fc20c6,Q310048,death_year,openlibrary,,2026-10-04T20:18:11+00:00,,not_comparable
20261004T202614Z-fc20c6,Q310048,death_year,wikidata,,2026-10-04T19:13:14+00:00,,not_comparable
20261004T202614Z-fc20c6,Q310048,nationality,wikidata,United States,2026-10-04T19:13:14+00:00,,
20261004T202614Z-fc20c6,Q310048,open_library_id,wikidata,OL230288A,2026-10-04T19:13:14+00:00,,
20261004T202614Z-fc20c6,Q310048,wikidata_qid,openlibrary,Q310048,2026-10-04T20:18:11+00:00,false,
20261004T202614Z-fc20c6,Q310048,work_count,openlibrary,46,2026-10-04T20:18:11+00:00,,
20261004T202614Z-fc20c6,Q310176,birth_year,openlibrary,1949,2026-10-04T20:18:12+00:00,false,
20261004T202614Z-fc20c6,Q310176,birth_year,wikidata,1949,2026-10-04T19:13:07+00:00,false,
20261004T202614Z-fc20c6,Q310176,canonical_name,wikidata,Martin Amis,2026-10-04T19:13:07+00:00,,
20261004T202614Z-fc20c6,Q310176,death_year,openlibrary,2023,2026-10-04T20:18:12+00:00,false,
20261004T202614Z-fc20c6,Q310176,death_year,wikidata,2023,2026-10-04T19:13:07+00:00,false,
20261004T202614Z-fc20c6,Q310176,nationality,wikidata,United Kingdom,2026-10-04T19:13:07+00:00,,
20261004T202614Z-fc20c6,Q310176,open_library_id,wikidata,OL4728950A,2026-10-04T19:13:07+00:00,,
20261004T202614Z-fc20c6,Q310176,wikidata_qid,openlibrary,Q310176,2026-10-04T20:18:12+00:00,false,
20261004T202614Z-fc20c6,Q310176,work_count,openlibrary,55,2026-10-04T20:18:12+00:00,,
20261004T202614Z-fc20c6,Q310562,birth_year,wikidata,1935,2026-10-04T19:14:04+00:00,,
20261004T202614Z-fc20c6,Q310562,canonical_name,wikidata,Danilo Kiš,2026-10-04T19:14:04+00:00,,
20261004T202614Z-fc20c6,Q310562,death_year,wikidata,1989,2026-10-04T19:14:04+00:00,,
20261004T202614Z-fc20c6,Q310562,nationality,wikidata,Kraljevina Jugoslavija; Socijalistička Federativna Republika Jugoslavija,2026-10-04T19:14:04+00:00,,
20261004T202614Z-fc20c6,Q310913,birth_year,openlibrary,11 October 1926,2026-10-04T20:18:13+00:00,false,
20261004T202614Z-fc20c6,Q310913,birth_year,wikidata,1926,2026-10-04T19:14:58+00:00,false,
20261004T202614Z-fc20c6,Q310913,canonical_name,wikidata,Thích Nhất Hạnh,2026-10-04T19:14:58+00:00,,
20261004T202614Z-fc20c6,Q310913,death_year,openlibrary,22 January 2022,2026-10-04T20:18:13+00:00,false,
20261004T202614Z-fc20c6,Q310913,death_year,wikidata,2022,2026-10-04T19:14:58+00:00,false,
20261004T202614Z-fc20c6,Q310913,nationality,wikidata,France; Vietnam,2026-10-04T19:14:58+00:00,,
20261004T202614Z-fc20c6,Q310913,open_library_id,wikidata,OL2623681A,2026-10-04T19:14:58+00:00,,
20261004T202614Z-fc20c6,Q310913,wikidata_qid,openlibrary,Q310913,2026-10-04T20:18:13+00:00,false,
20261004T202614Z-fc20c6,Q310913,work_count,openlibrary,670,2026-10-04T20:18:13+00:00,,
20261004T202614Z-fc20c6,Q311001,birth_year,openlibrary,1866,2026-10-04T20:18:13+00:00,false,
20261004T202614Z-fc20c6,Q311001,birth_year,wikidata,1866,2026-10-04T19:12:10+00:00,false,
20261004T202614Z-fc20c6,Q311001,canonical_name,wikidata,Ramón María del Valle-Inclán,2026-10-04T19:12:10+00:00,,
20261004T202614Z-fc20c6,Q311001,death_year,openlibrary,1936,2026-10-04T20:18:13+00:00,false,
20261004T202614Z-fc20c6,Q311001,death_year,wikidata,1936,2026-10-04T19:12:10+00:00,false,
20261004T202614Z-fc20c6,Q311001,nationality,wikidata,Spain,2026-10-04T19:12:10+00:00,,
20261004T202614Z-fc20c6,Q311001,open_library_id,wikidata,OL2355312A,2026-10-04T19:12:10+00:00,,
20261004T202614Z-fc20c6,Q311001,wikidata_qid,openlibrary,Q311001,2026-10-04T20:18:13+00:00,false,
20261004T202614Z-fc20c6,Q311001,work_count,openlibrary,537,2026-10-04T20:18:13+00:00,,
20261004T202614Z-fc20c6,Q311145,birth_year,openlibrary,21 June 1839,2026-10-04T20:18:16+00:00,false,
20261004T202614Z-fc20c6,Q311145,birth_year,wikidata,1839,2026-10-04T19:11:59+00:00,false,
20261004T202614Z-fc20c6,Q311145,canonical_name,wikidata,Machado de Assis,2026-10-04T19:11:59+00:00,,
20261004T202614Z-fc20c6,Q311145,death_year,openlibrary,29 September 1908,2026-10-04T20:18:16+00:00,false,
20261004T202614Z-fc20c6,Q311145,death_year,wikidata,1908,2026-10-04T19:11:59+00:00,false,
20261004T202614Z-fc20c6,Q311145,nationality,wikidata,Brazil,2026-10-04T19:11:59+00:00,,
20261004T202614Z-fc20c6,Q311145,open_library_id,wikidata,OL93286A,2026-10-04T19:11:59+00:00,,
20261004T202614Z-fc20c6,Q311145,wikidata_qid,openlibrary,Q311145,2026-10-04T20:18:16+00:00,false,
20261004T202614Z-fc20c6,Q311145,work_count,openlibrary,445,2026-10-04T20:18:16+00:00,,
20261004T202614Z-fc20c6,Q312747,birth_year,openlibrary,1852,2026-10-04T20:18:16+00:00,false,
20261004T202614Z-fc20c6,Q312747,birth_year,wikidata,1852,2026-10-04T19:12:11+00:00,false,
20261004T202614Z-fc20c6,Q312747,canonical_name,wikidata,Leopoldo Alas,2026-10-04T19:12:11+00:00,,
20261004T202614Z-fc20c6,Q312747,death_year,openlibrary,1901,2026-10-04T20:18:16+00:00,false,
20261004T202614Z-fc20c6,Q312747,death_year,wikidata,1901,2026-10-04T19:12:11+00:00,false,
20261004T202614Z-fc20c6,Q312747,nationality,wikidata,Spain,2026-10-04T19:12:11+00:00,,
20261004T202614Z-fc20c6,Q312747,open_library_id,wikidata,OL28169A,2026-10-04T19:12:11+00:00,,
20261004T202614Z-fc20c6,Q312747,wikidata_qid,openlibrary,Q312747,2026-10-04T20:18:16+00:00,false,
20261004T202614Z-fc20c6,Q312747,work_count,openlibrary,457,2026-10-04T20:18:16+00:00,,
20261004T202614Z-fc20c6,Q313246,birth_year,openlibrary,21 Feb 1962,2026-10-04T20:18:20+00:00,false,
20261004T202614Z-fc20c6,Q313246,birth_year,wikidata,1962,2026-10-04T19:13:15+00:00,false,
20261004T202614Z-fc20c6,Q313246,canonical_name,wikidata,David Foster Wallace,2026-10-04T19:13:15+00:00,,
20261004T202614Z-fc20c6,Q313246,death_year,openlibrary,12 Sep 2008,2026-10-04T20:18:20+00:00,false,
20261004T202614Z-fc20c6,Q313246,death_year,wikidata,2008,2026-10-04T19:13:15+00:00,false,
20261004T202614Z-fc20c6,Q313246,nationality,wikidata,United States,2026-10-04T19:13:15+00:00,,
20261004T202614Z-fc20c6,Q313246,open_library_id,wikidata,OL448939A,2026-10-04T19:13:15+00:00,,
20261004T202614Z-fc20c6,Q313246,wikidata_qid,openlibrary,Q313246,2026-10-04T20:18:20+00:00,false,
20261004T202614Z-fc20c6,Q313246,work_count,openlibrary,138,2026-10-04T20:18:20+00:00,,
20261004T202614Z-fc20c6,Q313322,birth_year,openlibrary,1765,2026-10-04T20:18:26+00:00,true,
20261004T202614Z-fc20c6,Q313322,birth_year,wikidata,1766,2026-10-04T19:14:40+00:00,true,
20261004T202614Z-fc20c6,Q313322,canonical_name,wikidata,Nguyễn Du,2026-10-04T19:14:40+00:00,,
20261004T202614Z-fc20c6,Q313322,death_year,openlibrary,1820,2026-10-04T20:18:26+00:00,false,
20261004T202614Z-fc20c6,Q313322,death_year,wikidata,1820,2026-10-04T19:14:40+00:00,false,
20261004T202614Z-fc20c6,Q313322,nationality,wikidata,Dai Viet; Vietnam,2026-10-04T19:14:40+00:00,,
20261004T202614Z-fc20c6,Q313322,open_library_id,wikidata,OL6925998A; OL84919A,2026-10-04T19:14:40+00:00,,
20261004T202614Z-fc20c6,Q313322,wikidata_qid,openlibrary,Q313322,2026-10-04T20:18:26+00:00,false,
20261004T202614Z-fc20c6,Q313322,work_count,openlibrary,57,2026-10-04T20:18:26+00:00,,
20261004T202614Z-fc20c6,Q313593,birth_year,openlibrary,12 September 1943,2026-10-04T20:18:21+00:00,false,
20261004T202614Z-fc20c6,Q313593,birth_year,wikidata,1943,2026-10-04T19:13:04+00:00,false,
20261004T202614Z-fc20c6,Q313593,canonical_name,wikidata,Michael Ondaatje,2026-10-04T19:13:04+00:00,,
20261004T202614Z-fc20c6,Q313593,death_year,openlibrary,,2026-10-04T20:18:21+00:00,,not_comparable
20261004T202614Z-fc20c6,Q313593,death_year,wikidata,,2026-10-04T19:13:04+00:00,,not_comparable
20261004T202614Z-fc20c6,Q313593,nationality,wikidata,Canada,2026-10-04T19:13:04+00:00,,
20261004T202614Z-fc20c6,Q313593,open_library_id,wikidata,OL34337A,2026-10-04T19:13:04+00:00,,
20261004T202614Z-fc20c6,Q313593,wikidata_qid,openlibrary,Q313593,2026-10-04T20:18:21+00:00,false,
20261004T202614Z-fc20c6,Q313593,work_count,openlibrary,71,2026-10-04T20:18:21+00:00,,
20261004T202614Z-fc20c6,Q314771,birth_year,openlibrary,10 June 1928,2026-10-04T20:18:23+00:00,false,
20261004T202614Z-fc20c6,Q314771,birth_year,wikidata,1928,2026-10-04T19:15:07+00:00,false,
20261004T202614Z-fc20c6,Q314771,canonical_name,wikidata,Maurice Sendak,2026-10-04T19:15:07+00:00,,
20261004T202614Z-fc20c6,Q314771,death_year,openlibrary,08 May 2012,2026-10-04T20:18:23+00:00,false,
20261004T202614Z-fc20c6,Q314771,death_year,wikidata,2012,2026-10-04T19:15:07+00:00,false,
20261004T202614Z-fc20c6,Q314771,nationality,wikidata,United States,2026-10-04T19:15:07+00:00,,
20261004T202614Z-fc20c6,Q314771,open_library_id,wikidata,OL366346A,2026-10-04T19:15:07+00:00,,
20261004T202614Z-fc20c6,Q314771,wikidata_qid,openlibrary,Q314771,2026-10-04T20:18:23+00:00,false,
20261004T202614Z-fc20c6,Q314771,work_count,openlibrary,93,2026-10-04T20:18:23+00:00,,
20261004T202614Z-fc20c6,Q315017,birth_year,openlibrary,1903,2026-10-04T20:18:24+00:00,false,
20261004T202614Z-fc20c6,Q315017,birth_year,wikidata,1903,2026-10-04T19:14:34+00:00,false,
20261004T202614Z-fc20c6,Q315017,canonical_name,wikidata,Sadegh Hedayat,2026-10-04T19:14:34+00:00,,
20261004T202614Z-fc20c6,Q315017,death_year,openlibrary,1951,2026-10-04T20:18:24+00:00,false,
20261004T202614Z-fc20c6,Q315017,death_year,wikidata,1951,2026-10-04T19:14:34+00:00,false,
20261004T202614Z-fc20c6,Q315017,nationality,wikidata,Iran,2026-10-04T19:14:34+00:00,,
20261004T202614Z-fc20c6,Q315017,open_library_id,wikidata,OL43809A,2026-10-04T19:14:34+00:00,,
20261004T202614Z-fc20c6,Q315017,wikidata_qid,openlibrary,Q315017,2026-10-04T20:18:24+00:00,false,
20261004T202614Z-fc20c6,Q315017,work_count,openlibrary,172,2026-10-04T20:18:24+00:00,,
20261004T202614Z-fc20c6,Q315147,birth_year,openlibrary,28 August [O.S. 16 August] 1899,2026-10-04T20:18:24+00:00,false,
20261004T202614Z-fc20c6,Q315147,birth_year,wikidata,1899,2026-10-04T19:14:05+00:00,false,
20261004T202614Z-fc20c6,Q315147,canonical_name,wikidata,Andrei Platonov,2026-10-04T19:14:05+00:00,,
20261004T202614Z-fc20c6,Q315147,death_year,openlibrary,5 January 1951,2026-10-04T20:18:24+00:00,false,
20261004T202614Z-fc20c6,Q315147,death_year,wikidata,1951,2026-10-04T19:14:05+00:00,false,
20261004T202614Z-fc20c6,Q315147,nationality,wikidata,Russian Empire; Russian Republic; Russian Socialist Federative Soviet Republic; Soviet Union,2026-10-04T19:14:05+00:00,,
20261004T202614Z-fc20c6,Q315147,open_library_id,wikidata,OL30647A,2026-10-04T19:14:05+00:00,,
20261004T202614Z-fc20c6,Q315147,wikidata_qid,openlibrary,Q315147,2026-10-04T20:18:24+00:00,false,
20261004T202614Z-fc20c6,Q315147,work_count,openlibrary,137,2026-10-04T20:18:24+00:00,,
20261004T202614Z-fc20c6,Q315167,birth_year,openlibrary,1899,2026-10-04T20:18:25+00:00,false,
20261004T202614Z-fc20c6,Q315167,birth_year,wikidata,1899,2026-10-04T19:14:17+00:00,false,
20261004T202614Z-fc20c6,Q315167,canonical_name,wikidata,Lao She,2026-10-04T19:14:17+00:00,,
20261004T202614Z-fc20c6,Q315167,death_year,openlibrary,1966,2026-10-04T20:18:25+00:00,false,
20261004T202614Z-fc20c6,Q315167,death_year,wikidata,1966,2026-10-04T19:14:17+00:00,false,
20261004T202614Z-fc20c6,Q315167,nationality,wikidata,People's Republic of China,2026-10-04T19:14:17+00:00,,
20261004T202614Z-fc20c6,Q315167,open_library_id,wikidata,OL5288692A,2026-10-04T19:14:17+00:00,,
20261004T202614Z-fc20c6,Q315167,wikidata_qid,openlibrary,Q315167,2026-10-04T20:18:25+00:00,false,
20261004T202614Z-fc20c6,Q315167,work_count,openlibrary,66,2026-10-04T20:18:25+00:00,,
20261004T202614Z-fc20c6,Q315362,birth_year,openlibrary,1959,2026-10-04T20:18:25+00:00,false,
20261004T202614Z-fc20c6,Q315362,birth_year,wikidata,1959,2026-10-04T19:13:11+00:00,false,
20261004T202614Z-fc20c6,Q315362,canonical_name,wikidata,Ben Okri,2026-10-04T19:13:11+00:00,,
20261004T202614Z-fc20c6,Q315362,death_year,openlibrary,,2026-10-04T20:18:25+00:00,,not_comparable
20261004T202614Z-fc20c6,Q315362,death_year,wikidata,,2026-10-04T19:13:11+00:00,,not_comparable
20261004T202614Z-fc20c6,Q315362,nationality,wikidata,Nigeria; United Kingdom,2026-10-04T19:13:11+00:00,,
20261004T202614Z-fc20c6,Q315362,open_library_id,wikidata,OL81940A,2026-10-04T19:13:11+00:00,,
20261004T202614Z-fc20c6,Q315362,wikidata_qid,openlibrary,Q315362,2026-10-04T20:18:25+00:00,false,
20261004T202614Z-fc20c6,Q315362,work_count,openlibrary,91,2026-10-04T20:18:25+00:00,,
20261004T202614Z-fc20c6,Q316213,birth_year,openlibrary,24 July 1886,2026-10-04T20:18:27+00:00,false,
20261004T202614Z-fc20c6,Q316213,birth_year,wikidata,1886,2026-10-04T19:14:09+00:00,false,
20261004T202614Z-fc20c6,Q316213,canonical_name,wikidata,Jun'ichirō Tanizaki,2026-10-04T19:14:09+00:00,,
20261004T202614Z-fc20c6,Q316213,death_year,openlibrary,30 July 1965,2026-10-04T20:18:27+00:00,false,
20261004T202614Z-fc20c6,Q316213,death_year,wikidata,1965,2026-10-04T19:14:09+00:00,false,
20261004T202614Z-fc20c6,Q316213,nationality,wikidata,Dai-Nippon Teikoku; Japan,2026-10-04T19:14:09+00:00,,
20261004T202614Z-fc20c6,Q316213,open_library_id,wikidata,OL51998A,2026-10-04T19:14:09+00:00,,
20261004T202614Z-fc20c6,Q316213,wikidata_qid,openlibrary,Q316213,2026-10-04T20:18:27+00:00,false,
20261004T202614Z-fc20c6,Q316213,work_count,openlibrary,258,2026-10-04T20:18:27+00:00,,
20261004T202614Z-fc20c6,Q316327,birth_year,openlibrary,25 November 1845,2026-10-04T20:18:34+00:00,false,
20261004T202614Z-fc20c6,Q316327,birth_year,wikidata,1845,2026-10-04T19:12:02+00:00,false,
20261004T202614Z-fc20c6,Q316327,canonical_name,wikidata,José Maria de Eça de Queirós,2026-10-04T19:12:02+00:00,,
20261004T202614Z-fc20c6,Q316327,death_year,openlibrary,16 August 1900,2026-10-04T20:18:34+00:00,false,
20261004T202614Z-fc20c6,Q316327,death_year,wikidata,1900,2026-10-04T19:12:02+00:00,false,
20261004T202614Z-fc20c6,Q316327,nationality,wikidata,Reino de Portugal,2026-10-04T19:12:02+00:00,,
20261004T202614Z-fc20c6,Q316327,open_library_id,wikidata,OL4768127A; OL1141015A; OL5971237A; OL73090A,2026-10-04T19:12:02+00:00,,
20261004T202614Z-fc20c6,Q316327,wikidata_qid,openlibrary,Q316327,2026-10-04T20:18:34+00:00,false,
20261004T202614Z-fc20c6,Q316327,work_count,openlibrary,166,2026-10-04T20:18:34+00:00,,
20261004T202614Z-fc20c6,Q316607,birth_year,openlibrary,"August 17, 1959",2026-10-04T20:18:28+00:00,false,
20261004T202614Z-fc20c6,Q316607,birth_year,wikidata,1959,2026-10-04T19:13:21+00:00,false,
20261004T202614Z-fc20c6,Q316607,canonical_name,wikidata,Jonathan Franzen,2026-10-04T19:13:21+00:00,,
20261004T202614Z-fc20c6,Q316607,death_year,openlibrary,,2026-10-04T20:18:28+00:00,,not_comparable
20261004T202614Z-fc20c6,Q316607,death_year,wikidata,,2026-10-04T19:13:21+00:00,,not_comparable
20261004T202614Z-fc20c6,Q316607,nationality,wikidata,United States,2026-10-04T19:13:21+00:00,,
20261004T202614Z-fc20c6,Q316607,open_library_id,wikidata,OL764502A,2026-10-04T19:13:21+00:00,,
20261004T202614Z-fc20c6,Q316607,wikidata_qid,openlibrary,Q316607,2026-10-04T20:18:28+00:00,false,
20261004T202614Z-fc20c6,Q316607,work_count,openlibrary,66,2026-10-04T20:18:28+00:00,,
20261004T202614Z-fc20c6,Q316884,birth_year,openlibrary,27 Jul 1939,2026-10-04T20:18:38+00:00,false,
20261004T202614Z-fc20c6,Q316884,birth_year,wikidata,1939,2026-10-04T19:12:07+00:00,false,
20261004T202614Z-fc20c6,Q316884,canonical_name,wikidata,Manuel Vázquez Montalbán,2026-10-04T19:12:07+00:00,,
20261004T202614Z-fc20c6,Q316884,death_year,openlibrary,18 Oct 2003,2026-10-04T20:18:38+00:00,false,
20261004T202614Z-fc20c6,Q316884,death_year,wikidata,2003,2026-10-04T19:12:07+00:00,false,
20261004T202614Z-fc20c6,Q316884,nationality,wikidata,Spain,2026-10-04T19:12:07+00:00,,
20261004T202614Z-fc20c6,Q316884,open_library_id,wikidata,OL6503876A; OL92011A,2026-10-04T19:12:07+00:00,,
20261004T202614Z-fc20c6,Q316884,wikidata_qid,openlibrary,Q316884,2026-10-04T20:18:38+00:00,false,
20261004T202614Z-fc20c6,Q316884,work_count,openlibrary,304,2026-10-04T20:18:38+00:00,,
20261004T202614Z-fc20c6,Q317685,birth_year,openlibrary,19 June 1909,2026-10-04T20:18:39+00:00,false,
20261004T202614Z-fc20c6,Q317685,birth_year,wikidata,1909,2026-10-04T19:14:11+00:00,false,
20261004T202614Z-fc20c6,Q317685,canonical_name,wikidata,Osamu Dazai,2026-10-04T19:14:11+00:00,,
20261004T202614Z-fc20c6,Q317685,death_year,openlibrary,13 June 1948,2026-10-04T20:18:39+00:00,false,
20261004T202614Z-fc20c6,Q317685,death_year,wikidata,1948,2026-10-04T19:14:11+00:00,false,
20261004T202614Z-fc20c6,Q317685,nationality,wikidata,Japan,2026-10-04T19:14:11+00:00,,
20261004T202614Z-fc20c6,Q317685,open_library_id,wikidata,OL6976604A,2026-10-04T19:14:11+00:00,,
20261004T202614Z-fc20c6,Q317685,wikidata_qid,openlibrary,Q317685,2026-10-04T20:18:39+00:00,false,
20261004T202614Z-fc20c6,Q317685,work_count,openlibrary,0,2026-10-04T20:18:39+00:00,,
20261004T202614Z-fc20c6,Q318429,birth_year,openlibrary,"September 3, 1963",2026-10-04T20:18:35+00:00,false,
20261004T202614Z-fc20c6,Q318429,birth_year,wikidata,1963,2026-10-04T19:14:54+00:00,false,
20261004T202614Z-fc20c6,Q318429,canonical_name,wikidata,Malcolm Gladwell,2026-10-04T19:14:54+00:00,,
20261004T202614Z-fc20c6,Q318429,death_year,openlibrary,,2026-10-04T20:18:35+00:00,,not_comparable
20261004T202614Z-fc20c6,Q318429,death_year,wikidata,,2026-10-04T19:14:54+00:00,,not_comparable
20261004T202614Z-fc20c6,Q318429,nationality,wikidata,United Kingdom,2026-10-04T19:14:54+00:00,,
20261004T202614Z-fc20c6,Q318429,open_library_id,wikidata,OL1398754A,2026-10-04T19:14:54+00:00,,
20261004T202614Z-fc20c6,Q318429,wikidata_qid,openlibrary,Q318429,2026-10-04T20:18:35+00:00,false,
20261004T202614Z-fc20c6,Q318429,work_count,openlibrary,65,2026-10-04T20:18:35+00:00,,
20261004T202614Z-fc20c6,Q319820,birth_year,openlibrary,1908,2026-10-04T20:18:36+00:00,false,
20261004T202614Z-fc20c6,Q319820,birth_year,wikidata,1908,2026-10-04T19:12:57+00:00,false,
20261004T202614Z-fc20c6,Q319820,canonical_name,wikidata,Richard Wright,2026-10-04T19:12:57+00:00,,
20261004T202614Z-fc20c6,Q319820,death_year,openlibrary,1960,2026-10-04T20:18:36+00:00,false,
20261004T202614Z-fc20c6,Q319820,death_year,wikidata,1960,2026-10-04T19:12:57+00:00,false,
20261004T202614Z-fc20c6,Q319820,nationality,wikidata,United States,2026-10-04T19:12:57+00:00,,
20261004T202614Z-fc20c6,Q319820,open_library_id,wikidata,OL33621A,2026-10-04T19:12:57+00:00,,
20261004T202614Z-fc20c6,Q319820,wikidata_qid,openlibrary,,2026-10-04T20:18:36+00:00,,not_comparable
20261004T202614Z-fc20c6,Q319820,work_count,openlibrary,112,2026-10-04T20:18:36+00:00,,
20261004T202614Z-fc20c6,Q3243146,birth_year,openlibrary,1971,2026-10-04T20:18:36+00:00,false,
20261004T202614Z-fc20c6,Q3243146,birth_year,wikidata,1971,2026-10-04T19:14:25+00:00,false,
20261004T202614Z-fc20c6,Q3243146,canonical_name,wikidata,Mohsin Hamid,2026-10-04T19:14:25+00:00,,
20261004T202614Z-fc20c6,Q3243146,death_year,openlibrary,,2026-10-04T20:18:36+00:00,,not_comparable
20261004T202614Z-fc20c6,Q3243146,death_year,wikidata,,2026-10-04T19:14:25+00:00,,not_comparable
20261004T202614Z-fc20c6,Q3243146,nationality,wikidata,Pakistan; United Kingdom,2026-10-04T19:14:25+00:00,,
20261004T202614Z-fc20c6,Q3243146,open_library_id,wikidata,OL30582A,2026-10-04T19:14:25+00:00,,
20261004T202614Z-fc20c6,Q3243146,wikidata_qid,openlibrary,Q3243146,2026-10-04T20:18:36+00:00,false,
20261004T202614Z-fc20c6,Q3243146,work_count,openlibrary,34,2026-10-04T20:18:36+00:00,,
20261004T202614Z-fc20c6,Q326935,birth_year,openlibrary,6 February 1925,2026-10-04T20:18:37+00:00,false,
20261004T202614Z-fc20c6,Q326935,birth_year,wikidata,1925,2026-10-04T19:14:41+00:00,false,
20261004T202614Z-fc20c6,Q326935,canonical_name,wikidata,Pramoedya Ananta Toer,2026-10-04T19:14:41+00:00,,
20261004T202614Z-fc20c6,Q326935,death_year,openlibrary,30 April 2006,2026-10-04T20:18:37+00:00,false,
20261004T202614Z-fc20c6,Q326935,death_year,wikidata,2006,2026-10-04T19:14:41+00:00,false,
20261004T202614Z-fc20c6,Q326935,nationality,wikidata,Indonesia,2026-10-04T19:14:41+00:00,,
20261004T202614Z-fc20c6,Q326935,open_library_id,wikidata,OL1637A,2026-10-04T19:14:41+00:00,,
20261004T202614Z-fc20c6,Q326935,wikidata_qid,openlibrary,Q326935,2026-10-04T20:18:37+00:00,false,
20261004T202614Z-fc20c6,Q326935,work_count,openlibrary,150,2026-10-04T20:18:37+00:00,,
20261004T202614Z-fc20c6,Q327142,birth_year,openlibrary,1923,2026-10-04T20:18:37+00:00,false,
20261004T202614Z-fc20c6,Q327142,birth_year,wikidata,1923,2026-10-04T19:13:50+00:00,false,
20261004T202614Z-fc20c6,Q327142,canonical_name,wikidata,Yaşar Kemal,2026-10-04T19:13:50+00:00,,
20261004T202614Z-fc20c6,Q327142,death_year,openlibrary,2015,2026-10-04T20:18:37+00:00,false,
20261004T202614Z-fc20c6,Q327142,death_year,wikidata,2015,2026-10-04T19:13:50+00:00,false,
20261004T202614Z-fc20c6,Q327142,nationality,wikidata,Turkey,2026-10-04T19:13:50+00:00,,
20261004T202614Z-fc20c6,Q327142,open_library_id,wikidata,OL14114A,2026-10-04T19:13:50+00:00,,
20261004T202614Z-fc20c6,Q327142,wikidata_qid,openlibrary,Q327142,2026-10-04T20:18:37+00:00,false,
20261004T202614Z-fc20c6,Q327142,work_count,openlibrary,284,2026-10-04T20:18:37+00:00,,
20261004T202614Z-fc20c6,Q329758,birth_year,openlibrary,19 December 1936,2026-10-04T20:18:39+00:00,false,
20261004T202614Z-fc20c6,Q329758,birth_year,wikidata,1936,2026-10-04T19:14:38+00:00,false,
20261004T202614Z-fc20c6,Q329758,canonical_name,wikidata,A. B. Yehoshua,2026-10-04T19:14:38+00:00,,
20261004T202614Z-fc20c6,Q329758,death_year,openlibrary,14 June 2022,2026-10-04T20:18:39+00:00,false,
20261004T202614Z-fc20c6,Q329758,death_year,wikidata,2022,2026-10-04T19:14:38+00:00,false,
20261004T202614Z-fc20c6,Q329758,nationality,wikidata,Israel,2026-10-04T19:14:38+00:00,,
20261004T202614Z-fc20c6,Q329758,open_library_id,wikidata,OL170744A,2026-10-04T19:14:38+00:00,,
20261004T202614Z-fc20c6,Q329758,wikidata_qid,openlibrary,Q329758,2026-10-04T20:18:39+00:00,false,
20261004T202614Z-fc20c6,Q329758,work_count,openlibrary,147,2026-10-04T20:18:39+00:00,,
20261004T202614Z-fc20c6,Q3323486,birth_year,openlibrary,1917,2026-10-04T20:18:40+00:00,false,
20261004T202614Z-fc20c6,Q3323486,birth_year,wikidata,1917,2026-10-04T19:15:10+00:00,false,
20261004T202614Z-fc20c6,Q3323486,canonical_name,wikidata,Gloria Fuertes,2026-10-04T19:15:10+00:00,,
20261004T202614Z-fc20c6,Q3323486,death_year,openlibrary,1998,2026-10-04T20:18:40+00:00,false,
20261004T202614Z-fc20c6,Q3323486,death_year,wikidata,1998,2026-10-04T19:15:10+00:00,false,
20261004T202614Z-fc20c6,Q3323486,nationality,wikidata,Spain,2026-10-04T19:15:10+00:00,,
20261004T202614Z-fc20c6,Q3323486,open_library_id,wikidata,OL191655A,2026-10-04T19:15:10+00:00,,
20261004T202614Z-fc20c6,Q3323486,wikidata_qid,openlibrary,Q3323486,2026-10-04T20:18:40+00:00,false,
20261004T202614Z-fc20c6,Q3323486,work_count,openlibrary,165,2026-10-04T20:18:40+00:00,,
20261004T202614Z-fc20c6,Q3335,birth_year,openlibrary,25 June 1903,2026-10-04T20:18:44+00:00,false,
20261004T202614Z-fc20c6,Q3335,birth_year,wikidata,1903,2026-10-04T19:12:25+00:00,false,
20261004T202614Z-fc20c6,Q3335,canonical_name,wikidata,George Orwell,2026-10-04T19:12:25+00:00,,
20261004T202614Z-fc20c6,Q3335,death_year,openlibrary,21 January 1950,2026-10-04T20:18:44+00:00,false,
20261004T202614Z-fc20c6,Q3335,death_year,wikidata,1950,2026-10-04T19:12:25+00:00,false,
20261004T202614Z-fc20c6,Q3335,nationality,wikidata,United Kingdom; United Kingdom of Great Britain and Ireland,2026-10-04T19:12:25+00:00,,
20261004T202614Z-fc20c6,Q3335,open_library_id,wikidata,OL118077A,2026-10-04T19:12:25+00:00,,
20261004T202614Z-fc20c6,Q3335,wikidata_qid,openlibrary,Q3335,2026-10-04T20:18:44+00:00,false,
20261004T202614Z-fc20c6,Q3335,work_count,openlibrary,634,2026-10-04T20:18:44+00:00,,
20261004T202614Z-fc20c6,Q333521,birth_year,openlibrary,11 September 1960,2026-10-04T20:18:47+00:00,false,
20261004T202614Z-fc20c6,Q333521,birth_year,wikidata,1960,2026-10-04T19:14:55+00:00,false,
20261004T202614Z-fc20c6,Q333521,canonical_name,wikidata,Nassim Nicholas Taleb,2026-10-04T19:14:55+00:00,,
20261004T202614Z-fc20c6,Q333521,death_year,openlibrary,,2026-10-04T20:18:47+00:00,,not_comparable
20261004T202614Z-fc20c6,Q333521,death_year,wikidata,,2026-10-04T19:14:55+00:00,,not_comparable
20261004T202614Z-fc20c6,Q333521,nationality,wikidata,Lebanon; United States,2026-10-04T19:14:55+00:00,,
20261004T202614Z-fc20c6,Q333521,open_library_id,wikidata,OL538956A; OL9583912A,2026-10-04T19:14:55+00:00,,
20261004T202614Z-fc20c6,Q333521,wikidata_qid,openlibrary,Q333521,2026-10-04T20:18:47+00:00,false,
20261004T202614Z-fc20c6,Q333521,work_count,openlibrary,64,2026-10-04T20:18:47+00:00,,
20261004T202614Z-fc20c6,Q333849,birth_year,openlibrary,1942,2026-10-04T20:18:47+00:00,false,
20261004T202614Z-fc20c6,Q333849,birth_year,wikidata,1942,2026-10-04T19:12:02+00:00,false,
20261004T202614Z-fc20c6,Q333849,canonical_name,wikidata,António Lobo Antunes,2026-10-04T19:12:02+00:00,,
20261004T202614Z-fc20c6,Q333849,death_year,openlibrary,2026,2026-10-04T20:18:47+00:00,false,
20261004T202614Z-fc20c6,Q333849,death_year,wikidata,2026,2026-10-04T19:12:02+00:00,false,
20261004T202614Z-fc20c6,Q333849,nationality,wikidata,Portugal,2026-10-04T19:12:02+00:00,,
20261004T202614Z-fc20c6,Q333849,open_library_id,wikidata,OL2703312A; OL4570914A,2026-10-04T19:12:02+00:00,,
20261004T202614Z-fc20c6,Q333849,wikidata_qid,openlibrary,Q333849,2026-10-04T20:18:47+00:00,false,
20261004T202614Z-fc20c6,Q333849,work_count,openlibrary,151,2026-10-04T20:18:47+00:00,,
20261004T202614Z-fc20c6,Q334252,birth_year,openlibrary,10 October 1906,2026-10-04T20:18:48+00:00,false,
20261004T202614Z-fc20c6,Q334252,birth_year,wikidata,1906,2026-10-04T19:14:19+00:00,false,
20261004T202614Z-fc20c6,Q334252,canonical_name,wikidata,R. K. Narayan,2026-10-04T19:14:19+00:00,,
20261004T202614Z-fc20c6,Q334252,death_year,openlibrary,13 May 2001,2026-10-04T20:18:48+00:00,false,
20261004T202614Z-fc20c6,Q334252,death_year,wikidata,2001,2026-10-04T19:14:19+00:00,false,
20261004T202614Z-fc20c6,Q334252,nationality,wikidata,British Raj; Dominion of India; India,2026-10-04T19:14:19+00:00,,
20261004T202614Z-fc20c6,Q334252,open_library_id,wikidata,OL5911201A,2026-10-04T19:14:19+00:00,,
20261004T202614Z-fc20c6,Q334252,wikidata_qid,openlibrary,Q334252,2026-10-04T20:18:48+00:00,false,
20261004T202614Z-fc20c6,Q334252,work_count,openlibrary,263,2026-10-04T20:18:48+00:00,,
20261004T202614Z-fc20c6,Q334711,birth_year,openlibrary,1539,2026-10-04T20:18:48+00:00,false,
20261004T202614Z-fc20c6,Q334711,birth_year,wikidata,1539,2026-10-04T19:12:14+00:00,false,
20261004T202614Z-fc20c6,Q334711,canonical_name,wikidata,Inca Garcilaso de la Vega,2026-10-04T19:12:14+00:00,,
20261004T202614Z-fc20c6,Q334711,death_year,openlibrary,1616,2026-10-04T20:18:48+00:00,false,
20261004T202614Z-fc20c6,Q334711,death_year,wikidata,1616,2026-10-04T19:12:14+00:00,false,
20261004T202614Z-fc20c6,Q334711,nationality,wikidata,Spanish Empire,2026-10-04T19:12:14+00:00,,
20261004T202614Z-fc20c6,Q334711,open_library_id,wikidata,OL150223A,2026-10-04T19:12:14+00:00,,
20261004T202614Z-fc20c6,Q334711,wikidata_qid,openlibrary,Q334711,2026-10-04T20:18:48+00:00,false,
20261004T202614Z-fc20c6,Q334711,work_count,openlibrary,128,2026-10-04T20:18:48+00:00,,
20261004T202614Z-fc20c6,Q336125,birth_year,openlibrary,1956,2026-10-04T20:18:49+00:00,false,
20261004T202614Z-fc20c6,Q336125,birth_year,wikidata,1956,2026-10-04T19:14:21+00:00,false,
20261004T202614Z-fc20c6,Q336125,canonical_name,wikidata,Amitav Ghosh,2026-10-04T19:14:21+00:00,,
20261004T202614Z-fc20c6,Q336125,death_year,openlibrary,,2026-10-04T20:18:49+00:00,,not_comparable
20261004T202614Z-fc20c6,Q336125,death_year,wikidata,,2026-10-04T19:14:21+00:00,,not_comparable
20261004T202614Z-fc20c6,Q336125,nationality,wikidata,India,2026-10-04T19:14:21+00:00,,
20261004T202614Z-fc20c6,Q336125,open_library_id,wikidata,OL105306A,2026-10-04T19:14:21+00:00,,
20261004T202614Z-fc20c6,Q336125,wikidata_qid,openlibrary,Q336125,2026-10-04T20:18:49+00:00,false,
20261004T202614Z-fc20c6,Q336125,work_count,openlibrary,38,2026-10-04T20:18:49+00:00,,
20261004T202614Z-fc20c6,Q33977,birth_year,openlibrary,8 February 1828,2026-10-04T20:18:49+00:00,false,
20261004T202614Z-fc20c6,Q33977,birth_year,wikidata,1828,2026-10-04T19:13:22+00:00,false,
20261004T202614Z-fc20c6,Q33977,canonical_name,wikidata,Jules Verne,2026-10-04T19:13:22+00:00,,
20261004T202614Z-fc20c6,Q33977,death_year,openlibrary,24 March 1905,2026-10-04T20:18:49+00:00,false,
20261004T202614Z-fc20c6,Q33977,death_year,wikidata,1905,2026-10-04T19:13:22+00:00,false,
20261004T202614Z-fc20c6,Q33977,nationality,wikidata,France,2026-10-04T19:13:22+00:00,,
20261004T202614Z-fc20c6,Q33977,open_library_id,wikidata,OL113611A; OL7484846A,2026-10-04T19:13:22+00:00,,
20261004T202614Z-fc20c6,Q33977,wikidata_qid,openlibrary,Q33977,2026-10-04T20:18:49+00:00,false,
20261004T202614Z-fc20c6,Q33977,work_count,openlibrary,11565,2026-10-04T20:18:49+00:00,,
20261004T202614Z-fc20c6,Q34189,birth_year,openlibrary,12 July 1904,2026-10-04T20:09:39+00:00,false,
20261004T202614Z-fc20c6,Q34189,birth_year,wikidata,1904,2026-10-04T19:11:52+00:00,false,
20261004T202614Z-fc20c6,Q34189,canonical_name,wikidata,Pablo Neruda,2026-10-04T19:11:52+00:00,,
20261004T202614Z-fc20c6,Q34189,death_year,openlibrary,23 September 1973,2026-10-04T20:09:39+00:00,false,
20261004T202614Z-fc20c6,Q34189,death_year,wikidata,1973,2026-10-04T19:11:52+00:00,false,
20261004T202614Z-fc20c6,Q34189,nationality,wikidata,Chile,2026-10-04T19:11:52+00:00,,
20261004T202614Z-fc20c6,Q34189,open_library_id,wikidata,OL89930A,2026-10-04T19:11:52+00:00,,
20261004T202614Z-fc20c6,Q34189,wikidata_qid,openlibrary,Q34189,2026-10-04T20:09:39+00:00,false,
20261004T202614Z-fc20c6,Q34189,work_count,openlibrary,664,2026-10-04T20:09:39+00:00,,
20261004T202614Z-fc20c6,Q34660,birth_year,openlibrary,31 July 1965,2026-10-04T20:18:51+00:00,false,
20261004T202614Z-fc20c6,Q34660,birth_year,wikidata,1965,2026-10-04T19:12:25+00:00,false,
20261004T202614Z-fc20c6,Q34660,canonical_name,wikidata,J. K. Rowling,2026-10-04T19:12:25+00:00,,
20261004T202614Z-fc20c6,Q34660,death_year,openlibrary,,2026-10-04T20:18:51+00:00,,not_comparable
20261004T202614Z-fc20c6,Q34660,death_year,wikidata,,2026-10-04T19:12:25+00:00,,not_comparable
20261004T202614Z-fc20c6,Q34660,nationality,wikidata,United Kingdom,2026-10-04T19:12:25+00:00,,
20261004T202614Z-fc20c6,Q34660,open_library_id,wikidata,OL23919A,2026-10-04T19:12:25+00:00,,
20261004T202614Z-fc20c6,Q34660,wikidata_qid,openlibrary,Q34660,2026-10-04T20:18:51+00:00,false,
20261004T202614Z-fc20c6,Q34660,work_count,openlibrary,418,2026-10-04T20:18:51+00:00,,
20261004T202614Z-fc20c6,Q34670,birth_year,openlibrary,7 November 1913,2026-10-04T20:18:51+00:00,false,
20261004T202614Z-fc20c6,Q34670,birth_year,wikidata,1913,2026-10-04T19:13:18+00:00,false,
20261004T202614Z-fc20c6,Q34670,canonical_name,wikidata,Albert Camus,2026-10-04T19:13:18+00:00,,
20261004T202614Z-fc20c6,Q34670,death_year,openlibrary,4 January 1960,2026-10-04T20:18:51+00:00,false,
20261004T202614Z-fc20c6,Q34670,death_year,wikidata,1960,2026-10-04T19:13:18+00:00,false,
20261004T202614Z-fc20c6,Q34670,nationality,wikidata,France,2026-10-04T19:13:18+00:00,,
20261004T202614Z-fc20c6,Q34670,open_library_id,wikidata,OL124171A,2026-10-04T19:13:18+00:00,,
20261004T202614Z-fc20c6,Q34670,wikidata_qid,openlibrary,Q34670,2026-10-04T20:18:51+00:00,false,
20261004T202614Z-fc20c6,Q34670,work_count,openlibrary,520,2026-10-04T20:18:51+00:00,,
20261004T202614Z-fc20c6,Q34743,birth_year,openlibrary,30 December 1865,2026-10-04T20:18:52+00:00,false,
20261004T202614Z-fc20c6,Q34743,birth_year,wikidata,1865,2026-10-04T19:12:52+00:00,false,
20261004T202614Z-fc20c6,Q34743,canonical_name,wikidata,Rudyard Kipling,2026-10-04T19:12:52+00:00,,
20261004T202614Z-fc20c6,Q34743,death_year,openlibrary,18 January 1936,2026-10-04T20:18:52+00:00,false,
20261004T202614Z-fc20c6,Q34743,death_year,wikidata,1936,2026-10-04T19:12:52+00:00,false,
20261004T202614Z-fc20c6,Q34743,nationality,wikidata,United Kingdom; United Kingdom of Great Britain and Ireland,2026-10-04T19:12:52+00:00,,
20261004T202614Z-fc20c6,Q34743,open_library_id,wikidata,OL24461A,2026-10-04T19:12:52+00:00,,
20261004T202614Z-fc20c6,Q34743,wikidata_qid,openlibrary,Q34743,2026-10-04T20:18:52+00:00,false,
20261004T202614Z-fc20c6,Q34743,work_count,openlibrary,4562,2026-10-04T20:18:52+00:00,,
20261004T202614Z-fc20c6,Q34970,birth_year,openlibrary,1885,2026-10-04T20:19:02+00:00,false,
20261004T202614Z-fc20c6,Q34970,birth_year,wikidata,1885,2026-10-04T19:12:52+00:00,false,
20261004T202614Z-fc20c6,Q34970,canonical_name,wikidata,D. H. Lawrence,2026-10-04T19:12:52+00:00,,
20261004T202614Z-fc20c6,Q34970,death_year,openlibrary,1930,2026-10-04T20:19:02+00:00,false,
20261004T202614Z-fc20c6,Q34970,death_year,wikidata,1930,2026-10-04T19:12:52+00:00,false,
20261004T202614Z-fc20c6,Q34970,nationality,wikidata,United Kingdom,2026-10-04T19:12:52+00:00,,
20261004T202614Z-fc20c6,Q34970,open_library_id,wikidata,OL1188596A; OL19964A,2026-10-04T19:12:52+00:00,,
20261004T202614Z-fc20c6,Q34970,wikidata_qid,openlibrary,Q34970,2026-10-04T20:19:02+00:00,false,
20261004T202614Z-fc20c6,Q34970,work_count,openlibrary,3881,2026-10-04T20:19:02+00:00,,
20261004T202614Z-fc20c6,Q34981,birth_year,openlibrary,2 January 1920,2026-10-04T20:18:56+00:00,false,
20261004T202614Z-fc20c6,Q34981,birth_year,wikidata,1920,2026-10-04T19:13:01+00:00,false,
20261004T202614Z-fc20c6,Q34981,canonical_name,wikidata,Isaac Asimov,2026-10-04T19:13:01+00:00,,
20261004T202614Z-fc20c6,Q34981,death_year,openlibrary,6 April 1992,2026-10-04T20:18:56+00:00,false,
20261004T202614Z-fc20c6,Q34981,death_year,wikidata,1992,2026-10-04T19:13:01+00:00,false,
20261004T202614Z-fc20c6,Q34981,nationality,wikidata,Russian Socialist Federative Soviet Republic; United States,2026-10-04T19:13:01+00:00,,
20261004T202614Z-fc20c6,Q34981,open_library_id,wikidata,OL34221A,2026-10-04T19:13:01+00:00,,
20261004T202614Z-fc20c6,Q34981,wikidata_qid,openlibrary,Q34981,2026-10-04T20:18:56+00:00,false,
20261004T202614Z-fc20c6,Q34981,work_count,openlibrary,1476,2026-10-04T20:18:56+00:00,,
20261004T202614Z-fc20c6,Q35064,birth_year,openlibrary,15 September 1890,2026-10-04T20:19:00+00:00,false,
20261004T202614Z-fc20c6,Q35064,birth_year,wikidata,1890,2026-10-04T19:12:28+00:00,false,
20261004T202614Z-fc20c6,Q35064,canonical_name,wikidata,Agatha Christie,2026-10-04T19:12:28+00:00,,
20261004T202614Z-fc20c6,Q35064,death_year,openlibrary,12 January 1976,2026-10-04T20:19:00+00:00,false,
20261004T202614Z-fc20c6,Q35064,death_year,wikidata,1976,2026-10-04T19:12:28+00:00,false,
20261004T202614Z-fc20c6,Q35064,nationality,wikidata,United Kingdom; United Kingdom of Great Britain and Ireland,2026-10-04T19:12:28+00:00,,
20261004T202614Z-fc20c6,Q35064,open_library_id,wikidata,OL27695A,2026-10-04T19:12:28+00:00,,
20261004T202614Z-fc20c6,Q35064,wikidata_qid,openlibrary,Q35064,2026-10-04T20:19:00+00:00,false,
20261004T202614Z-fc20c6,Q35064,work_count,openlibrary,1251,2026-10-04T20:19:00+00:00,,
20261004T202614Z-fc20c6,Q35155,birth_year,openlibrary,"May 8, 1937",2026-10-04T20:19:06+00:00,false,
20261004T202614Z-fc20c6,Q35155,birth_year,wikidata,1937,2026-10-04T19:13:14+00:00,false,
20261004T202614Z-fc20c6,Q35155,canonical_name,wikidata,Thomas Pynchon,2026-10-04T19:13:14+00:00,,
20261004T202614Z-fc20c6,Q35155,death_year,openlibrary,,2026-10-04T20:19:06+00:00,,not_comparable
20261004T202614Z-fc20c6,Q35155,death_year,wikidata,,2026-10-04T19:13:14+00:00,,not_comparable
20261004T202614Z-fc20c6,Q35155,nationality,wikidata,United States,2026-10-04T19:13:14+00:00,,
20261004T202614Z-fc20c6,Q35155,open_library_id,wikidata,OL4423376A,2026-10-04T19:13:14+00:00,,
20261004T202614Z-fc20c6,Q35155,wikidata_qid,openlibrary,Q35155,2026-10-04T20:19:06+00:00,false,
20261004T202614Z-fc20c6,Q35155,work_count,openlibrary,0,2026-10-04T20:19:06+00:00,,
20261004T202614Z-fc20c6,Q3547747,birth_year,openlibrary,,2026-10-04T20:19:01+00:00,,not_comparable
20261004T202614Z-fc20c6,Q3547747,birth_year,wikidata,1945,2026-10-04T19:14:44+00:00,,not_comparable
20261004T202614Z-fc20c6,Q3547747,canonical_name,wikidata,Lualhati Bautista,2026-10-04T19:14:44+00:00,,
20261004T202614Z-fc20c6,Q3547747,death_year,openlibrary,,2026-10-04T20:19:01+00:00,,not_comparable
20261004T202614Z-fc20c6,Q3547747,death_year,wikidata,2023,2026-10-04T19:14:44+00:00,,not_comparable
20261004T202614Z-fc20c6,Q3547747,nationality,wikidata,Philippines,2026-10-04T19:14:44+00:00,,
20261004T202614Z-fc20c6,Q3547747,open_library_id,wikidata,OL314158A,2026-10-04T19:14:44+00:00,,
20261004T202614Z-fc20c6,Q3547747,wikidata_qid,openlibrary,Q3547747,2026-10-04T20:19:01+00:00,false,
20261004T202614Z-fc20c6,Q3547747,work_count,openlibrary,22,2026-10-04T20:19:01+00:00,,
20261004T202614Z-fc20c6,Q35610,birth_year,openlibrary,1859-05-22,2026-10-04T20:19:09+00:00,false,
20261004T202614Z-fc20c6,Q35610,birth_year,wikidata,1859,2026-10-04T19:12:42+00:00,false,
20261004T202614Z-fc20c6,Q35610,canonical_name,wikidata,Arthur Conan Doyle,2026-10-04T19:12:42+00:00,,
20261004T202614Z-fc20c6,Q35610,death_year,openlibrary,1930-07-07,2026-10-04T20:19:09+00:00,false,
20261004T202614Z-fc20c6,Q35610,death_year,wikidata,1930,2026-10-04T19:12:42+00:00,false,
20261004T202614Z-fc20c6,Q35610,nationality,wikidata,United Kingdom; United Kingdom of Great Britain and Ireland,2026-10-04T19:12:42+00:00,,
20261004T202614Z-fc20c6,Q35610,open_library_id,wikidata,OL2623297A; OL161167A,2026-10-04T19:12:42+00:00,,
20261004T202614Z-fc20c6,Q35610,wikidata_qid,openlibrary,Q35610,2026-10-04T20:19:09+00:00,false,
20261004T202614Z-fc20c6,Q35610,work_count,openlibrary,9217,2026-10-04T20:19:09+00:00,,
20261004T202614Z-fc20c6,Q356546,birth_year,openlibrary,2 Jun 1903,2026-10-04T20:19:03+00:00,false,
20261004T202614Z-fc20c6,Q356546,birth_year,wikidata,1903,2026-10-04T19:12:10+00:00,false,
20261004T202614Z-fc20c6,Q356546,canonical_name,wikidata,Max Aub,2026-10-04T19:12:10+00:00,,
20261004T202614Z-fc20c6,Q356546,death_year,openlibrary,22 Jul 1972,2026-10-04T20:19:03+00:00,false,
20261004T202614Z-fc20c6,Q356546,death_year,wikidata,1972,2026-10-04T19:12:10+00:00,false,
20261004T202614Z-fc20c6,Q356546,nationality,wikidata,France; Germany; Mexico; Spain,2026-10-04T19:12:10+00:00,,
20261004T202614Z-fc20c6,Q356546,open_library_id,wikidata,OL121699A,2026-10-04T19:12:10+00:00,,
20261004T202614Z-fc20c6,Q356546,wikidata_qid,openlibrary,Q356546,2026-10-04T20:19:03+00:00,false,
20261004T202614Z-fc20c6,Q356546,work_count,openlibrary,139,2026-10-04T20:19:03+00:00,,
20261004T202614Z-fc20c6,Q35900,birth_year,openlibrary,18 May 1048,2026-10-04T20:19:04+00:00,false,
20261004T202614Z-fc20c6,Q35900,birth_year,wikidata,1048,2026-10-04T19:14:33+00:00,false,
20261004T202614Z-fc20c6,Q35900,canonical_name,wikidata,Omar Khayyám,2026-10-04T19:14:33+00:00,,
20261004T202614Z-fc20c6,Q35900,death_year,openlibrary,4 December 1131,2026-10-04T20:19:04+00:00,false,
20261004T202614Z-fc20c6,Q35900,death_year,wikidata,1131,2026-10-04T19:14:33+00:00,false,
20261004T202614Z-fc20c6,Q35900,nationality,wikidata,Seljuk Empire,2026-10-04T19:14:33+00:00,,
20261004T202614Z-fc20c6,Q35900,open_library_id,wikidata,OL92800A,2026-10-04T19:14:33+00:00,,
20261004T202614Z-fc20c6,Q35900,wikidata_qid,openlibrary,Q35900,2026-10-04T20:19:04+00:00,false,
20261004T202614Z-fc20c6,Q35900,work_count,openlibrary,641,2026-10-04T20:19:04+00:00,,
20261004T202614Z-fc20c6,Q360832,birth_year,openlibrary,1914,2026-10-04T20:19:08+00:00,false,
20261004T202614Z-fc20c6,Q360832,birth_year,wikidata,1914,2026-10-04T19:12:21+00:00,false,
20261004T202614Z-fc20c6,Q360832,canonical_name,wikidata,Nicanor Parra,2026-10-04T19:12:21+00:00,,
20261004T202614Z-fc20c6,Q360832,death_year,openlibrary,),2026-10-04T20:19:08+00:00,,not_comparable
20261004T202614Z-fc20c6,Q360832,death_year,wikidata,2018,2026-10-04T19:12:21+00:00,,not_comparable
20261004T202614Z-fc20c6,Q360832,nationality,wikidata,Chile,2026-10-04T19:12:21+00:00,,
20261004T202614Z-fc20c6,Q360832,open_library_id,wikidata,OL199135A,2026-10-04T19:12:21+00:00,,
20261004T202614Z-fc20c6,Q360832,wikidata_qid,openlibrary,Q360832,2026-10-04T20:19:08+00:00,false,
20261004T202614Z-fc20c6,Q360832,work_count,openlibrary,74,2026-10-04T20:19:08+00:00,,
20261004T202614Z-fc20c6,Q361257,birth_year,openlibrary,1930-09-25,2026-10-04T20:19:11+00:00,false,
20261004T202614Z-fc20c6,Q361257,birth_year,wikidata,1930,2026-10-04T19:15:07+00:00,false,
20261004T202614Z-fc20c6,Q361257,canonical_name,wikidata,Shel Silverstein,2026-10-04T19:15:07+00:00,,
20261004T202614Z-fc20c6,Q361257,death_year,openlibrary,1999-05-10,2026-10-04T20:19:11+00:00,false,
20261004T202614Z-fc20c6,Q361257,death_year,wikidata,1999,2026-10-04T19:15:07+00:00,false,
20261004T202614Z-fc20c6,Q361257,nationality,wikidata,United States,2026-10-04T19:15:07+00:00,,
20261004T202614Z-fc20c6,Q361257,open_library_id,wikidata,OL548174A,2026-10-04T19:15:07+00:00,,
20261004T202614Z-fc20c6,Q361257,wikidata_qid,openlibrary,Q361257,2026-10-04T20:19:11+00:00,false,
20261004T202614Z-fc20c6,Q361257,work_count,openlibrary,48,2026-10-04T20:19:11+00:00,,
20261004T202614Z-fc20c6,Q36184,birth_year,openlibrary,1847,2026-10-04T20:19:11+00:00,false,
20261004T202614Z-fc20c6,Q36184,birth_year,wikidata,1847,2026-10-04T19:12:44+00:00,false,
20261004T202614Z-fc20c6,Q36184,canonical_name,wikidata,Bram Stoker,2026-10-04T19:12:44+00:00,,
20261004T202614Z-fc20c6,Q36184,death_year,openlibrary,1912,2026-10-04T20:19:11+00:00,false,
20261004T202614Z-fc20c6,Q36184,death_year,wikidata,1912,2026-10-04T19:12:44+00:00,false,
20261004T202614Z-fc20c6,Q36184,nationality,wikidata,Ireland; United Kingdom of Great Britain and Ireland,2026-10-04T19:12:44+00:00,,
20261004T202614Z-fc20c6,Q36184,open_library_id,wikidata,OL31727A,2026-10-04T19:12:44+00:00,,
20261004T202614Z-fc20c6,Q36184,wikidata_qid,openlibrary,Q36184,2026-10-04T20:19:11+00:00,false,
20261004T202614Z-fc20c6,Q36184,work_count,openlibrary,815,2026-10-04T20:19:11+00:00,,
20261004T202614Z-fc20c6,Q36322,birth_year,openlibrary,"December 16, 1775",2026-10-04T20:19:12+00:00,false,
20261004T202614Z-fc20c6,Q36322,birth_year,wikidata,1775,2026-10-04T19:12:26+00:00,false,
20261004T202614Z-fc20c6,Q36322,canonical_name,wikidata,Jane Austen,2026-10-04T19:12:26+00:00,,
20261004T202614Z-fc20c6,Q36322,death_year,openlibrary,"July 18, 1817",2026-10-04T20:19:12+00:00,false,
20261004T202614Z-fc20c6,Q36322,death_year,wikidata,1817,2026-10-04T19:12:26+00:00,false,
20261004T202614Z-fc20c6,Q36322,nationality,wikidata,United Kingdom of Great Britain and Ireland,2026-10-04T19:12:26+00:00,,
20261004T202614Z-fc20c6,Q36322,open_library_id,wikidata,OL21594A,2026-10-04T19:12:26+00:00,,
20261004T202614Z-fc20c6,Q36322,wikidata_qid,openlibrary,Q36322,2026-10-04T20:19:12+00:00,false,
20261004T202614Z-fc20c6,Q36322,work_count,openlibrary,2231,2026-10-04T20:19:12+00:00,,
20261004T202614Z-fc20c6,Q363927,birth_year,openlibrary,1960,2026-10-04T20:19:13+00:00,false,
20261004T202614Z-fc20c6,Q363927,birth_year,wikidata,1960,2026-10-04T19:12:04+00:00,false,
20261004T202614Z-fc20c6,Q363927,canonical_name,wikidata,José Eduardo Agualusa,2026-10-04T19:12:04+00:00,,
20261004T202614Z-fc20c6,Q363927,death_year,openlibrary,,2026-10-04T20:19:13+00:00,,not_comparable
20261004T202614Z-fc20c6,Q363927,death_year,wikidata,,2026-10-04T19:12:04+00:00,,not_comparable
20261004T202614Z-fc20c6,Q363927,nationality,wikidata,Angola,2026-10-04T19:12:04+00:00,,
20261004T202614Z-fc20c6,Q363927,open_library_id,wikidata,OL355897A,2026-10-04T19:12:04+00:00,,
20261004T202614Z-fc20c6,Q363927,wikidata_qid,openlibrary,Q363927,2026-10-04T20:19:13+00:00,false,
20261004T202614Z-fc20c6,Q363927,work_count,openlibrary,36,2026-10-04T20:19:13+00:00,,
20261004T202614Z-fc20c6,Q365423,birth_year,openlibrary,16 March 1825,2026-10-04T20:19:13+00:00,false,
20261004T202614Z-fc20c6,Q365423,birth_year,wikidata,1825,2026-10-04T19:12:02+00:00,false,
20261004T202614Z-fc20c6,Q365423,canonical_name,wikidata,Camilo Castelo Branco,2026-10-04T19:12:02+00:00,,
20261004T202614Z-fc20c6,Q365423,death_year,openlibrary,1 junho 1890,2026-10-04T20:19:13+00:00,false,
20261004T202614Z-fc20c6,Q365423,death_year,wikidata,1890,2026-10-04T19:12:02+00:00,false,
20261004T202614Z-fc20c6,Q365423,nationality,wikidata,Reino de Portugal,2026-10-04T19:12:02+00:00,,
20261004T202614Z-fc20c6,Q365423,open_library_id,wikidata,OL125798A,2026-10-04T19:12:02+00:00,,
20261004T202614Z-fc20c6,Q365423,wikidata_qid,openlibrary,Q365423,2026-10-04T20:19:13+00:00,false,
20261004T202614Z-fc20c6,Q365423,work_count,openlibrary,481,2026-10-04T20:19:13+00:00,,
20261004T202614Z-fc20c6,Q36661,birth_year,openlibrary,20 March 1828,2026-10-04T20:19:15+00:00,false,
20261004T202614Z-fc20c6,Q36661,birth_year,wikidata,1828,2026-10-04T19:13:58+00:00,false,
20261004T202614Z-fc20c6,Q36661,canonical_name,wikidata,Henrik Ibsen,2026-10-04T19:13:58+00:00,,
20261004T202614Z-fc20c6,Q36661,death_year,openlibrary,23 May 1906,2026-10-04T20:19:15+00:00,false,
20261004T202614Z-fc20c6,Q36661,death_year,wikidata,1906,2026-10-04T19:13:58+00:00,false,
20261004T202614Z-fc20c6,Q36661,nationality,wikidata,Norway,2026-10-04T19:13:58+00:00,,
20261004T202614Z-fc20c6,Q36661,open_library_id,wikidata,OL13192A; OL10605998A,2026-10-04T19:13:58+00:00,,
20261004T202614Z-fc20c6,Q36661,wikidata_qid,openlibrary,Q36661,2026-10-04T20:19:15+00:00,false,
20261004T202614Z-fc20c6,Q36661,work_count,openlibrary,1868,2026-10-04T20:19:15+00:00,,
20261004T202614Z-fc20c6,Q368127,birth_year,openlibrary,1943,2026-10-04T20:19:16+00:00,false,
20261004T202614Z-fc20c6,Q368127,birth_year,wikidata,1943,2026-10-04T19:13:44+00:00,false,
20261004T202614Z-fc20c6,Q368127,canonical_name,wikidata,Elena Ferrante,2026-10-04T19:13:44+00:00,,
20261004T202614Z-fc20c6,Q368127,death_year,openlibrary,,2026-10-04T20:19:16+00:00,,not_comparable
20261004T202614Z-fc20c6,Q368127,death_year,wikidata,,2026-10-04T19:13:44+00:00,,not_comparable
20261004T202614Z-fc20c6,Q368127,nationality,wikidata,Italy,2026-10-04T19:13:44+00:00,,
20261004T202614Z-fc20c6,Q368127,open_library_id,wikidata,OL3105889A,2026-10-04T19:13:44+00:00,,
20261004T202614Z-fc20c6,Q368127,wikidata_qid,openlibrary,Q368127,2026-10-04T20:19:16+00:00,false,
20261004T202614Z-fc20c6,Q368127,work_count,openlibrary,42,2026-10-04T20:19:16+00:00,,
20261004T202614Z-fc20c6,Q36951,birth_year,openlibrary,1900-04-11,2026-10-04T20:19:22+00:00,false,
20261004T202614Z-fc20c6,Q36951,birth_year,wikidata,1900,2026-10-04T19:14:03+00:00,false,
20261004T202614Z-fc20c6,Q36951,canonical_name,wikidata,Sándor Márai,2026-10-04T19:14:03+00:00,,
20261004T202614Z-fc20c6,Q36951,death_year,openlibrary,1989-02-21,2026-10-04T20:19:22+00:00,false,
20261004T202614Z-fc20c6,Q36951,death_year,wikidata,1989,2026-10-04T19:14:03+00:00,false,
20261004T202614Z-fc20c6,Q36951,nationality,wikidata,Hungary,2026-10-04T19:14:03+00:00,,
20261004T202614Z-fc20c6,Q36951,open_library_id,wikidata,OL5255907A; OL2659564A,2026-10-04T19:14:03+00:00,,
20261004T202614Z-fc20c6,Q36951,wikidata_qid,openlibrary,Q36951,2026-10-04T20:19:22+00:00,false,
20261004T202614Z-fc20c6,Q36951,work_count,openlibrary,319,2026-10-04T20:19:22+00:00,,
20261004T202614Z-fc20c6,Q369696,birth_year,openlibrary,1936-04-08,2026-10-04T20:19:24+00:00,false,
20261004T202614Z-fc20c6,Q369696,birth_year,wikidata,1936,2026-10-04T19:14:30+00:00,false,
20261004T202614Z-fc20c6,Q369696,canonical_name,wikidata,Ghassan Kanafani,2026-10-04T19:14:30+00:00,,
20261004T202614Z-fc20c6,Q369696,death_year,openlibrary,1972-07-08,2026-10-04T20:19:24+00:00,false,
20261004T202614Z-fc20c6,Q369696,death_year,wikidata,1972,2026-10-04T19:14:30+00:00,false,
20261004T202614Z-fc20c6,Q369696,nationality,wikidata,Mandatory Palestine; Palestine,2026-10-04T19:14:30+00:00,,
20261004T202614Z-fc20c6,Q369696,open_library_id,wikidata,OL5240081A,2026-10-04T19:14:30+00:00,,
20261004T202614Z-fc20c6,Q369696,wikidata_qid,openlibrary,Q369696,2026-10-04T20:19:24+00:00,false,
20261004T202614Z-fc20c6,Q369696,work_count,openlibrary,0,2026-10-04T20:19:24+00:00,,
20261004T202614Z-fc20c6,Q37030,birth_year,openlibrary,6 June 1875,2026-10-04T20:19:20+00:00,false,
20261004T202614Z-fc20c6,Q37030,birth_year,wikidata,1875,2026-10-04T19:13:32+00:00,false,
20261004T202614Z-fc20c6,Q37030,canonical_name,wikidata,Thomas Mann,2026-10-04T19:13:32+00:00,,
20261004T202614Z-fc20c6,Q37030,death_year,openlibrary,12 August 1955,2026-10-04T20:19:20+00:00,false,
20261004T202614Z-fc20c6,Q37030,death_year,wikidata,1955,2026-10-04T19:13:32+00:00,false,
20261004T202614Z-fc20c6,Q37030,nationality,wikidata,Czechoslovakia; Deutsches Reich; United States,2026-10-04T19:13:32+00:00,,
20261004T202614Z-fc20c6,Q37030,open_library_id,wikidata,OL22973A,2026-10-04T19:13:32+00:00,,
20261004T202614Z-fc20c6,Q37030,wikidata_qid,openlibrary,Q37030,2026-10-04T20:19:20+00:00,false,
20261004T202614Z-fc20c6,Q37030,work_count,openlibrary,1509,2026-10-04T20:19:20+00:00,,
20261004T202614Z-fc20c6,Q37060,birth_year,openlibrary,16 November 1922,2026-10-04T20:09:42+00:00,false,
20261004T202614Z-fc20c6,Q37060,birth_year,wikidata,1922,2026-10-04T19:11:50+00:00,false,
20261004T202614Z-fc20c6,Q37060,canonical_name,wikidata,José Saramago,2026-10-04T19:11:50+00:00,,
20261004T202614Z-fc20c6,Q37060,death_year,openlibrary,18 June 2010,2026-10-04T20:09:42+00:00,false,
20261004T202614Z-fc20c6,Q37060,death_year,wikidata,2010,2026-10-04T19:11:50+00:00,false,
20261004T202614Z-fc20c6,Q37060,nationality,wikidata,Portugal,2026-10-04T19:11:50+00:00,,
20261004T202614Z-fc20c6,Q37060,open_library_id,wikidata,OL3112635A,2026-10-04T19:11:50+00:00,,
20261004T202614Z-fc20c6,Q37060,wikidata_qid,openlibrary,Q37060,2026-10-04T20:09:42+00:00,false,
20261004T202614Z-fc20c6,Q37060,work_count,openlibrary,688,2026-10-04T20:09:42+00:00,,
20261004T202614Z-fc20c6,Q37151,birth_year,openlibrary,6th cent. B.C.,2026-10-04T20:19:20+00:00,,not_comparable
20261004T202614Z-fc20c6,Q37151,birth_year,wikidata,-544,2026-10-04T19:14:59+00:00,,not_comparable
20261004T202614Z-fc20c6,Q37151,canonical_name,wikidata,Sun Tzu,2026-10-04T19:14:59+00:00,,
20261004T202614Z-fc20c6,Q37151,death_year,openlibrary,,2026-10-04T20:19:20+00:00,,not_comparable
20261004T202614Z-fc20c6,Q37151,death_year,wikidata,-496,2026-10-04T19:14:59+00:00,,not_comparable
20261004T202614Z-fc20c6,Q37151,nationality,wikidata,Qi; Wu,2026-10-04T19:14:59+00:00,,
20261004T202614Z-fc20c6,Q37151,open_library_id,wikidata,OL30553A; OL3690509A,2026-10-04T19:14:59+00:00,,
20261004T202614Z-fc20c6,Q37151,wikidata_qid,openlibrary,Q37151,2026-10-04T20:19:20+00:00,false,
20261004T202614Z-fc20c6,Q37151,work_count,openlibrary,328,2026-10-04T20:19:20+00:00,,
20261004T202614Z-fc20c6,Q372313,birth_year,openlibrary,1948,2026-10-04T20:19:23+00:00,false,
20261004T202614Z-fc20c6,Q372313,birth_year,wikidata,1948,2026-10-04T19:12:06+00:00,false,
20261004T202614Z-fc20c6,Q372313,canonical_name,wikidata,Enrique Vila-Matas,2026-10-04T19:12:06+00:00,,
20261004T202614Z-fc20c6,Q372313,death_year,openlibrary,,2026-10-04T20:19:23+00:00,,not_comparable
20261004T202614Z-fc20c6,Q372313,death_year,wikidata,,2026-10-04T19:12:06+00:00,,not_comparable
20261004T202614Z-fc20c6,Q372313,nationality,wikidata,Spain,2026-10-04T19:12:06+00:00,,
20261004T202614Z-fc20c6,Q372313,open_library_id,wikidata,OL263895A,2026-10-04T19:12:06+00:00,,
20261004T202614Z-fc20c6,Q372313,wikidata_qid,openlibrary,Q372313,2026-10-04T20:19:23+00:00,false,
20261004T202614Z-fc20c6,Q372313,work_count,openlibrary,91,2026-10-04T20:19:23+00:00,,
20261004T202614Z-fc20c6,Q377623,birth_year,openlibrary,1834,2026-10-04T20:19:23+00:00,false,
20261004T202614Z-fc20c6,Q377623,birth_year,wikidata,1834,2026-10-04T19:12:20+00:00,false,
20261004T202614Z-fc20c6,Q377623,canonical_name,wikidata,José Hernández,2026-10-04T19:12:20+00:00,,
20261004T202614Z-fc20c6,Q377623,death_year,openlibrary,1886,2026-10-04T20:19:23+00:00,false,
20261004T202614Z-fc20c6,Q377623,death_year,wikidata,1886,2026-10-04T19:12:20+00:00,false,
20261004T202614Z-fc20c6,Q377623,nationality,wikidata,Argentina,2026-10-04T19:12:20+00:00,,
20261004T202614Z-fc20c6,Q377623,open_library_id,wikidata,OL4280830A,2026-10-04T19:12:20+00:00,,
20261004T202614Z-fc20c6,Q377623,wikidata_qid,openlibrary,Q377623,2026-10-04T20:19:23+00:00,false,
20261004T202614Z-fc20c6,Q377623,work_count,openlibrary,54,2026-10-04T20:19:23+00:00,,
20261004T202614Z-fc20c6,Q37767,birth_year,openlibrary,26 September 1888,2026-10-04T20:19:24+00:00,false,
20261004T202614Z-fc20c6,Q37767,birth_year,wikidata,1888,2026-10-04T19:12:53+00:00,false,
20261004T202614Z-fc20c6,Q37767,canonical_name,wikidata,T. S. Eliot,2026-10-04T19:12:53+00:00,,
20261004T202614Z-fc20c6,Q37767,death_year,openlibrary,4 January 1965,2026-10-04T20:19:24+00:00,false,
20261004T202614Z-fc20c6,Q37767,death_year,wikidata,1965,2026-10-04T19:12:53+00:00,false,
20261004T202614Z-fc20c6,Q37767,nationality,wikidata,United Kingdom; United States,2026-10-04T19:12:53+00:00,,
20261004T202614Z-fc20c6,Q37767,open_library_id,wikidata,OL116256A,2026-10-04T19:12:53+00:00,,
20261004T202614Z-fc20c6,Q37767,wikidata_qid,openlibrary,Q37767,2026-10-04T20:19:24+00:00,false,
20261004T202614Z-fc20c6,Q37767,work_count,openlibrary,1171,2026-10-04T20:19:24+00:00,,
20261004T202614Z-fc20c6,Q378882,birth_year,openlibrary,1967-08-20,2026-10-04T20:19:25+00:00,false,
20261004T202614Z-fc20c6,Q378882,birth_year,wikidata,1967,2026-10-04T19:14:38+00:00,false,
20261004T202614Z-fc20c6,Q378882,canonical_name,wikidata,Etgar Keret,2026-10-04T19:14:38+00:00,,
20261004T202614Z-fc20c6,Q378882,death_year,openlibrary,,2026-10-04T20:19:25+00:00,,not_comparable
20261004T202614Z-fc20c6,Q378882,death_year,wikidata,,2026-10-04T19:14:38+00:00,,not_comparable
20261004T202614Z-fc20c6,Q378882,nationality,wikidata,Israel; Poland,2026-10-04T19:14:38+00:00,,
20261004T202614Z-fc20c6,Q378882,open_library_id,wikidata,OL1435450A,2026-10-04T19:14:38+00:00,,
20261004T202614Z-fc20c6,Q378882,wikidata_qid,openlibrary,Q378882,2026-10-04T20:19:25+00:00,false,
20261004T202614Z-fc20c6,Q378882,work_count,openlibrary,100,2026-10-04T20:19:25+00:00,,
20261004T202614Z-fc20c6,Q379520,birth_year,openlibrary,1960,2026-10-04T20:19:31+00:00,false,
20261004T202614Z-fc20c6,Q379520,birth_year,wikidata,1960,2026-10-04T19:14:17+00:00,false,
20261004T202614Z-fc20c6,Q379520,canonical_name,wikidata,Yu Hua,2026-10-04T19:14:17+00:00,,
20261004T202614Z-fc20c6,Q379520,death_year,openlibrary,,2026-10-04T20:19:31+00:00,,not_comparable
20261004T202614Z-fc20c6,Q379520,death_year,wikidata,,2026-10-04T19:14:17+00:00,,not_comparable
20261004T202614Z-fc20c6,Q379520,nationality,wikidata,People's Republic of China,2026-10-04T19:14:17+00:00,,
20261004T202614Z-fc20c6,Q379520,open_library_id,wikidata,OL2675313A,2026-10-04T19:14:17+00:00,,
20261004T202614Z-fc20c6,Q379520,wikidata_qid,openlibrary,Q379520,2026-10-04T20:19:31+00:00,false,
20261004T202614Z-fc20c6,Q379520,work_count,openlibrary,0,2026-10-04T20:19:31+00:00,,
20261004T202614Z-fc20c6,Q379762,birth_year,openlibrary,20 June 1952,2026-10-04T20:19:27+00:00,false,
20261004T202614Z-fc20c6,Q379762,birth_year,wikidata,1952,2026-10-04T19:14:21+00:00,false,
20261004T202614Z-fc20c6,Q379762,canonical_name,wikidata,Vikram Seth,2026-10-04T19:14:21+00:00,,
20261004T202614Z-fc20c6,Q379762,death_year,openlibrary,,2026-10-04T20:19:27+00:00,,not_comparable
20261004T202614Z-fc20c6,Q379762,death_year,wikidata,,2026-10-04T19:14:21+00:00,,not_comparable
20261004T202614Z-fc20c6,Q379762,nationality,wikidata,India,2026-10-04T19:14:21+00:00,,
20261004T202614Z-fc20c6,Q379762,open_library_id,wikidata,OL22665A,2026-10-04T19:14:21+00:00,,
20261004T202614Z-fc20c6,Q379762,wikidata_qid,openlibrary,Q379762,2026-10-04T20:19:27+00:00,false,
20261004T202614Z-fc20c6,Q379762,work_count,openlibrary,107,2026-10-04T20:19:27+00:00,,
20261004T202614Z-fc20c6,Q38049,birth_year,openlibrary,17 August 1953,2026-10-04T20:19:28+00:00,false,
20261004T202614Z-fc20c6,Q38049,birth_year,wikidata,1953,2026-10-04T19:13:37+00:00,false,
20261004T202614Z-fc20c6,Q38049,canonical_name,wikidata,Herta Müller,2026-10-04T19:13:37+00:00,,
20261004T202614Z-fc20c6,Q38049,death_year,openlibrary,,2026-10-04T20:19:28+00:00,,not_comparable
20261004T202614Z-fc20c6,Q38049,death_year,wikidata,,2026-10-04T19:13:37+00:00,,not_comparable
20261004T202614Z-fc20c6,Q38049,nationality,wikidata,Germany; Romania,2026-10-04T19:13:37+00:00,,
20261004T202614Z-fc20c6,Q38049,open_library_id,wikidata,OL3325335A,2026-10-04T19:13:37+00:00,,
20261004T202614Z-fc20c6,Q38049,wikidata_qid,openlibrary,Q38049,2026-10-04T20:19:28+00:00,false,
20261004T202614Z-fc20c6,Q38049,work_count,openlibrary,53,2026-10-04T20:19:28+00:00,,
20261004T202614Z-fc20c6,Q380787,birth_year,openlibrary,1930,2026-10-04T20:19:32+00:00,false,
20261004T202614Z-fc20c6,Q380787,birth_year,wikidata,1930,2026-10-04T19:14:31+00:00,false,
20261004T202614Z-fc20c6,Q380787,canonical_name,wikidata,Adunis,2026-10-04T19:14:31+00:00,,
20261004T202614Z-fc20c6,Q380787,death_year,openlibrary,,2026-10-04T20:19:32+00:00,,not_comparable
20261004T202614Z-fc20c6,Q380787,death_year,wikidata,,2026-10-04T19:14:31+00:00,,not_comparable
20261004T202614Z-fc20c6,Q380787,nationality,wikidata,Alawite State; First Syrian Republic; France; Lebanon; Second Syrian Republic; Syria,2026-10-04T19:14:31+00:00,,
20261004T202614Z-fc20c6,Q380787,open_library_id,wikidata,OL176262A,2026-10-04T19:14:31+00:00,,
20261004T202614Z-fc20c6,Q380787,wikidata_qid,openlibrary,,2026-10-04T20:19:32+00:00,,not_comparable
20261004T202614Z-fc20c6,Q380787,work_count,openlibrary,151,2026-10-04T20:19:32+00:00,,
20261004T202614Z-fc20c6,Q38082,birth_year,openlibrary,"January 27, 1832",2026-10-04T20:19:35+00:00,false,
20261004T202614Z-fc20c6,Q38082,birth_year,wikidata,1832,2026-10-04T19:12:29+00:00,false,
20261004T202614Z-fc20c6,Q38082,canonical_name,wikidata,Lewis Carroll,2026-10-04T19:12:29+00:00,,
20261004T202614Z-fc20c6,Q38082,death_year,openlibrary,"January 14, 1898",2026-10-04T20:19:35+00:00,false,
20261004T202614Z-fc20c6,Q38082,death_year,wikidata,1898,2026-10-04T19:12:29+00:00,false,
20261004T202614Z-fc20c6,Q38082,nationality,wikidata,United Kingdom of Great Britain and Ireland,2026-10-04T19:12:29+00:00,,
20261004T202614Z-fc20c6,Q38082,open_library_id,wikidata,OL22098A,2026-10-04T19:12:29+00:00,,
20261004T202614Z-fc20c6,Q38082,wikidata_qid,openlibrary,Q38082,2026-10-04T20:19:35+00:00,false,
20261004T202614Z-fc20c6,Q38082,work_count,openlibrary,2682,2026-10-04T20:19:35+00:00,,
20261004T202614Z-fc20c6,Q382101,birth_year,openlibrary,5 July 1955,2026-10-04T20:19:35+00:00,false,
20261004T202614Z-fc20c6,Q382101,birth_year,wikidata,1955,2026-10-04T19:12:03+00:00,false,
20261004T202614Z-fc20c6,Q382101,canonical_name,wikidata,Mia Couto,2026-10-04T19:12:03+00:00,,
20261004T202614Z-fc20c6,Q382101,death_year,openlibrary,,2026-10-04T20:19:35+00:00,,not_comparable
20261004T202614Z-fc20c6,Q382101,death_year,wikidata,,2026-10-04T19:12:03+00:00,,not_comparable
20261004T202614Z-fc20c6,Q382101,nationality,wikidata,Mozambique,2026-10-04T19:12:03+00:00,,
20261004T202614Z-fc20c6,Q382101,open_library_id,wikidata,OL85528A,2026-10-04T19:12:03+00:00,,
20261004T202614Z-fc20c6,Q382101,wikidata_qid,openlibrary,Q382101,2026-10-04T20:19:35+00:00,false,
20261004T202614Z-fc20c6,Q382101,work_count,openlibrary,100,2026-10-04T20:19:35+00:00,,
20261004T202614Z-fc20c6,Q38392,birth_year,openlibrary,25 September 1897,2026-10-04T20:19:36+00:00,false,
20261004T202614Z-fc20c6,Q38392,birth_year,wikidata,1897,2026-10-04T19:12:54+00:00,false,
20261004T202614Z-fc20c6,Q38392,canonical_name,wikidata,William Faulkner,2026-10-04T19:12:54+00:00,,
20261004T202614Z-fc20c6,Q38392,death_year,openlibrary,6 July 1962,2026-10-04T20:19:36+00:00,false,
20261004T202614Z-fc20c6,Q38392,death_year,wikidata,1962,2026-10-04T19:12:54+00:00,false,
20261004T202614Z-fc20c6,Q38392,nationality,wikidata,United States,2026-10-04T19:12:54+00:00,,
20261004T202614Z-fc20c6,Q38392,open_library_id,wikidata,OL21831A,2026-10-04T19:12:54+00:00,,
20261004T202614Z-fc20c6,Q38392,wikidata_qid,openlibrary,Q38392,2026-10-04T20:19:36+00:00,false,
20261004T202614Z-fc20c6,Q38392,work_count,openlibrary,1058,2026-10-04T20:19:36+00:00,,
20261004T202614Z-fc20c6,Q384293,birth_year,openlibrary,1963,2026-10-04T20:19:36+00:00,false,
20261004T202614Z-fc20c6,Q384293,birth_year,wikidata,1963,2026-10-04T19:14:13+00:00,false,
20261004T202614Z-fc20c6,Q384293,canonical_name,wikidata,Shin Kyung-sook,2026-10-04T19:14:13+00:00,,
20261004T202614Z-fc20c6,Q384293,death_year,openlibrary,,2026-10-04T20:19:36+00:00,,not_comparable
20261004T202614Z-fc20c6,Q384293,death_year,wikidata,,2026-10-04T19:14:13+00:00,,not_comparable
20261004T202614Z-fc20c6,Q384293,nationality,wikidata,South Korea,2026-10-04T19:14:13+00:00,,
20261004T202614Z-fc20c6,Q384293,open_library_id,wikidata,OL4057169A,2026-10-04T19:14:13+00:00,,
20261004T202614Z-fc20c6,Q384293,wikidata_qid,openlibrary,,2026-10-04T20:19:36+00:00,,not_comparable
20261004T202614Z-fc20c6,Q384293,work_count,openlibrary,46,2026-10-04T20:19:36+00:00,,
20261004T202614Z-fc20c6,Q389454,birth_year,openlibrary,1953,2026-10-04T20:19:37+00:00,false,
20261004T202614Z-fc20c6,Q389454,birth_year,wikidata,1953,2026-10-04T19:14:46+00:00,false,
20261004T202614Z-fc20c6,Q389454,canonical_name,wikidata,Ma Jian,2026-10-04T19:14:46+00:00,,
20261004T202614Z-fc20c6,Q389454,death_year,openlibrary,,2026-10-04T20:19:37+00:00,,not_comparable
20261004T202614Z-fc20c6,Q389454,death_year,wikidata,,2026-10-04T19:14:46+00:00,,not_comparable
20261004T202614Z-fc20c6,Q389454,nationality,wikidata,United Kingdom,2026-10-04T19:14:46+00:00,,
20261004T202614Z-fc20c6,Q389454,open_library_id,wikidata,OL4707037A,2026-10-04T19:14:46+00:00,,
20261004T202614Z-fc20c6,Q389454,wikidata_qid,openlibrary,,2026-10-04T20:19:37+00:00,,not_comparable
20261004T202614Z-fc20c6,Q389454,work_count,openlibrary,20,2026-10-04T20:19:37+00:00,,
20261004T202614Z-fc20c6,Q39212,birth_year,openlibrary,27 February 1902,2026-10-04T20:19:39+00:00,false,
20261004T202614Z-fc20c6,Q39212,birth_year,wikidata,1902,2026-10-04T19:12:55+00:00,false,
20261004T202614Z-fc20c6,Q39212,canonical_name,wikidata,John Steinbeck,2026-10-04T19:12:55+00:00,,
20261004T202614Z-fc20c6,Q39212,death_year,openlibrary,20 December 1968,2026-10-04T20:19:39+00:00,false,
20261004T202614Z-fc20c6,Q39212,death_year,wikidata,1968,2026-10-04T19:12:55+00:00,false,
20261004T202614Z-fc20c6,Q39212,nationality,wikidata,United States,2026-10-04T19:12:55+00:00,,
20261004T202614Z-fc20c6,Q39212,open_library_id,wikidata,OL25788A,2026-10-04T19:12:55+00:00,,
20261004T202614Z-fc20c6,Q39212,wikidata_qid,openlibrary,Q39212,2026-10-04T20:19:39+00:00,false,
20261004T202614Z-fc20c6,Q39212,work_count,openlibrary,321,2026-10-04T20:19:39+00:00,,
20261004T202614Z-fc20c6,Q39803,birth_year,openlibrary,28 March 1936,2026-10-04T20:09:43+00:00,false,
20261004T202614Z-fc20c6,Q39803,birth_year,wikidata,1936,2026-10-04T19:11:45+00:00,false,
20261004T202614Z-fc20c6,Q39803,canonical_name,wikidata,Mario Vargas Llosa,2026-10-04T19:11:45+00:00,,
20261004T202614Z-fc20c6,Q39803,death_year,openlibrary,13 April 2025,2026-10-04T20:09:43+00:00,false,
20261004T202614Z-fc20c6,Q39803,death_year,wikidata,2025,2026-10-04T19:11:45+00:00,false,
20261004T202614Z-fc20c6,Q39803,nationality,wikidata,Dominican Republic; Peru; Spain,2026-10-04T19:11:45+00:00,,
20261004T202614Z-fc20c6,Q39803,open_library_id,wikidata,OL74490A,2026-10-04T19:11:45+00:00,,
20261004T202614Z-fc20c6,Q39803,wikidata_qid,openlibrary,Q39803,2026-10-04T20:09:43+00:00,false,
20261004T202614Z-fc20c6,Q39803,work_count,openlibrary,358,2026-10-04T20:09:43+00:00,,
20261004T202614Z-fc20c6,Q39829,birth_year,openlibrary,21 September 1947,2026-10-04T20:19:46+00:00,false,
20261004T202614Z-fc20c6,Q39829,birth_year,wikidata,1947,2026-10-04T19:12:28+00:00,false,
20261004T202614Z-fc20c6,Q39829,canonical_name,wikidata,Stephen King,2026-10-04T19:12:28+00:00,,
20261004T202614Z-fc20c6,Q39829,death_year,openlibrary,,2026-10-04T20:19:46+00:00,,not_comparable
20261004T202614Z-fc20c6,Q39829,death_year,wikidata,,2026-10-04T19:12:28+00:00,,not_comparable
20261004T202614Z-fc20c6,Q39829,nationality,wikidata,United States,2026-10-04T19:12:28+00:00,,
20261004T202614Z-fc20c6,Q39829,open_library_id,wikidata,OL2162284A; OL19981A; OL7829287A; OL3932255A,2026-10-04T19:12:28+00:00,,
20261004T202614Z-fc20c6,Q39829,wikidata_qid,openlibrary,Q39829,2026-10-04T20:19:46+00:00,false,
20261004T202614Z-fc20c6,Q39829,work_count,openlibrary,629,2026-10-04T20:19:46+00:00,,
20261004T202614Z-fc20c6,Q401875,birth_year,openlibrary,,2026-10-04T20:19:40+00:00,,not_comparable
20261004T202614Z-fc20c6,Q401875,birth_year,wikidata,1901,2026-10-04T19:14:36+00:00,,not_comparable
20261004T202614Z-fc20c6,Q401875,canonical_name,wikidata,Ahmet Hamdi Tanpınar,2026-10-04T19:14:36+00:00,,
20261004T202614Z-fc20c6,Q401875,death_year,openlibrary,,2026-10-04T20:19:40+00:00,,not_comparable
20261004T202614Z-fc20c6,Q401875,death_year,wikidata,1962,2026-10-04T19:14:36+00:00,,not_comparable
20261004T202614Z-fc20c6,Q401875,nationality,wikidata,Ottoman Empire; Turkey,2026-10-04T19:14:36+00:00,,
20261004T202614Z-fc20c6,Q401875,open_library_id,wikidata,OL96888A,2026-10-04T19:14:36+00:00,,
20261004T202614Z-fc20c6,Q401875,wikidata_qid,openlibrary,,2026-10-04T20:19:40+00:00,,not_comparable
20261004T202614Z-fc20c6,Q401875,work_count,openlibrary,53,2026-10-04T20:19:40+00:00,,
20261004T202614Z-fc20c6,Q40213,birth_year,openlibrary,1865,2026-10-04T20:19:40+00:00,false,
20261004T202614Z-fc20c6,Q40213,birth_year,wikidata,1865,2026-10-04T19:12:52+00:00,false,
20261004T202614Z-fc20c6,Q40213,canonical_name,wikidata,William Butler Yeats,2026-10-04T19:12:52+00:00,,
20261004T202614Z-fc20c6,Q40213,death_year,openlibrary,1939,2026-10-04T20:19:40+00:00,false,
20261004T202614Z-fc20c6,Q40213,death_year,wikidata,1939,2026-10-04T19:12:52+00:00,false,
20261004T202614Z-fc20c6,Q40213,nationality,wikidata,Irish Free State,2026-10-04T19:12:52+00:00,,
20261004T202614Z-fc20c6,Q40213,open_library_id,wikidata,OL21207A,2026-10-04T19:12:52+00:00,,
20261004T202614Z-fc20c6,Q40213,wikidata_qid,openlibrary,Q40213,2026-10-04T20:19:40+00:00,false,
20261004T202614Z-fc20c6,Q40213,work_count,openlibrary,1206,2026-10-04T20:19:40+00:00,,
20261004T202614Z-fc20c6,Q40640,birth_year,openlibrary,22 August 1920,2026-10-04T20:19:43+00:00,false,
20261004T202614Z-fc20c6,Q40640,birth_year,wikidata,1920,2026-10-04T19:12:59+00:00,false,
20261004T202614Z-fc20c6,Q40640,canonical_name,wikidata,Ray Bradbury,2026-10-04T19:12:59+00:00,,
20261004T202614Z-fc20c6,Q40640,death_year,openlibrary,5 June 2012,2026-10-04T20:19:43+00:00,false,
20261004T202614Z-fc20c6,Q40640,death_year,wikidata,2012,2026-10-04T19:12:59+00:00,false,
20261004T202614Z-fc20c6,Q40640,nationality,wikidata,United States,2026-10-04T19:12:59+00:00,,
20261004T202614Z-fc20c6,Q40640,open_library_id,wikidata,OL24137A,2026-10-04T19:12:59+00:00,,
20261004T202614Z-fc20c6,Q40640,wikidata_qid,openlibrary,Q40640,2026-10-04T20:19:43+00:00,false,
20261004T202614Z-fc20c6,Q40640,work_count,openlibrary,816,2026-10-04T20:19:43+00:00,,
20261004T202614Z-fc20c6,Q40826,birth_year,openlibrary,1859,2026-10-04T20:19:44+00:00,false,
20261004T202614Z-fc20c6,Q40826,birth_year,wikidata,1859,2026-10-04T19:13:58+00:00,false,
20261004T202614Z-fc20c6,Q40826,canonical_name,wikidata,Knut Hamsun,2026-10-04T19:13:58+00:00,,
20261004T202614Z-fc20c6,Q40826,death_year,openlibrary,1952,2026-10-04T20:19:44+00:00,false,
20261004T202614Z-fc20c6,Q40826,death_year,wikidata,1952,2026-10-04T19:13:58+00:00,false,
20261004T202614Z-fc20c6,Q40826,nationality,wikidata,Norway,2026-10-04T19:13:58+00:00,,
20261004T202614Z-fc20c6,Q40826,open_library_id,wikidata,OL41785A,2026-10-04T19:13:58+00:00,,
20261004T202614Z-fc20c6,Q40826,wikidata_qid,openlibrary,Q40826,2026-10-04T20:19:44+00:00,false,
20261004T202614Z-fc20c6,Q40826,work_count,openlibrary,297,2026-10-04T20:19:44+00:00,,
20261004T202614Z-fc20c6,Q40874,birth_year,openlibrary,1919,2026-10-04T20:19:56+00:00,false,
20261004T202614Z-fc20c6,Q40874,birth_year,wikidata,1919,2026-10-04T19:13:08+00:00,false,
20261004T202614Z-fc20c6,Q40874,canonical_name,wikidata,Doris Lessing,2026-10-04T19:13:08+00:00,,
20261004T202614Z-fc20c6,Q40874,death_year,openlibrary,17 November 2013,2026-10-04T20:19:56+00:00,false,
20261004T202614Z-fc20c6,Q40874,death_year,wikidata,2013,2026-10-04T19:13:08+00:00,false,
20261004T202614Z-fc20c6,Q40874,nationality,wikidata,United Kingdom; United Kingdom of Great Britain and Ireland,2026-10-04T19:13:08+00:00,,
20261004T202614Z-fc20c6,Q40874,open_library_id,wikidata,OL4356353A; OL1138045A; OL27709A,2026-10-04T19:13:08+00:00,,
20261004T202614Z-fc20c6,Q40874,wikidata_qid,openlibrary,Q40874,2026-10-04T20:19:56+00:00,false,
20261004T202614Z-fc20c6,Q40874,work_count,openlibrary,322,2026-10-04T20:19:56+00:00,,
20261004T202614Z-fc20c6,Q40909,birth_year,openlibrary,25 January 1882,2026-10-04T20:19:47+00:00,false,
20261004T202614Z-fc20c6,Q40909,birth_year,wikidata,1882,2026-10-04T19:12:28+00:00,false,
20261004T202614Z-fc20c6,Q40909,canonical_name,wikidata,Virginia Woolf,2026-10-04T19:12:28+00:00,,
20261004T202614Z-fc20c6,Q40909,death_year,openlibrary,28 March 1941,2026-10-04T20:19:47+00:00,false,
20261004T202614Z-fc20c6,Q40909,death_year,wikidata,1941,2026-10-04T19:12:28+00:00,false,
20261004T202614Z-fc20c6,Q40909,nationality,wikidata,United Kingdom; United Kingdom of Great Britain and Ireland,2026-10-04T19:12:28+00:00,,
20261004T202614Z-fc20c6,Q40909,open_library_id,wikidata,OL19450A,2026-10-04T19:12:28+00:00,,
20261004T202614Z-fc20c6,Q40909,wikidata_qid,openlibrary,Q40909,2026-10-04T20:19:47+00:00,false,
20261004T202614Z-fc20c6,Q40909,work_count,openlibrary,2017,2026-10-04T20:19:47+00:00,,
20261004T202614Z-fc20c6,Q40939,birth_year,openlibrary,c. 525 BC,2026-10-04T20:19:47+00:00,,not_comparable
20261004T202614Z-fc20c6,Q40939,birth_year,wikidata,-525,2026-10-04T19:13:53+00:00,,not_comparable
20261004T202614Z-fc20c6,Q40939,canonical_name,wikidata,Aeschylus,2026-10-04T19:13:53+00:00,,
20261004T202614Z-fc20c6,Q40939,death_year,openlibrary,c. 456 BC,2026-10-04T20:19:47+00:00,,not_comparable
20261004T202614Z-fc20c6,Q40939,death_year,wikidata,-456,2026-10-04T19:13:53+00:00,,not_comparable
20261004T202614Z-fc20c6,Q40939,nationality,wikidata,Classical Athens,2026-10-04T19:13:53+00:00,,
20261004T202614Z-fc20c6,Q40939,open_library_id,wikidata,OL74434A,2026-10-04T19:13:53+00:00,,
20261004T202614Z-fc20c6,Q40939,wikidata_qid,openlibrary,Q40939,2026-10-04T20:19:47+00:00,false,
20261004T202614Z-fc20c6,Q40939,work_count,openlibrary,1033,2026-10-04T20:19:47+00:00,,
20261004T202614Z-fc20c6,Q40946,birth_year,openlibrary,1660,2026-10-04T20:19:48+00:00,false,
20261004T202614Z-fc20c6,Q40946,birth_year,wikidata,1660,2026-10-04T19:12:32+00:00,false,
20261004T202614Z-fc20c6,Q40946,canonical_name,wikidata,Daniel Defoe,2026-10-04T19:12:32+00:00,,
20261004T202614Z-fc20c6,Q40946,death_year,openlibrary,24 April 1731,2026-10-04T20:19:48+00:00,false,
20261004T202614Z-fc20c6,Q40946,death_year,wikidata,1731,2026-10-04T19:12:32+00:00,false,
20261004T202614Z-fc20c6,Q40946,nationality,wikidata,Kingdom of England; Kingdom of Great Britain; United Kingdom,2026-10-04T19:12:32+00:00,,
20261004T202614Z-fc20c6,Q40946,open_library_id,wikidata,OL18283A; OL2728497A,2026-10-04T19:12:32+00:00,,
20261004T202614Z-fc20c6,Q40946,wikidata_qid,openlibrary,Q40946,2026-10-04T20:19:48+00:00,false,
20261004T202614Z-fc20c6,Q40946,work_count,openlibrary,3178,2026-10-04T20:19:48+00:00,,
20261004T202614Z-fc20c6,Q410,birth_year,openlibrary,9 November 1934,2026-10-04T20:19:48+00:00,false,
20261004T202614Z-fc20c6,Q410,birth_year,wikidata,1934,2026-10-04T19:14:53+00:00,false,
20261004T202614Z-fc20c6,Q410,canonical_name,wikidata,Carl Sagan,2026-10-04T19:14:53+00:00,,
20261004T202614Z-fc20c6,Q410,death_year,openlibrary,20 December 1996,2026-10-04T20:19:48+00:00,false,
20261004T202614Z-fc20c6,Q410,death_year,wikidata,1996,2026-10-04T19:14:53+00:00,false,
20261004T202614Z-fc20c6,Q410,nationality,wikidata,United States,2026-10-04T19:14:53+00:00,,
20261004T202614Z-fc20c6,Q410,open_library_id,wikidata,OL450295A,2026-10-04T19:14:53+00:00,,
20261004T202614Z-fc20c6,Q410,wikidata_qid,openlibrary,Q410,2026-10-04T20:19:48+00:00,false,
20261004T202614Z-fc20c6,Q410,work_count,openlibrary,68,2026-10-04T20:19:48+00:00,,
20261004T202614Z-fc20c6,Q4115654,birth_year,wikidata,1950,2026-10-04T19:14:29+00:00,,
20261004T202614Z-fc20c6,Q4115654,canonical_name,wikidata,Ahdaf Soueif,2026-10-04T19:14:29+00:00,,
20261004T202614Z-fc20c6,Q4115654,death_year,wikidata,,2026-10-04T19:14:29+00:00,,
20261004T202614Z-fc20c6,Q4115654,nationality,wikidata,Egypt,2026-10-04T19:14:29+00:00,,
20261004T202614Z-fc20c6,Q41166,birth_year,openlibrary,30 November 1667,2026-10-04T20:19:49+00:00,false,
20261004T202614Z-fc20c6,Q41166,birth_year,wikidata,1667,2026-10-04T19:12:32+00:00,false,
20261004T202614Z-fc20c6,Q41166,canonical_name,wikidata,Jonathan Swift,2026-10-04T19:12:32+00:00,,
20261004T202614Z-fc20c6,Q41166,death_year,openlibrary,19 October 1745,2026-10-04T20:19:49+00:00,false,
20261004T202614Z-fc20c6,Q41166,death_year,wikidata,1745,2026-10-04T19:12:32+00:00,false,
20261004T202614Z-fc20c6,Q41166,nationality,wikidata,Ireland; Kingdom of Ireland,2026-10-04T19:12:32+00:00,,
20261004T202614Z-fc20c6,Q41166,open_library_id,wikidata,OL24522A,2026-10-04T19:12:32+00:00,,
20261004T202614Z-fc20c6,Q41166,wikidata_qid,openlibrary,Q41166,2026-10-04T20:19:49+00:00,false,
20261004T202614Z-fc20c6,Q41166,work_count,openlibrary,2398,2026-10-04T20:19:49+00:00,,
20261004T202614Z-fc20c6,Q41408,birth_year,openlibrary,5 June 1898,2026-10-04T20:09:47+00:00,false,
20261004T202614Z-fc20c6,Q41408,birth_year,wikidata,1898,2026-10-04T19:11:46+00:00,false,
20261004T202614Z-fc20c6,Q41408,canonical_name,wikidata,Federico García Lorca,2026-10-04T19:11:46+00:00,,
20261004T202614Z-fc20c6,Q41408,death_year,openlibrary,19 August 1936,2026-10-04T20:09:47+00:00,false,
20261004T202614Z-fc20c6,Q41408,death_year,wikidata,1936,2026-10-04T19:11:46+00:00,false,
20261004T202614Z-fc20c6,Q41408,nationality,wikidata,Spain,2026-10-04T19:11:46+00:00,,
20261004T202614Z-fc20c6,Q41408,open_library_id,wikidata,OL4280920A; OL3203135A,2026-10-04T19:11:46+00:00,,
20261004T202614Z-fc20c6,Q41408,wikidata_qid,openlibrary,Q41408,2026-10-04T20:09:47+00:00,false,
20261004T202614Z-fc20c6,Q41408,work_count,openlibrary,1541,2026-10-04T20:09:47+00:00,,
20261004T202614Z-fc20c6,Q41488,birth_year,openlibrary,1934,2026-10-04T20:19:52+00:00,false,
20261004T202614Z-fc20c6,Q41488,birth_year,wikidata,1934,2026-10-04T19:13:10+00:00,false,
20261004T202614Z-fc20c6,Q41488,canonical_name,wikidata,Wole Soyinka,2026-10-04T19:13:10+00:00,,
20261004T202614Z-fc20c6,Q41488,death_year,openlibrary,,2026-10-04T20:19:52+00:00,,not_comparable
20261004T202614Z-fc20c6,Q41488,death_year,wikidata,,2026-10-04T19:13:10+00:00,,not_comparable
20261004T202614Z-fc20c6,Q41488,nationality,wikidata,Nigeria,2026-10-04T19:13:10+00:00,,
20261004T202614Z-fc20c6,Q41488,open_library_id,wikidata,OL67096A,2026-10-04T19:13:10+00:00,,
20261004T202614Z-fc20c6,Q41488,wikidata_qid,openlibrary,Q41488,2026-10-04T20:19:52+00:00,false,
20261004T202614Z-fc20c6,Q41488,work_count,openlibrary,363,2026-10-04T20:19:52+00:00,,
20261004T202614Z-fc20c6,Q41502,birth_year,openlibrary,5 May 1846,2026-10-04T20:19:52+00:00,false,
20261004T202614Z-fc20c6,Q41502,birth_year,wikidata,1846,2026-10-04T19:13:40+00:00,false,
20261004T202614Z-fc20c6,Q41502,canonical_name,wikidata,Henryk Sienkiewicz,2026-10-04T19:13:40+00:00,,
20261004T202614Z-fc20c6,Q41502,death_year,openlibrary,15 November 1916,2026-10-04T20:19:52+00:00,false,
20261004T202614Z-fc20c6,Q41502,death_year,wikidata,1916,2026-10-04T19:13:40+00:00,false,
20261004T202614Z-fc20c6,Q41502,nationality,wikidata,Poland; Russian Empire,2026-10-04T19:13:40+00:00,,
20261004T202614Z-fc20c6,Q41502,open_library_id,wikidata,OL33439A,2026-10-04T19:13:40+00:00,,
20261004T202614Z-fc20c6,Q41502,wikidata_qid,openlibrary,Q41502,2026-10-04T20:19:52+00:00,false,
20261004T202614Z-fc20c6,Q41502,work_count,openlibrary,654,2026-10-04T20:19:52+00:00,,
20261004T202614Z-fc20c6,Q41513,birth_year,openlibrary,28 November 1757,2026-10-04T20:19:55+00:00,false,
20261004T202614Z-fc20c6,Q41513,birth_year,wikidata,1757,2026-10-04T19:12:37+00:00,false,
20261004T202614Z-fc20c6,Q41513,canonical_name,wikidata,William Blake,2026-10-04T19:12:37+00:00,,
20261004T202614Z-fc20c6,Q41513,death_year,openlibrary,12 August 1827,2026-10-04T20:19:55+00:00,false,
20261004T202614Z-fc20c6,Q41513,death_year,wikidata,1827,2026-10-04T19:12:37+00:00,false,
20261004T202614Z-fc20c6,Q41513,nationality,wikidata,Kingdom of Great Britain; United Kingdom; United Kingdom of Great Britain and Ireland,2026-10-04T19:12:37+00:00,,
20261004T202614Z-fc20c6,Q41513,open_library_id,wikidata,OL41961A,2026-10-04T19:12:37+00:00,,
20261004T202614Z-fc20c6,Q41513,wikidata_qid,openlibrary,Q41513,2026-10-04T20:19:55+00:00,false,
20261004T202614Z-fc20c6,Q41513,work_count,openlibrary,718,2026-10-04T20:19:55+00:00,,
20261004T202614Z-fc20c6,Q41523,birth_year,openlibrary,c. 46,2026-10-04T20:19:56+00:00,,not_comparable
20261004T202614Z-fc20c6,Q41523,birth_year,wikidata,40,2026-10-04T19:13:56+00:00,,not_comparable
20261004T202614Z-fc20c6,Q41523,canonical_name,wikidata,Plutarch,2026-10-04T19:13:56+00:00,,
20261004T202614Z-fc20c6,Q41523,death_year,openlibrary,c. 120,2026-10-04T20:19:56+00:00,,not_comparable
20261004T202614Z-fc20c6,Q41523,death_year,wikidata,120,2026-10-04T19:13:56+00:00,,not_comparable
20261004T202614Z-fc20c6,Q41523,nationality,wikidata,Ancient Rome,2026-10-04T19:13:56+00:00,,
20261004T202614Z-fc20c6,Q41523,open_library_id,wikidata,OL58120A,2026-10-04T19:13:56+00:00,,
20261004T202614Z-fc20c6,Q41523,wikidata_qid,openlibrary,Q41523,2026-10-04T20:19:56+00:00,false,
20261004T202614Z-fc20c6,Q41523,work_count,openlibrary,1127,2026-10-04T20:19:56+00:00,,
20261004T202614Z-fc20c6,Q41683,birth_year,openlibrary,,2026-10-04T20:19:57+00:00,,not_comparable
20261004T202614Z-fc20c6,Q41683,birth_year,wikidata,-460,2026-10-04T19:15:04+00:00,,not_comparable
20261004T202614Z-fc20c6,Q41683,canonical_name,wikidata,Thucydides,2026-10-04T19:15:04+00:00,,
20261004T202614Z-fc20c6,Q41683,death_year,openlibrary,,2026-10-04T20:19:57+00:00,,not_comparable
20261004T202614Z-fc20c6,Q41683,death_year,wikidata,-395,2026-10-04T19:15:04+00:00,,not_comparable
20261004T202614Z-fc20c6,Q41683,nationality,wikidata,Classical Athens,2026-10-04T19:15:04+00:00,,
20261004T202614Z-fc20c6,Q41683,open_library_id,wikidata,OL62641A,2026-10-04T19:15:04+00:00,,
20261004T202614Z-fc20c6,Q41683,wikidata_qid,openlibrary,Q41683,2026-10-04T20:19:57+00:00,false,
20261004T202614Z-fc20c6,Q41683,work_count,openlibrary,586,2026-10-04T20:19:57+00:00,,
20261004T202614Z-fc20c6,Q42,birth_year,openlibrary,11 March 1952,2026-10-04T20:19:59+00:00,false,
20261004T202614Z-fc20c6,Q42,birth_year,wikidata,1952,2026-10-04T19:15:03+00:00,false,
20261004T202614Z-fc20c6,Q42,canonical_name,wikidata,Douglas Adams,2026-10-04T19:15:03+00:00,,
20261004T202614Z-fc20c6,Q42,death_year,openlibrary,11 May 2001,2026-10-04T20:19:59+00:00,false,
20261004T202614Z-fc20c6,Q42,death_year,wikidata,2001,2026-10-04T19:15:03+00:00,false,
20261004T202614Z-fc20c6,Q42,nationality,wikidata,United Kingdom,2026-10-04T19:15:03+00:00,,
20261004T202614Z-fc20c6,Q42,open_library_id,wikidata,OL272947A,2026-10-04T19:15:03+00:00,,
20261004T202614Z-fc20c6,Q42,wikidata_qid,openlibrary,Q42,2026-10-04T20:19:59+00:00,false,
20261004T202614Z-fc20c6,Q42,work_count,openlibrary,89,2026-10-04T20:19:59+00:00,,
20261004T202614Z-fc20c6,Q42511,birth_year,openlibrary,21 September 1866,2026-10-04T20:19:59+00:00,false,
20261004T202614Z-fc20c6,Q42511,birth_year,wikidata,1866,2026-10-04T19:12:45+00:00,false,
20261004T202614Z-fc20c6,Q42511,canonical_name,wikidata,H. G. Wells,2026-10-04T19:12:45+00:00,,
20261004T202614Z-fc20c6,Q42511,death_year,openlibrary,13 August 1946,2026-10-04T20:19:59+00:00,false,
20261004T202614Z-fc20c6,Q42511,death_year,wikidata,1946,2026-10-04T19:12:45+00:00,false,
20261004T202614Z-fc20c6,Q42511,nationality,wikidata,United Kingdom; United Kingdom of Great Britain and Ireland,2026-10-04T19:12:45+00:00,,
20261004T202614Z-fc20c6,Q42511,open_library_id,wikidata,OL13066A; OL7826897A; OL9358783A; OL13835152A; OL7509279A,2026-10-04T19:12:45+00:00,,
20261004T202614Z-fc20c6,Q42511,wikidata_qid,openlibrary,Q42511,2026-10-04T20:19:59+00:00,false,
20261004T202614Z-fc20c6,Q42511,work_count,openlibrary,9871,2026-10-04T20:19:59+00:00,,
20261004T202614Z-fc20c6,Q42552,birth_year,openlibrary,1923,2026-10-04T20:20:00+00:00,false,
20261004T202614Z-fc20c6,Q42552,birth_year,wikidata,1923,2026-10-04T19:13:39+00:00,false,
20261004T202614Z-fc20c6,Q42552,canonical_name,wikidata,Wisława Szymborska,2026-10-04T19:13:39+00:00,,
20261004T202614Z-fc20c6,Q42552,death_year,openlibrary,2012,2026-10-04T20:20:00+00:00,false,
20261004T202614Z-fc20c6,Q42552,death_year,wikidata,2012,2026-10-04T19:13:39+00:00,false,
20261004T202614Z-fc20c6,Q42552,nationality,wikidata,Poland,2026-10-04T19:13:39+00:00,,
20261004T202614Z-fc20c6,Q42552,open_library_id,wikidata,OL183089A,2026-10-04T19:13:39+00:00,,
20261004T202614Z-fc20c6,Q42552,wikidata_qid,openlibrary,Q42552,2026-10-04T20:20:00+00:00,false,
20261004T202614Z-fc20c6,Q42552,work_count,openlibrary,125,2026-10-04T20:20:00+00:00,,
20261004T202614Z-fc20c6,Q43293,birth_year,openlibrary,9 Feb 1940,2026-10-04T20:20:01+00:00,false,
20261004T202614Z-fc20c6,Q43293,birth_year,wikidata,1940,2026-10-04T19:13:09+00:00,false,
20261004T202614Z-fc20c6,Q43293,canonical_name,wikidata,J. M. Coetzee,2026-10-04T19:13:09+00:00,,
20261004T202614Z-fc20c6,Q43293,death_year,openlibrary,,2026-10-04T20:20:01+00:00,,not_comparable
20261004T202614Z-fc20c6,Q43293,death_year,wikidata,,2026-10-04T19:13:09+00:00,,not_comparable
20261004T202614Z-fc20c6,Q43293,nationality,wikidata,Australia; South Africa,2026-10-04T19:13:09+00:00,,
20261004T202614Z-fc20c6,Q43293,open_library_id,wikidata,OL33242A,2026-10-04T19:13:09+00:00,,
20261004T202614Z-fc20c6,Q43293,wikidata_qid,openlibrary,Q43293,2026-10-04T20:20:01+00:00,false,
20261004T202614Z-fc20c6,Q43293,work_count,openlibrary,153,2026-10-04T20:20:01+00:00,,
20261004T202614Z-fc20c6,Q43347,birth_year,openlibrary,30 September 1207,2026-10-04T20:20:04+00:00,false,
20261004T202614Z-fc20c6,Q43347,birth_year,wikidata,1207,2026-10-04T19:14:33+00:00,false,
20261004T202614Z-fc20c6,Q43347,canonical_name,wikidata,Rumi,2026-10-04T19:14:33+00:00,,
20261004T202614Z-fc20c6,Q43347,death_year,openlibrary,17 December 1273,2026-10-04T20:20:04+00:00,false,
20261004T202614Z-fc20c6,Q43347,death_year,wikidata,1273,2026-10-04T19:14:33+00:00,false,
20261004T202614Z-fc20c6,Q43347,nationality,wikidata,Iran,2026-10-04T19:14:33+00:00,,
20261004T202614Z-fc20c6,Q43347,open_library_id,wikidata,OL2659024A,2026-10-04T19:14:33+00:00,,
20261004T202614Z-fc20c6,Q43347,wikidata_qid,openlibrary,Q43347,2026-10-04T20:20:04+00:00,false,
20261004T202614Z-fc20c6,Q43347,work_count,openlibrary,431,2026-10-04T20:20:04+00:00,,
20261004T202614Z-fc20c6,Q43444,birth_year,openlibrary,12 December 1821,2026-10-04T20:20:04+00:00,false,
20261004T202614Z-fc20c6,Q43444,birth_year,wikidata,1821,2026-10-04T19:13:20+00:00,false,
20261004T202614Z-fc20c6,Q43444,canonical_name,wikidata,Gustave Flaubert,2026-10-04T19:13:20+00:00,,
20261004T202614Z-fc20c6,Q43444,death_year,openlibrary,8 May 1880,2026-10-04T20:20:04+00:00,false,
20261004T202614Z-fc20c6,Q43444,death_year,wikidata,1880,2026-10-04T19:13:20+00:00,false,
20261004T202614Z-fc20c6,Q43444,nationality,wikidata,France,2026-10-04T19:13:20+00:00,,
20261004T202614Z-fc20c6,Q43444,open_library_id,wikidata,OL79039A,2026-10-04T19:13:20+00:00,,
20261004T202614Z-fc20c6,Q43444,wikidata_qid,openlibrary,Q43444,2026-10-04T20:20:04+00:00,false,
20261004T202614Z-fc20c6,Q43444,work_count,openlibrary,1488,2026-10-04T20:20:04+00:00,,
20261004T202614Z-fc20c6,Q43459,birth_year,openlibrary,1019/1025,2026-10-04T20:20:07+00:00,,not_comparable
20261004T202614Z-fc20c6,Q43459,birth_year,wikidata,940,2026-10-04T19:14:33+00:00,,not_comparable
20261004T202614Z-fc20c6,Q43459,canonical_name,wikidata,Ferdowsi,2026-10-04T19:14:33+00:00,,
20261004T202614Z-fc20c6,Q43459,death_year,openlibrary,940,2026-10-04T20:20:07+00:00,true,
20261004T202614Z-fc20c6,Q43459,death_year,wikidata,1020,2026-10-04T19:14:33+00:00,true,
20261004T202614Z-fc20c6,Q43459,nationality,wikidata,Ghaznavid Empire; Samanid Empire,2026-10-04T19:14:33+00:00,,
20261004T202614Z-fc20c6,Q43459,open_library_id,wikidata,OL821316A,2026-10-04T19:14:33+00:00,,
20261004T202614Z-fc20c6,Q43459,wikidata_qid,openlibrary,Q43459,2026-10-04T20:20:07+00:00,false,
20261004T202614Z-fc20c6,Q43459,work_count,openlibrary,251,2026-10-04T20:20:07+00:00,,
20261004T202614Z-fc20c6,Q43736,birth_year,openlibrary,11 June 1899,2026-10-04T20:20:08+00:00,false,
20261004T202614Z-fc20c6,Q43736,birth_year,wikidata,1899,2026-10-04T19:14:08+00:00,false,
20261004T202614Z-fc20c6,Q43736,canonical_name,wikidata,Yasunari Kawabata,2026-10-04T19:14:08+00:00,,
20261004T202614Z-fc20c6,Q43736,death_year,openlibrary,16 April 1972,2026-10-04T20:20:08+00:00,false,
20261004T202614Z-fc20c6,Q43736,death_year,wikidata,1972,2026-10-04T19:14:08+00:00,false,
20261004T202614Z-fc20c6,Q43736,nationality,wikidata,Japan,2026-10-04T19:14:08+00:00,,
20261004T202614Z-fc20c6,Q43736,open_library_id,wikidata,OL248278A,2026-10-04T19:14:08+00:00,,
20261004T202614Z-fc20c6,Q43736,wikidata_qid,openlibrary,Q43736,2026-10-04T20:20:08+00:00,false,
20261004T202614Z-fc20c6,Q43736,work_count,openlibrary,388,2026-10-04T20:20:08+00:00,,
20261004T202614Z-fc20c6,Q439761,birth_year,openlibrary,1924,2026-10-04T20:20:09+00:00,false,
20261004T202614Z-fc20c6,Q439761,birth_year,wikidata,1924,2026-10-04T19:12:20+00:00,false,
20261004T202614Z-fc20c6,Q439761,canonical_name,wikidata,José Donoso,2026-10-04T19:12:20+00:00,,
20261004T202614Z-fc20c6,Q439761,death_year,openlibrary,1996,2026-10-04T20:20:09+00:00,false,
20261004T202614Z-fc20c6,Q439761,death_year,wikidata,1996,2026-10-04T19:12:20+00:00,false,
20261004T202614Z-fc20c6,Q439761,nationality,wikidata,Chile,2026-10-04T19:12:20+00:00,,
20261004T202614Z-fc20c6,Q439761,open_library_id,wikidata,OL4279328A,2026-10-04T19:12:20+00:00,,
20261004T202614Z-fc20c6,Q439761,wikidata_qid,openlibrary,Q439761,2026-10-04T20:20:09+00:00,false,
20261004T202614Z-fc20c6,Q439761,work_count,openlibrary,130,2026-10-04T20:20:09+00:00,,
20261004T202614Z-fc20c6,Q44107,birth_year,openlibrary,6 December 1942,2026-10-04T20:20:17+00:00,false,
20261004T202614Z-fc20c6,Q44107,birth_year,wikidata,1942,2026-10-04T19:13:37+00:00,false,
20261004T202614Z-fc20c6,Q44107,canonical_name,wikidata,Peter Handke,2026-10-04T19:13:37+00:00,,
20261004T202614Z-fc20c6,Q44107,death_year,openlibrary,,2026-10-04T20:20:17+00:00,,not_comparable
20261004T202614Z-fc20c6,Q44107,death_year,wikidata,,2026-10-04T19:13:37+00:00,,not_comparable
20261004T202614Z-fc20c6,Q44107,nationality,wikidata,Austria,2026-10-04T19:13:37+00:00,,
20261004T202614Z-fc20c6,Q44107,open_library_id,wikidata,OL4331550A,2026-10-04T19:13:37+00:00,,
20261004T202614Z-fc20c6,Q44107,wikidata_qid,openlibrary,Q44107,2026-10-04T20:20:17+00:00,false,
20261004T202614Z-fc20c6,Q44107,work_count,openlibrary,0,2026-10-04T20:20:17+00:00,,
20261004T202614Z-fc20c6,Q44272,birth_year,openlibrary,15 October 1926,2026-10-04T20:20:12+00:00,false,
20261004T202614Z-fc20c6,Q44272,birth_year,wikidata,1926,2026-10-04T19:14:48+00:00,false,
20261004T202614Z-fc20c6,Q44272,canonical_name,wikidata,Michel Foucault,2026-10-04T19:14:48+00:00,,
20261004T202614Z-fc20c6,Q44272,death_year,openlibrary,25 June 1984,2026-10-04T20:20:12+00:00,false,
20261004T202614Z-fc20c6,Q44272,death_year,wikidata,1984,2026-10-04T19:14:48+00:00,false,
20261004T202614Z-fc20c6,Q44272,nationality,wikidata,France,2026-10-04T19:14:48+00:00,,
20261004T202614Z-fc20c6,Q44272,open_library_id,wikidata,OL4346031A,2026-10-04T19:14:48+00:00,,
20261004T202614Z-fc20c6,Q44272,wikidata_qid,openlibrary,Q44272,2026-10-04T20:20:12+00:00,false,
20261004T202614Z-fc20c6,Q44272,work_count,openlibrary,630,2026-10-04T20:20:12+00:00,,
20261004T202614Z-fc20c6,Q442829,birth_year,openlibrary,1903,2026-10-04T20:20:12+00:00,false,
20261004T202614Z-fc20c6,Q442829,birth_year,wikidata,1903,2026-10-04T19:11:57+00:00,false,
20261004T202614Z-fc20c6,Q442829,canonical_name,wikidata,Silvina Ocampo,2026-10-04T19:11:57+00:00,,
20261004T202614Z-fc20c6,Q442829,death_year,openlibrary,1993,2026-10-04T20:20:12+00:00,false,
20261004T202614Z-fc20c6,Q442829,death_year,wikidata,1993,2026-10-04T19:11:57+00:00,false,
20261004T202614Z-fc20c6,Q442829,nationality,wikidata,Argentina,2026-10-04T19:11:57+00:00,,
20261004T202614Z-fc20c6,Q442829,open_library_id,wikidata,OL6384107A,2026-10-04T19:11:57+00:00,,
20261004T202614Z-fc20c6,Q442829,wikidata_qid,openlibrary,Q442829,2026-10-04T20:20:12+00:00,false,
20261004T202614Z-fc20c6,Q442829,work_count,openlibrary,7,2026-10-04T20:20:12+00:00,,
20261004T202614Z-fc20c6,Q442931,birth_year,openlibrary,1956-06-01,2026-10-04T20:20:19+00:00,false,
20261004T202614Z-fc20c6,Q442931,birth_year,wikidata,1956,2026-10-04T19:14:03+00:00,false,
20261004T202614Z-fc20c6,Q442931,canonical_name,wikidata,Mircea Cărtărescu,2026-10-04T19:14:03+00:00,,
20261004T202614Z-fc20c6,Q442931,death_year,openlibrary,,2026-10-04T20:20:19+00:00,,not_comparable
20261004T202614Z-fc20c6,Q442931,death_year,wikidata,,2026-10-04T19:14:03+00:00,,not_comparable
20261004T202614Z-fc20c6,Q442931,nationality,wikidata,Romania,2026-10-04T19:14:03+00:00,,
20261004T202614Z-fc20c6,Q442931,open_library_id,wikidata,OL5230562A; OL2832587A,2026-10-04T19:14:03+00:00,,
20261004T202614Z-fc20c6,Q442931,wikidata_qid,openlibrary,Q442931,2026-10-04T20:20:19+00:00,false,
20261004T202614Z-fc20c6,Q442931,work_count,openlibrary,103,2026-10-04T20:20:19+00:00,,
20261004T202614Z-fc20c6,Q44306,birth_year,openlibrary,1947,2026-10-04T20:20:16+00:00,false,
20261004T202614Z-fc20c6,Q44306,birth_year,wikidata,1947,2026-10-04T19:13:05+00:00,false,
20261004T202614Z-fc20c6,Q44306,canonical_name,wikidata,Salman Rushdie,2026-10-04T19:13:05+00:00,,
20261004T202614Z-fc20c6,Q44306,death_year,openlibrary,,2026-10-04T20:20:16+00:00,,not_comparable
20261004T202614Z-fc20c6,Q44306,death_year,wikidata,,2026-10-04T19:13:05+00:00,,not_comparable
20261004T202614Z-fc20c6,Q44306,nationality,wikidata,India; United Kingdom; United States,2026-10-04T19:13:05+00:00,,
20261004T202614Z-fc20c6,Q44306,open_library_id,wikidata,OL26769A,2026-10-04T19:13:05+00:00,,
20261004T202614Z-fc20c6,Q44306,wikidata_qid,openlibrary,Q44306,2026-10-04T20:20:16+00:00,false,
20261004T202614Z-fc20c6,Q44306,work_count,openlibrary,136,2026-10-04T20:20:16+00:00,,
20261004T202614Z-fc20c6,Q44331,birth_year,openlibrary,15 May 1862,2026-10-04T20:20:16+00:00,false,
20261004T202614Z-fc20c6,Q44331,birth_year,wikidata,1862,2026-10-04T19:13:36+00:00,false,
20261004T202614Z-fc20c6,Q44331,canonical_name,wikidata,Arthur Schnitzler,2026-10-04T19:13:36+00:00,,
20261004T202614Z-fc20c6,Q44331,death_year,openlibrary,21 Oct 1931,2026-10-04T20:20:16+00:00,false,
20261004T202614Z-fc20c6,Q44331,death_year,wikidata,1931,2026-10-04T19:13:36+00:00,false,
20261004T202614Z-fc20c6,Q44331,nationality,wikidata,Austria; Cisleithania; Kaisertum Österreich,2026-10-04T19:13:36+00:00,,
20261004T202614Z-fc20c6,Q44331,open_library_id,wikidata,OL18374A,2026-10-04T19:13:36+00:00,,
20261004T202614Z-fc20c6,Q44331,wikidata_qid,openlibrary,Q44331,2026-10-04T20:20:16+00:00,false,
20261004T202614Z-fc20c6,Q44331,work_count,openlibrary,829,2026-10-04T20:20:16+00:00,,
20261004T202614Z-fc20c6,Q443403,birth_year,openlibrary,1873,2026-10-04T20:20:19+00:00,false,
20261004T202614Z-fc20c6,Q443403,birth_year,wikidata,1873,2026-10-04T19:12:11+00:00,false,
20261004T202614Z-fc20c6,Q443403,canonical_name,wikidata,José Martínez Ruiz,2026-10-04T19:12:11+00:00,,
20261004T202614Z-fc20c6,Q443403,death_year,openlibrary,1967,2026-10-04T20:20:19+00:00,false,
20261004T202614Z-fc20c6,Q443403,death_year,wikidata,1967,2026-10-04T19:12:11+00:00,false,
20261004T202614Z-fc20c6,Q443403,nationality,wikidata,Spain,2026-10-04T19:12:11+00:00,,
20261004T202614Z-fc20c6,Q443403,open_library_id,wikidata,OL4280630A; OL761617A,2026-10-04T19:12:11+00:00,,
20261004T202614Z-fc20c6,Q443403,wikidata_qid,openlibrary,Q443403,2026-10-04T20:20:19+00:00,false,
20261004T202614Z-fc20c6,Q443403,work_count,openlibrary,315,2026-10-04T20:20:19+00:00,,
20261004T202614Z-fc20c6,Q44403,birth_year,openlibrary,13 December 1797,2026-10-04T20:20:20+00:00,false,
20261004T202614Z-fc20c6,Q44403,birth_year,wikidata,1797,2026-10-04T19:13:33+00:00,false,
20261004T202614Z-fc20c6,Q44403,canonical_name,wikidata,Heinrich Heine,2026-10-04T19:13:33+00:00,,
20261004T202614Z-fc20c6,Q44403,death_year,openlibrary,7 February 1856,2026-10-04T20:20:20+00:00,false,
20261004T202614Z-fc20c6,Q44403,death_year,wikidata,1856,2026-10-04T19:13:33+00:00,false,
20261004T202614Z-fc20c6,Q44403,nationality,wikidata,France; Königreich Preußen,2026-10-04T19:13:33+00:00,,
20261004T202614Z-fc20c6,Q44403,open_library_id,wikidata,OL113829A,2026-10-04T19:13:33+00:00,,
20261004T202614Z-fc20c6,Q44403,wikidata_qid,openlibrary,Q44403,2026-10-04T20:20:20+00:00,false,
20261004T202614Z-fc20c6,Q44403,work_count,openlibrary,1073,2026-10-04T20:20:20+00:00,,
20261004T202614Z-fc20c6,Q4441,birth_year,openlibrary,10 December 1830,2026-10-04T20:20:20+00:00,false,
20261004T202614Z-fc20c6,Q4441,birth_year,wikidata,1830,2026-10-04T19:12:49+00:00,false,
20261004T202614Z-fc20c6,Q4441,canonical_name,wikidata,Emily Dickinson,2026-10-04T19:12:49+00:00,,
20261004T202614Z-fc20c6,Q4441,death_year,openlibrary,15 May 1886.,2026-10-04T20:20:20+00:00,false,
20261004T202614Z-fc20c6,Q4441,death_year,wikidata,1886,2026-10-04T19:12:49+00:00,false,
20261004T202614Z-fc20c6,Q4441,nationality,wikidata,United States,2026-10-04T19:12:49+00:00,,
20261004T202614Z-fc20c6,Q4441,open_library_id,wikidata,OL19512A,2026-10-04T19:12:49+00:00,,
20261004T202614Z-fc20c6,Q4441,wikidata_qid,openlibrary,Q4441,2026-10-04T20:20:20+00:00,false,
20261004T202614Z-fc20c6,Q4441,work_count,openlibrary,647,2026-10-04T20:20:20+00:00,,
20261004T202614Z-fc20c6,Q44461,birth_year,openlibrary,26 March 1941,2026-10-04T20:20:21+00:00,false,
20261004T202614Z-fc20c6,Q44461,birth_year,wikidata,1941,2026-10-04T19:14:55+00:00,false,
20261004T202614Z-fc20c6,Q44461,canonical_name,wikidata,Richard Dawkins,2026-10-04T19:14:55+00:00,,
20261004T202614Z-fc20c6,Q44461,death_year,openlibrary,,2026-10-04T20:20:21+00:00,,not_comparable
20261004T202614Z-fc20c6,Q44461,death_year,wikidata,,2026-10-04T19:14:55+00:00,,not_comparable
20261004T202614Z-fc20c6,Q44461,nationality,wikidata,United Kingdom,2026-10-04T19:14:55+00:00,,
20261004T202614Z-fc20c6,Q44461,open_library_id,wikidata,OL236174A,2026-10-04T19:14:55+00:00,,
20261004T202614Z-fc20c6,Q44461,wikidata_qid,openlibrary,Q44461,2026-10-04T20:20:21+00:00,false,
20261004T202614Z-fc20c6,Q44461,work_count,openlibrary,132,2026-10-04T20:20:21+00:00,,
20261004T202614Z-fc20c6,Q44519,birth_year,openlibrary,1858,2026-10-04T20:20:24+00:00,false,
20261004T202614Z-fc20c6,Q44519,birth_year,wikidata,1858,2026-10-04T19:14:00+00:00,false,
20261004T202614Z-fc20c6,Q44519,canonical_name,wikidata,Selma Lagerlöf,2026-10-04T19:14:00+00:00,,
20261004T202614Z-fc20c6,Q44519,death_year,openlibrary,1940,2026-10-04T20:20:24+00:00,false,
20261004T202614Z-fc20c6,Q44519,death_year,wikidata,1940,2026-10-04T19:14:00+00:00,false,
20261004T202614Z-fc20c6,Q44519,nationality,wikidata,Sweden,2026-10-04T19:14:00+00:00,,
20261004T202614Z-fc20c6,Q44519,open_library_id,wikidata,OL49700A,2026-10-04T19:14:00+00:00,,
20261004T202614Z-fc20c6,Q44519,wikidata_qid,openlibrary,Q44519,2026-10-04T20:20:24+00:00,false,
20261004T202614Z-fc20c6,Q44519,work_count,openlibrary,853,2026-10-04T20:20:24+00:00,,
20261004T202614Z-fc20c6,Q44575,birth_year,openlibrary,3 September 1940,2026-10-04T20:20:25+00:00,false,
20261004T202614Z-fc20c6,Q44575,birth_year,wikidata,1940,2026-10-04T19:12:18+00:00,false,
20261004T202614Z-fc20c6,Q44575,canonical_name,wikidata,Eduardo Galeano,2026-10-04T19:12:18+00:00,,
20261004T202614Z-fc20c6,Q44575,death_year,openlibrary,13 April 2015,2026-10-04T20:20:25+00:00,false,
20261004T202614Z-fc20c6,Q44575,death_year,wikidata,2015,2026-10-04T19:12:18+00:00,false,
20261004T202614Z-fc20c6,Q44575,nationality,wikidata,Spain; Uruguay,2026-10-04T19:12:18+00:00,,
20261004T202614Z-fc20c6,Q44575,open_library_id,wikidata,OL55059A,2026-10-04T19:12:18+00:00,,
20261004T202614Z-fc20c6,Q44575,wikidata_qid,openlibrary,Q44575,2026-10-04T20:20:25+00:00,false,
20261004T202614Z-fc20c6,Q44575,work_count,openlibrary,250,2026-10-04T20:20:25+00:00,,
20261004T202614Z-fc20c6,Q448,birth_year,openlibrary,5 October 1713,2026-10-04T20:20:28+00:00,false,
20261004T202614Z-fc20c6,Q448,birth_year,wikidata,1713,2026-10-04T19:13:25+00:00,false,
20261004T202614Z-fc20c6,Q448,canonical_name,wikidata,Denis Diderot,2026-10-04T19:13:25+00:00,,
20261004T202614Z-fc20c6,Q448,death_year,openlibrary,31 July 1784,2026-10-04T20:20:28+00:00,false,
20261004T202614Z-fc20c6,Q448,death_year,wikidata,1784,2026-10-04T19:13:25+00:00,false,
20261004T202614Z-fc20c6,Q448,nationality,wikidata,Kingdom of France,2026-10-04T19:13:25+00:00,,
20261004T202614Z-fc20c6,Q448,open_library_id,wikidata,OL16944A,2026-10-04T19:13:25+00:00,,
20261004T202614Z-fc20c6,Q448,wikidata_qid,openlibrary,Q448,2026-10-04T20:20:28+00:00,false,
20261004T202614Z-fc20c6,Q448,work_count,openlibrary,1027,2026-10-04T20:20:28+00:00,,
20261004T202614Z-fc20c6,Q450335,birth_year,openlibrary,1956,2026-10-04T20:20:28+00:00,false,
20261004T202614Z-fc20c6,Q450335,birth_year,wikidata,1956,2026-10-04T19:12:05+00:00,false,
20261004T202614Z-fc20c6,Q450335,canonical_name,wikidata,Antonio Muñoz Molina,2026-10-04T19:12:05+00:00,,
20261004T202614Z-fc20c6,Q450335,death_year,openlibrary,,2026-10-04T20:20:28+00:00,,not_comparable
20261004T202614Z-fc20c6,Q450335,death_year,wikidata,,2026-10-04T19:12:05+00:00,,not_comparable
20261004T202614Z-fc20c6,Q450335,nationality,wikidata,Spain,2026-10-04T19:12:05+00:00,,
20261004T202614Z-fc20c6,Q450335,open_library_id,wikidata,OL2786532A,2026-10-04T19:12:05+00:00,,
20261004T202614Z-fc20c6,Q450335,wikidata_qid,openlibrary,Q450335,2026-10-04T20:20:28+00:00,false,
20261004T202614Z-fc20c6,Q450335,work_count,openlibrary,59,2026-10-04T20:20:28+00:00,,
20261004T202614Z-fc20c6,Q450913,birth_year,wikidata,1946,2026-10-04T19:12:03+00:00,,
20261004T202614Z-fc20c6,Q450913,canonical_name,wikidata,Lídia Jorge,2026-10-04T19:12:03+00:00,,
20261004T202614Z-fc20c6,Q450913,death_year,wikidata,,2026-10-04T19:12:03+00:00,,
20261004T202614Z-fc20c6,Q450913,nationality,wikidata,Portugal,2026-10-04T19:12:03+00:00,,
20261004T202614Z-fc20c6,Q45546,birth_year,openlibrary,7 April 1770,2026-10-04T20:20:29+00:00,false,
20261004T202614Z-fc20c6,Q45546,birth_year,wikidata,1770,2026-10-04T19:12:36+00:00,false,
20261004T202614Z-fc20c6,Q45546,canonical_name,wikidata,William Wordsworth,2026-10-04T19:12:36+00:00,,
20261004T202614Z-fc20c6,Q45546,death_year,openlibrary,23 April 1850,2026-10-04T20:20:29+00:00,false,
20261004T202614Z-fc20c6,Q45546,death_year,wikidata,1850,2026-10-04T19:12:36+00:00,false,
20261004T202614Z-fc20c6,Q45546,nationality,wikidata,Kingdom of Great Britain; United Kingdom of Great Britain and Ireland,2026-10-04T19:12:36+00:00,,
20261004T202614Z-fc20c6,Q45546,open_library_id,wikidata,OL26159A,2026-10-04T19:12:36+00:00,,
20261004T202614Z-fc20c6,Q45546,wikidata_qid,openlibrary,Q45546,2026-10-04T20:20:29+00:00,false,
20261004T202614Z-fc20c6,Q45546,work_count,openlibrary,642,2026-10-04T20:20:29+00:00,,
20261004T202614Z-fc20c6,Q455703,birth_year,openlibrary,1 May 1829,2026-10-04T20:20:32+00:00,false,
20261004T202614Z-fc20c6,Q455703,birth_year,wikidata,1829,2026-10-04T19:12:01+00:00,false,
20261004T202614Z-fc20c6,Q455703,canonical_name,wikidata,José de Alencar,2026-10-04T19:12:01+00:00,,
20261004T202614Z-fc20c6,Q455703,death_year,openlibrary,12 December 1877,2026-10-04T20:20:32+00:00,false,
20261004T202614Z-fc20c6,Q455703,death_year,wikidata,1877,2026-10-04T19:12:01+00:00,false,
20261004T202614Z-fc20c6,Q455703,nationality,wikidata,Brazil,2026-10-04T19:12:01+00:00,,
20261004T202614Z-fc20c6,Q455703,open_library_id,wikidata,OL161946A,2026-10-04T19:12:01+00:00,,
20261004T202614Z-fc20c6,Q455703,wikidata_qid,openlibrary,Q455703,2026-10-04T20:20:32+00:00,false,
20261004T202614Z-fc20c6,Q455703,work_count,openlibrary,97,2026-10-04T20:20:32+00:00,,
20261004T202614Z-fc20c6,Q455930,birth_year,openlibrary,29 August 1976,2026-10-04T20:20:32+00:00,false,
20261004T202614Z-fc20c6,Q455930,birth_year,wikidata,1976,2026-10-04T19:14:11+00:00,false,
20261004T202614Z-fc20c6,Q455930,canonical_name,wikidata,Mieko Kawakami,2026-10-04T19:14:11+00:00,,
20261004T202614Z-fc20c6,Q455930,death_year,openlibrary,,2026-10-04T20:20:32+00:00,,not_comparable
20261004T202614Z-fc20c6,Q455930,death_year,wikidata,,2026-10-04T19:14:11+00:00,,not_comparable
20261004T202614Z-fc20c6,Q455930,nationality,wikidata,Japan,2026-10-04T19:14:11+00:00,,
20261004T202614Z-fc20c6,Q455930,open_library_id,wikidata,OL6587711A; OL7959444A,2026-10-04T19:14:11+00:00,,
20261004T202614Z-fc20c6,Q455930,wikidata_qid,openlibrary,Q455930,2026-10-04T20:20:32+00:00,false,
20261004T202614Z-fc20c6,Q455930,work_count,openlibrary,22,2026-10-04T20:20:32+00:00,,
20261004T202614Z-fc20c6,Q457608,birth_year,openlibrary,19 December 1975,2026-10-04T20:20:33+00:00,false,
20261004T202614Z-fc20c6,Q457608,birth_year,wikidata,1975,2026-10-04T19:15:04+00:00,false,
20261004T202614Z-fc20c6,Q457608,canonical_name,wikidata,Brandon Sanderson,2026-10-04T19:15:04+00:00,,
20261004T202614Z-fc20c6,Q457608,death_year,openlibrary,,2026-10-04T20:20:33+00:00,,not_comparable
20261004T202614Z-fc20c6,Q457608,death_year,wikidata,,2026-10-04T19:15:04+00:00,,not_comparable
20261004T202614Z-fc20c6,Q457608,nationality,wikidata,United States,2026-10-04T19:15:04+00:00,,
20261004T202614Z-fc20c6,Q457608,open_library_id,wikidata,OL1394865A,2026-10-04T19:15:04+00:00,,
20261004T202614Z-fc20c6,Q457608,wikidata_qid,openlibrary,Q457608,2026-10-04T20:20:33+00:00,false,
20261004T202614Z-fc20c6,Q457608,work_count,openlibrary,233,2026-10-04T20:20:33+00:00,,
20261004T202614Z-fc20c6,Q45765,birth_year,openlibrary,12 January 1876,2026-10-04T20:20:34+00:00,false,
20261004T202614Z-fc20c6,Q45765,birth_year,wikidata,1876,2026-10-04T19:12:46+00:00,false,
20261004T202614Z-fc20c6,Q45765,canonical_name,wikidata,Jack London,2026-10-04T19:12:46+00:00,,
20261004T202614Z-fc20c6,Q45765,death_year,openlibrary,22 November 1916,2026-10-04T20:20:34+00:00,false,
20261004T202614Z-fc20c6,Q45765,death_year,wikidata,1916,2026-10-04T19:12:46+00:00,false,
20261004T202614Z-fc20c6,Q45765,nationality,wikidata,United States,2026-10-04T19:12:46+00:00,,
20261004T202614Z-fc20c6,Q45765,open_library_id,wikidata,OL44633A; OL10373938A; OL9258086A; OL10405946A,2026-10-04T19:12:46+00:00,,
20261004T202614Z-fc20c6,Q45765,wikidata_qid,openlibrary,Q45765,2026-10-04T20:20:34+00:00,false,
20261004T202614Z-fc20c6,Q45765,work_count,openlibrary,9862,2026-10-04T20:20:34+00:00,,
20261004T202614Z-fc20c6,Q4583,birth_year,openlibrary,12 June 1929,2026-10-04T20:20:36+00:00,false,
20261004T202614Z-fc20c6,Q4583,birth_year,wikidata,1929,2026-10-04T19:14:59+00:00,false,
20261004T202614Z-fc20c6,Q4583,canonical_name,wikidata,Anne Frank,2026-10-04T19:14:59+00:00,,
20261004T202614Z-fc20c6,Q4583,death_year,openlibrary,1945,2026-10-04T20:20:36+00:00,false,
20261004T202614Z-fc20c6,Q4583,death_year,wikidata,1945,2026-10-04T19:14:59+00:00,false,
20261004T202614Z-fc20c6,Q4583,nationality,wikidata,Kingdom of the Netherlands; Nazi Germany; Weimarer Republik; statelessness,2026-10-04T19:14:59+00:00,,
20261004T202614Z-fc20c6,Q4583,open_library_id,wikidata,OL446842A,2026-10-04T19:14:59+00:00,,
20261004T202614Z-fc20c6,Q4583,wikidata_qid,openlibrary,Q4583,2026-10-04T20:20:36+00:00,false,
20261004T202614Z-fc20c6,Q4583,work_count,openlibrary,202,2026-10-04T20:20:36+00:00,,
20261004T202614Z-fc20c6,Q458403,birth_year,openlibrary,1955,2026-10-04T20:20:36+00:00,false,
20261004T202614Z-fc20c6,Q458403,birth_year,wikidata,1955,2026-10-04T19:14:52+00:00,false,
20261004T202614Z-fc20c6,Q458403,canonical_name,wikidata,Mary Beard,2026-10-04T19:14:52+00:00,,
20261004T202614Z-fc20c6,Q458403,death_year,openlibrary,,2026-10-04T20:20:36+00:00,,not_comparable
20261004T202614Z-fc20c6,Q458403,death_year,wikidata,,2026-10-04T19:14:52+00:00,,not_comparable
20261004T202614Z-fc20c6,Q458403,nationality,wikidata,United Kingdom,2026-10-04T19:14:52+00:00,,
20261004T202614Z-fc20c6,Q458403,open_library_id,wikidata,OL39017A,2026-10-04T19:14:52+00:00,,
20261004T202614Z-fc20c6,Q458403,wikidata_qid,openlibrary,Q458403,2026-10-04T20:20:36+00:00,false,
20261004T202614Z-fc20c6,Q458403,work_count,openlibrary,86,2026-10-04T20:20:36+00:00,,
20261004T202614Z-fc20c6,Q45970,birth_year,openlibrary,"June 30, 1911",2026-10-04T20:20:37+00:00,false,
20261004T202614Z-fc20c6,Q45970,birth_year,wikidata,1911,2026-10-04T19:13:39+00:00,false,
20261004T202614Z-fc20c6,Q45970,canonical_name,wikidata,Czesław Miłosz,2026-10-04T19:13:39+00:00,,
20261004T202614Z-fc20c6,Q45970,death_year,openlibrary,"August 14, 2004",2026-10-04T20:20:37+00:00,false,
20261004T202614Z-fc20c6,Q45970,death_year,wikidata,2004,2026-10-04T19:13:39+00:00,false,
20261004T202614Z-fc20c6,Q45970,nationality,wikidata,Lithuania; Poland; United States,2026-10-04T19:13:39+00:00,,
20261004T202614Z-fc20c6,Q45970,open_library_id,wikidata,OL44091A,2026-10-04T19:13:39+00:00,,
20261004T202614Z-fc20c6,Q45970,wikidata_qid,openlibrary,Q45970,2026-10-04T20:20:37+00:00,false,
20261004T202614Z-fc20c6,Q45970,work_count,openlibrary,264,2026-10-04T20:20:37+00:00,,
20261004T202614Z-fc20c6,Q460109,birth_year,openlibrary,8 January 1933,2026-10-04T20:20:46+00:00,false,
20261004T202614Z-fc20c6,Q460109,birth_year,wikidata,1933,2026-10-04T19:12:09+00:00,false,
20261004T202614Z-fc20c6,Q460109,canonical_name,wikidata,Juan Marsé,2026-10-04T19:12:09+00:00,,
20261004T202614Z-fc20c6,Q460109,death_year,openlibrary,18 July 2020,2026-10-04T20:20:46+00:00,false,
20261004T202614Z-fc20c6,Q460109,death_year,wikidata,2020,2026-10-04T19:12:09+00:00,false,
20261004T202614Z-fc20c6,Q460109,nationality,wikidata,Spain,2026-10-04T19:12:09+00:00,,
20261004T202614Z-fc20c6,Q460109,open_library_id,wikidata,OL4287656A; OL145950A,2026-10-04T19:12:09+00:00,,
20261004T202614Z-fc20c6,Q460109,wikidata_qid,openlibrary,Q460109,2026-10-04T20:20:46+00:00,false,
20261004T202614Z-fc20c6,Q460109,work_count,openlibrary,36,2026-10-04T20:20:46+00:00,,
20261004T202614Z-fc20c6,Q4604,birth_year,openlibrary,"September 28, 551 BCE",2026-10-04T20:20:40+00:00,false,
20261004T202614Z-fc20c6,Q4604,birth_year,wikidata,-551,2026-10-04T19:14:59+00:00,false,
20261004T202614Z-fc20c6,Q4604,canonical_name,wikidata,Confucius,2026-10-04T19:14:59+00:00,,
20261004T202614Z-fc20c6,Q4604,death_year,openlibrary,479 BCE,2026-10-04T20:20:40+00:00,false,
20261004T202614Z-fc20c6,Q4604,death_year,wikidata,-479,2026-10-04T19:14:59+00:00,false,
20261004T202614Z-fc20c6,Q4604,nationality,wikidata,Lu,2026-10-04T19:14:59+00:00,,
20261004T202614Z-fc20c6,Q4604,open_library_id,wikidata,OL40315A,2026-10-04T19:14:59+00:00,,
20261004T202614Z-fc20c6,Q4604,wikidata_qid,openlibrary,Q4604,2026-10-04T20:20:40+00:00,false,
20261004T202614Z-fc20c6,Q4604,work_count,openlibrary,353,2026-10-04T20:20:40+00:00,,
20261004T202614Z-fc20c6,Q461675,birth_year,openlibrary,21 July 1944,2026-10-04T20:20:41+00:00,false,
20261004T202614Z-fc20c6,Q461675,birth_year,wikidata,1944,2026-10-04T19:13:11+00:00,false,
20261004T202614Z-fc20c6,Q461675,canonical_name,wikidata,Buchi Emecheta,2026-10-04T19:13:11+00:00,,
20261004T202614Z-fc20c6,Q461675,death_year,openlibrary,25 January 2017,2026-10-04T20:20:41+00:00,false,
20261004T202614Z-fc20c6,Q461675,death_year,wikidata,2017,2026-10-04T19:13:11+00:00,false,
20261004T202614Z-fc20c6,Q461675,nationality,wikidata,Nigeria,2026-10-04T19:13:11+00:00,,
20261004T202614Z-fc20c6,Q461675,open_library_id,wikidata,OL351778A,2026-10-04T19:13:11+00:00,,
20261004T202614Z-fc20c6,Q461675,wikidata_qid,openlibrary,Q461675,2026-10-04T20:20:41+00:00,false,
20261004T202614Z-fc20c6,Q461675,work_count,openlibrary,39,2026-10-04T20:20:41+00:00,,
20261004T202614Z-fc20c6,Q46248,birth_year,openlibrary,28 April 1948,2026-10-04T20:20:43+00:00,false,
20261004T202614Z-fc20c6,Q46248,birth_year,wikidata,1948,2026-10-04T19:15:04+00:00,false,
20261004T202614Z-fc20c6,Q46248,canonical_name,wikidata,Terry Pratchett,2026-10-04T19:15:04+00:00,,
20261004T202614Z-fc20c6,Q46248,death_year,openlibrary,12 March 2015,2026-10-04T20:20:43+00:00,false,
20261004T202614Z-fc20c6,Q46248,death_year,wikidata,2015,2026-10-04T19:15:04+00:00,false,
20261004T202614Z-fc20c6,Q46248,nationality,wikidata,United Kingdom,2026-10-04T19:15:04+00:00,,
20261004T202614Z-fc20c6,Q46248,open_library_id,wikidata,OL25712A,2026-10-04T19:15:04+00:00,,
20261004T202614Z-fc20c6,Q46248,wikidata_qid,openlibrary,Q46248,2026-10-04T20:20:43+00:00,false,
20261004T202614Z-fc20c6,Q46248,work_count,openlibrary,232,2026-10-04T20:20:43+00:00,,
20261004T202614Z-fc20c6,Q463334,birth_year,openlibrary,1958,2026-10-04T20:20:44+00:00,false,
20261004T202614Z-fc20c6,Q463334,birth_year,wikidata,1958,2026-10-04T19:14:46+00:00,false,
20261004T202614Z-fc20c6,Q463334,canonical_name,wikidata,Xue Xinran,2026-10-04T19:14:46+00:00,,
20261004T202614Z-fc20c6,Q463334,death_year,openlibrary,,2026-10-04T20:20:44+00:00,,not_comparable
20261004T202614Z-fc20c6,Q463334,death_year,wikidata,,2026-10-04T19:14:46+00:00,,not_comparable
20261004T202614Z-fc20c6,Q463334,nationality,wikidata,United Kingdom,2026-10-04T19:14:46+00:00,,
20261004T202614Z-fc20c6,Q463334,open_library_id,wikidata,OL1513661A,2026-10-04T19:14:46+00:00,,
20261004T202614Z-fc20c6,Q463334,wikidata_qid,openlibrary,,2026-10-04T20:20:44+00:00,,not_comparable
20261004T202614Z-fc20c6,Q463334,work_count,openlibrary,14,2026-10-04T20:20:44+00:00,,
20261004T202614Z-fc20c6,Q464264,birth_year,openlibrary,1837,2026-10-04T20:09:46+00:00,false,
20261004T202614Z-fc20c6,Q464264,birth_year,wikidata,1837,2026-10-04T19:11:47+00:00,false,
20261004T202614Z-fc20c6,Q464264,canonical_name,wikidata,Rosalía de Castro,2026-10-04T19:11:47+00:00,,
20261004T202614Z-fc20c6,Q464264,death_year,openlibrary,1885,2026-10-04T20:09:46+00:00,false,
20261004T202614Z-fc20c6,Q464264,death_year,wikidata,1885,2026-10-04T19:11:47+00:00,false,
20261004T202614Z-fc20c6,Q464264,nationality,wikidata,Spain,2026-10-04T19:11:47+00:00,,
20261004T202614Z-fc20c6,Q464264,open_library_id,wikidata,OL123396A; OL6289552A,2026-10-04T19:11:47+00:00,,
20261004T202614Z-fc20c6,Q464264,wikidata_qid,openlibrary,Q464264,2026-10-04T20:09:46+00:00,false,
20261004T202614Z-fc20c6,Q464264,work_count,openlibrary,60,2026-10-04T20:09:46+00:00,,
20261004T202614Z-fc20c6,Q464394,birth_year,openlibrary,5. Januar 1935,2026-10-04T20:20:48+00:00,false,
20261004T202614Z-fc20c6,Q464394,birth_year,wikidata,1935,2026-10-04T19:14:34+00:00,false,
20261004T202614Z-fc20c6,Q464394,canonical_name,wikidata,Forugh Farrokhzad,2026-10-04T19:14:34+00:00,,
20261004T202614Z-fc20c6,Q464394,death_year,openlibrary,13. Februar 1967,2026-10-04T20:20:48+00:00,false,
20261004T202614Z-fc20c6,Q464394,death_year,wikidata,1967,2026-10-04T19:14:34+00:00,false,
20261004T202614Z-fc20c6,Q464394,nationality,wikidata,Pahlavi Iran,2026-10-04T19:14:34+00:00,,
20261004T202614Z-fc20c6,Q464394,open_library_id,wikidata,OL2885219A,2026-10-04T19:14:34+00:00,,
20261004T202614Z-fc20c6,Q464394,wikidata_qid,openlibrary,Q464394,2026-10-04T20:20:48+00:00,false,
20261004T202614Z-fc20c6,Q464394,work_count,openlibrary,27,2026-10-04T20:20:48+00:00,,
20261004T202614Z-fc20c6,Q465208,birth_year,openlibrary,1967,2026-10-04T20:20:48+00:00,false,
20261004T202614Z-fc20c6,Q465208,birth_year,wikidata,1967,2026-10-04T19:14:22+00:00,false,
20261004T202614Z-fc20c6,Q465208,canonical_name,wikidata,Jhumpa Lahiri,2026-10-04T19:14:22+00:00,,
20261004T202614Z-fc20c6,Q465208,death_year,openlibrary,,2026-10-04T20:20:48+00:00,,not_comparable
20261004T202614Z-fc20c6,Q465208,death_year,wikidata,,2026-10-04T19:14:22+00:00,,not_comparable
20261004T202614Z-fc20c6,Q465208,nationality,wikidata,India; United Kingdom; United States,2026-10-04T19:14:22+00:00,,
20261004T202614Z-fc20c6,Q465208,open_library_id,wikidata,OL240991A,2026-10-04T19:14:22+00:00,,
20261004T202614Z-fc20c6,Q465208,wikidata_qid,openlibrary,Q465208,2026-10-04T20:20:48+00:00,false,
20261004T202614Z-fc20c6,Q465208,work_count,openlibrary,43,2026-10-04T20:20:48+00:00,,
20261004T202614Z-fc20c6,Q465421,birth_year,wikidata,1918,2026-10-04T19:12:00+00:00,,
20261004T202614Z-fc20c6,Q465421,canonical_name,wikidata,Lygia Fagundes Telles,2026-10-04T19:12:00+00:00,,
20261004T202614Z-fc20c6,Q465421,death_year,wikidata,2022,2026-10-04T19:12:00+00:00,,
20261004T202614Z-fc20c6,Q465421,nationality,wikidata,Brazil,2026-10-04T19:12:00+00:00,,
20261004T202614Z-fc20c6,Q465700,birth_year,openlibrary,1952,2026-10-04T20:20:49+00:00,false,
20261004T202614Z-fc20c6,Q465700,birth_year,wikidata,1952,2026-10-04T19:13:06+00:00,false,
20261004T202614Z-fc20c6,Q465700,canonical_name,wikidata,Hilary Mantel,2026-10-04T19:13:06+00:00,,
20261004T202614Z-fc20c6,Q465700,death_year,openlibrary,2022,2026-10-04T20:20:49+00:00,false,
20261004T202614Z-fc20c6,Q465700,death_year,wikidata,2022,2026-10-04T19:13:06+00:00,false,
20261004T202614Z-fc20c6,Q465700,nationality,wikidata,United Kingdom,2026-10-04T19:13:06+00:00,,
20261004T202614Z-fc20c6,Q465700,open_library_id,wikidata,OL27119A,2026-10-04T19:13:06+00:00,,
20261004T202614Z-fc20c6,Q465700,wikidata_qid,openlibrary,Q465700,2026-10-04T20:20:49+00:00,false,
20261004T202614Z-fc20c6,Q465700,work_count,openlibrary,56,2026-10-04T20:20:49+00:00,,
20261004T202614Z-fc20c6,Q46706,birth_year,openlibrary,1912,2026-10-04T20:20:51+00:00,true,
20261004T202614Z-fc20c6,Q46706,birth_year,wikidata,1909,2026-10-04T19:14:04+00:00,true,
20261004T202614Z-fc20c6,Q46706,canonical_name,wikidata,Eugène Ionesco,2026-10-04T19:14:04+00:00,,
20261004T202614Z-fc20c6,Q46706,death_year,openlibrary,28 March 1994,2026-10-04T20:20:51+00:00,false,
20261004T202614Z-fc20c6,Q46706,death_year,wikidata,1994,2026-10-04T19:14:04+00:00,false,
20261004T202614Z-fc20c6,Q46706,nationality,wikidata,France; Romania,2026-10-04T19:14:04+00:00,,
20261004T202614Z-fc20c6,Q46706,open_library_id,wikidata,OL52830A,2026-10-04T19:14:04+00:00,,
20261004T202614Z-fc20c6,Q46706,wikidata_qid,openlibrary,Q46706,2026-10-04T20:20:51+00:00,false,
20261004T202614Z-fc20c6,Q46706,work_count,openlibrary,393,2026-10-04T20:20:51+00:00,,
20261004T202614Z-fc20c6,Q46739,birth_year,openlibrary,31 March 1914,2026-10-04T20:20:52+00:00,false,
20261004T202614Z-fc20c6,Q46739,birth_year,wikidata,1914,2026-10-04T19:11:54+00:00,false,
20261004T202614Z-fc20c6,Q46739,canonical_name,wikidata,Octavio Paz,2026-10-04T19:11:54+00:00,,
20261004T202614Z-fc20c6,Q46739,death_year,openlibrary,19 April 1998,2026-10-04T20:20:52+00:00,false,
20261004T202614Z-fc20c6,Q46739,death_year,wikidata,1998,2026-10-04T19:11:54+00:00,false,
20261004T202614Z-fc20c6,Q46739,nationality,wikidata,Mexico; Second Spanish Republic,2026-10-04T19:11:54+00:00,,
20261004T202614Z-fc20c6,Q46739,open_library_id,wikidata,OL60534A,2026-10-04T19:11:54+00:00,,
20261004T202614Z-fc20c6,Q46739,wikidata_qid,openlibrary,Q46739,2026-10-04T20:20:52+00:00,false,
20261004T202614Z-fc20c6,Q46739,work_count,openlibrary,554,2026-10-04T20:20:52+00:00,,
20261004T202614Z-fc20c6,Q467869,birth_year,openlibrary,1957,2026-10-04T20:20:53+00:00,false,
20261004T202614Z-fc20c6,Q467869,birth_year,wikidata,1957,2026-10-04T19:14:27+00:00,false,
20261004T202614Z-fc20c6,Q467869,canonical_name,wikidata,Alaa Al Aswany,2026-10-04T19:14:27+00:00,,
20261004T202614Z-fc20c6,Q467869,death_year,openlibrary,,2026-10-04T20:20:53+00:00,,not_comparable
20261004T202614Z-fc20c6,Q467869,death_year,wikidata,,2026-10-04T19:14:27+00:00,,not_comparable
20261004T202614Z-fc20c6,Q467869,nationality,wikidata,Egypt,2026-10-04T19:14:27+00:00,,
20261004T202614Z-fc20c6,Q467869,open_library_id,wikidata,OL2624297A,2026-10-04T19:14:27+00:00,,
20261004T202614Z-fc20c6,Q467869,wikidata_qid,openlibrary,Q467869,2026-10-04T20:20:53+00:00,false,
20261004T202614Z-fc20c6,Q467869,work_count,openlibrary,11,2026-10-04T20:20:53+00:00,,
20261004T202614Z-fc20c6,Q47087,birth_year,openlibrary,16 December 1917,2026-10-04T20:20:55+00:00,false,
20261004T202614Z-fc20c6,Q47087,birth_year,wikidata,1917,2026-10-04T19:13:01+00:00,false,
20261004T202614Z-fc20c6,Q47087,canonical_name,wikidata,Arthur C. Clarke,2026-10-04T19:13:01+00:00,,
20261004T202614Z-fc20c6,Q47087,death_year,openlibrary,19 March 2008,2026-10-04T20:20:55+00:00,false,
20261004T202614Z-fc20c6,Q47087,death_year,wikidata,2008,2026-10-04T19:13:01+00:00,false,
20261004T202614Z-fc20c6,Q47087,nationality,wikidata,United Kingdom,2026-10-04T19:13:01+00:00,,
20261004T202614Z-fc20c6,Q47087,open_library_id,wikidata,OL2623461A,2026-10-04T19:13:01+00:00,,
20261004T202614Z-fc20c6,Q47087,wikidata_qid,openlibrary,Q47087,2026-10-04T20:20:55+00:00,false,
20261004T202614Z-fc20c6,Q47087,work_count,openlibrary,874,2026-10-04T20:20:55+00:00,,
20261004T202614Z-fc20c6,Q47152,birth_year,openlibrary,30 August 1797,2026-10-04T20:20:56+00:00,false,
20261004T202614Z-fc20c6,Q47152,birth_year,wikidata,1797,2026-10-04T19:12:26+00:00,false,
20261004T202614Z-fc20c6,Q47152,canonical_name,wikidata,Mary Shelley,2026-10-04T19:12:26+00:00,,
20261004T202614Z-fc20c6,Q47152,death_year,openlibrary,1 February 1851,2026-10-04T20:20:56+00:00,false,
20261004T202614Z-fc20c6,Q47152,death_year,wikidata,1851,2026-10-04T19:12:26+00:00,false,
20261004T202614Z-fc20c6,Q47152,nationality,wikidata,Kingdom of Great Britain; United Kingdom; United Kingdom of Great Britain and Ireland,2026-10-04T19:12:26+00:00,,
20261004T202614Z-fc20c6,Q47152,open_library_id,wikidata,OL25342A,2026-10-04T19:12:26+00:00,,
20261004T202614Z-fc20c6,Q47152,wikidata_qid,openlibrary,Q47152,2026-10-04T20:20:56+00:00,false,
20261004T202614Z-fc20c6,Q47152,work_count,openlibrary,750,2026-10-04T20:20:56+00:00,,
20261004T202614Z-fc20c6,Q47243,birth_year,openlibrary,20 October 1946,2026-10-04T20:20:56+00:00,false,
20261004T202614Z-fc20c6,Q47243,birth_year,wikidata,1946,2026-10-04T19:13:35+00:00,false,
20261004T202614Z-fc20c6,Q47243,canonical_name,wikidata,Elfriede Jelinek,2026-10-04T19:13:35+00:00,,
20261004T202614Z-fc20c6,Q47243,death_year,openlibrary,,2026-10-04T20:20:56+00:00,,not_comparable
20261004T202614Z-fc20c6,Q47243,death_year,wikidata,,2026-10-04T19:13:35+00:00,,not_comparable
20261004T202614Z-fc20c6,Q47243,nationality,wikidata,Austria,2026-10-04T19:13:35+00:00,,
20261004T202614Z-fc20c6,Q47243,open_library_id,wikidata,OL35503A,2026-10-04T19:13:35+00:00,,
20261004T202614Z-fc20c6,Q47243,wikidata_qid,openlibrary,Q47243,2026-10-04T20:20:56+00:00,false,
20261004T202614Z-fc20c6,Q47243,work_count,openlibrary,170,2026-10-04T20:20:56+00:00,,
20261004T202614Z-fc20c6,Q4755130,birth_year,openlibrary,,2026-10-04T20:20:59+00:00,,not_comparable
20261004T202614Z-fc20c6,Q4755130,birth_year,wikidata,1967,2026-10-04T19:14:42+00:00,,not_comparable
20261004T202614Z-fc20c6,Q4755130,canonical_name,wikidata,Andrea Hirata,2026-10-04T19:14:42+00:00,,
20261004T202614Z-fc20c6,Q4755130,death_year,openlibrary,,2026-10-04T20:20:59+00:00,,not_comparable
20261004T202614Z-fc20c6,Q4755130,death_year,wikidata,,2026-10-04T19:14:42+00:00,,not_comparable
20261004T202614Z-fc20c6,Q4755130,nationality,wikidata,Indonesia,2026-10-04T19:14:42+00:00,,
20261004T202614Z-fc20c6,Q4755130,open_library_id,wikidata,OL6729929A,2026-10-04T19:14:42+00:00,,
20261004T202614Z-fc20c6,Q4755130,wikidata_qid,openlibrary,,2026-10-04T20:20:59+00:00,,not_comparable
20261004T202614Z-fc20c6,Q4755130,work_count,openlibrary,16,2026-10-04T20:20:59+00:00,,
20261004T202614Z-fc20c6,Q47561,birth_year,openlibrary,1892,2026-10-04T20:21:00+00:00,false,
20261004T202614Z-fc20c6,Q47561,birth_year,wikidata,1892,2026-10-04T19:14:04+00:00,false,
20261004T202614Z-fc20c6,Q47561,canonical_name,wikidata,Ivo Andrić,2026-10-04T19:14:04+00:00,,
20261004T202614Z-fc20c6,Q47561,death_year,openlibrary,1975,2026-10-04T20:21:00+00:00,false,
20261004T202614Z-fc20c6,Q47561,death_year,wikidata,1975,2026-10-04T19:14:04+00:00,false,
20261004T202614Z-fc20c6,Q47561,nationality,wikidata,"Cisleithania; Kingdom of Serbs, Croats and Slovenes; Kraljevina Jugoslavija; Socijalistička Federativna Republika Jugoslavija; State of Slovenes, Croats and Serbs",2026-10-04T19:14:04+00:00,,
20261004T202614Z-fc20c6,Q47561,open_library_id,wikidata,OL6287601A,2026-10-04T19:14:04+00:00,,
20261004T202614Z-fc20c6,Q47561,wikidata_qid,openlibrary,Q47561,2026-10-04T20:21:00+00:00,false,
20261004T202614Z-fc20c6,Q47561,work_count,openlibrary,269,2026-10-04T20:21:00+00:00,,
20261004T202614Z-fc20c6,Q47619,birth_year,openlibrary,1923,2026-10-04T20:21:00+00:00,false,
20261004T202614Z-fc20c6,Q47619,birth_year,wikidata,1923,2026-10-04T19:13:09+00:00,false,
20261004T202614Z-fc20c6,Q47619,canonical_name,wikidata,Nadine Gordimer,2026-10-04T19:13:09+00:00,,
20261004T202614Z-fc20c6,Q47619,death_year,openlibrary,2014,2026-10-04T20:21:00+00:00,false,
20261004T202614Z-fc20c6,Q47619,death_year,wikidata,2014,2026-10-04T19:13:09+00:00,false,
20261004T202614Z-fc20c6,Q47619,nationality,wikidata,South Africa,2026-10-04T19:13:09+00:00,,
20261004T202614Z-fc20c6,Q47619,open_library_id,wikidata,OL20580A,2026-10-04T19:13:09+00:00,,
20261004T202614Z-fc20c6,Q47619,wikidata_qid,openlibrary,Q47619,2026-10-04T20:21:00+00:00,false,
20261004T202614Z-fc20c6,Q47619,work_count,openlibrary,318,2026-10-04T20:21:00+00:00,,
20261004T202614Z-fc20c6,Q47737,birth_year,openlibrary,1883,2026-10-04T20:21:01+00:00,false,
20261004T202614Z-fc20c6,Q47737,birth_year,wikidata,1883,2026-10-04T19:14:31+00:00,false,
20261004T202614Z-fc20c6,Q47737,canonical_name,wikidata,Kahlil Gibran,2026-10-04T19:14:31+00:00,,
20261004T202614Z-fc20c6,Q47737,death_year,openlibrary,1931,2026-10-04T20:21:01+00:00,false,
20261004T202614Z-fc20c6,Q47737,death_year,wikidata,1931,2026-10-04T19:14:31+00:00,false,
20261004T202614Z-fc20c6,Q47737,nationality,wikidata,Lebanese Republic under French mandate; Ottoman Empire; State of Greater Lebanon,2026-10-04T19:14:31+00:00,,
20261004T202614Z-fc20c6,Q47737,open_library_id,wikidata,OL2890A; OL3090994A,2026-10-04T19:14:31+00:00,,
20261004T202614Z-fc20c6,Q47737,wikidata_qid,openlibrary,Q47737,2026-10-04T20:21:01+00:00,false,
20261004T202614Z-fc20c6,Q47737,work_count,openlibrary,847,2026-10-04T20:21:01+00:00,,
20261004T202614Z-fc20c6,Q47755,birth_year,openlibrary,1929,2026-10-04T20:21:09+00:00,false,
20261004T202614Z-fc20c6,Q47755,birth_year,wikidata,1929,2026-10-04T19:14:02+00:00,false,
20261004T202614Z-fc20c6,Q47755,canonical_name,wikidata,Imre Kertész,2026-10-04T19:14:02+00:00,,
20261004T202614Z-fc20c6,Q47755,death_year,openlibrary,31 March 2016,2026-10-04T20:21:09+00:00,false,
20261004T202614Z-fc20c6,Q47755,death_year,wikidata,2016,2026-10-04T19:14:02+00:00,false,
20261004T202614Z-fc20c6,Q47755,nationality,wikidata,Germany; Hungary,2026-10-04T19:14:02+00:00,,
20261004T202614Z-fc20c6,Q47755,open_library_id,wikidata,OL2827682A; OL382648A,2026-10-04T19:14:02+00:00,,
20261004T202614Z-fc20c6,Q47755,wikidata_qid,openlibrary,Q47755,2026-10-04T20:21:09+00:00,false,
20261004T202614Z-fc20c6,Q47755,work_count,openlibrary,157,2026-10-04T20:21:09+00:00,,
20261004T202614Z-fc20c6,Q48226,birth_year,openlibrary,25 May 1803,2026-10-04T20:21:04+00:00,false,
20261004T202614Z-fc20c6,Q48226,birth_year,wikidata,1803,2026-10-04T19:12:49+00:00,false,
20261004T202614Z-fc20c6,Q48226,canonical_name,wikidata,Ralph Waldo Emerson,2026-10-04T19:12:49+00:00,,
20261004T202614Z-fc20c6,Q48226,death_year,openlibrary,27 April 1882,2026-10-04T20:21:04+00:00,false,
20261004T202614Z-fc20c6,Q48226,death_year,wikidata,1882,2026-10-04T19:12:49+00:00,false,
20261004T202614Z-fc20c6,Q48226,nationality,wikidata,United States,2026-10-04T19:12:49+00:00,,
20261004T202614Z-fc20c6,Q48226,open_library_id,wikidata,OL18405A,2026-10-04T19:12:49+00:00,,
20261004T202614Z-fc20c6,Q48226,wikidata_qid,openlibrary,Q48226,2026-10-04T20:21:04+00:00,false,
20261004T202614Z-fc20c6,Q48226,work_count,openlibrary,2112,2026-10-04T20:21:04+00:00,,
20261004T202614Z-fc20c6,Q48305,birth_year,openlibrary,480 BCE,2026-10-04T20:21:04+00:00,false,
20261004T202614Z-fc20c6,Q48305,birth_year,wikidata,-480,2026-10-04T19:13:53+00:00,false,
20261004T202614Z-fc20c6,Q48305,canonical_name,wikidata,Euripides,2026-10-04T19:13:53+00:00,,
20261004T202614Z-fc20c6,Q48305,death_year,openlibrary,406 BCE,2026-10-04T20:21:04+00:00,false,
20261004T202614Z-fc20c6,Q48305,death_year,wikidata,-406,2026-10-04T19:13:53+00:00,false,
20261004T202614Z-fc20c6,Q48305,nationality,wikidata,Classical Athens,2026-10-04T19:13:53+00:00,,
20261004T202614Z-fc20c6,Q48305,open_library_id,wikidata,OL21589A,2026-10-04T19:13:53+00:00,,
20261004T202614Z-fc20c6,Q48305,wikidata_qid,openlibrary,Q48305,2026-10-04T20:21:04+00:00,false,
20261004T202614Z-fc20c6,Q48305,work_count,openlibrary,751,2026-10-04T20:21:04+00:00,,
20261004T202614Z-fc20c6,Q484947,birth_year,openlibrary,,2026-10-04T20:21:05+00:00,,not_comparable
20261004T202614Z-fc20c6,Q484947,birth_year,wikidata,1943,2026-10-04T19:14:12+00:00,,not_comparable
20261004T202614Z-fc20c6,Q484947,canonical_name,wikidata,Hwang Sok-yong,2026-10-04T19:14:12+00:00,,
20261004T202614Z-fc20c6,Q484947,death_year,openlibrary,,2026-10-04T20:21:05+00:00,,not_comparable
20261004T202614Z-fc20c6,Q484947,death_year,wikidata,,2026-10-04T19:14:12+00:00,,not_comparable
20261004T202614Z-fc20c6,Q484947,nationality,wikidata,South Korea,2026-10-04T19:14:12+00:00,,
20261004T202614Z-fc20c6,Q484947,open_library_id,wikidata,OL3965312A,2026-10-04T19:14:12+00:00,,
20261004T202614Z-fc20c6,Q484947,wikidata_qid,openlibrary,,2026-10-04T20:21:05+00:00,,not_comparable
20261004T202614Z-fc20c6,Q484947,work_count,openlibrary,5,2026-10-04T20:21:05+00:00,,
20261004T202614Z-fc20c6,Q484988,birth_year,openlibrary,18 Oct 1952,2026-10-04T20:21:13+00:00,false,
20261004T202614Z-fc20c6,Q484988,birth_year,wikidata,1952,2026-10-04T19:14:40+00:00,false,
20261004T202614Z-fc20c6,Q484988,canonical_name,wikidata,Bao Ninh,2026-10-04T19:14:40+00:00,,
20261004T202614Z-fc20c6,Q484988,death_year,openlibrary,,2026-10-04T20:21:13+00:00,,not_comparable
20261004T202614Z-fc20c6,Q484988,death_year,wikidata,,2026-10-04T19:14:40+00:00,,not_comparable
20261004T202614Z-fc20c6,Q484988,nationality,wikidata,Vietnam,2026-10-04T19:14:40+00:00,,
20261004T202614Z-fc20c6,Q484988,open_library_id,wikidata,OL2645428A,2026-10-04T19:14:40+00:00,,
20261004T202614Z-fc20c6,Q484988,wikidata_qid,openlibrary,Q484988,2026-10-04T20:21:13+00:00,false,
20261004T202614Z-fc20c6,Q484988,work_count,openlibrary,0,2026-10-04T20:21:13+00:00,,
20261004T202614Z-fc20c6,Q49074,birth_year,openlibrary,11 November 1922,2026-10-04T20:21:08+00:00,false,
20261004T202614Z-fc20c6,Q49074,birth_year,wikidata,1922,2026-10-04T19:12:59+00:00,false,
20261004T202614Z-fc20c6,Q49074,canonical_name,wikidata,Kurt Vonnegut,2026-10-04T19:12:59+00:00,,
20261004T202614Z-fc20c6,Q49074,death_year,openlibrary,11 April 2007,2026-10-04T20:21:08+00:00,false,
20261004T202614Z-fc20c6,Q49074,death_year,wikidata,2007,2026-10-04T19:12:59+00:00,false,
20261004T202614Z-fc20c6,Q49074,nationality,wikidata,United States,2026-10-04T19:12:59+00:00,,
20261004T202614Z-fc20c6,Q49074,open_library_id,wikidata,OL20187A,2026-10-04T19:12:59+00:00,,
20261004T202614Z-fc20c6,Q49074,wikidata_qid,openlibrary,Q49074,2026-10-04T20:21:08+00:00,false,
20261004T202614Z-fc20c6,Q49074,work_count,openlibrary,147,2026-10-04T20:21:08+00:00,,
20261004T202614Z-fc20c6,Q4985,birth_year,openlibrary,1 August 1819,2026-10-04T20:21:08+00:00,false,
20261004T202614Z-fc20c6,Q4985,birth_year,wikidata,1819,2026-10-04T19:12:46+00:00,false,
20261004T202614Z-fc20c6,Q4985,canonical_name,wikidata,Herman Melville,2026-10-04T19:12:46+00:00,,
20261004T202614Z-fc20c6,Q4985,death_year,openlibrary,28 September 1891,2026-10-04T20:21:08+00:00,false,
20261004T202614Z-fc20c6,Q4985,death_year,wikidata,1891,2026-10-04T19:12:46+00:00,false,
20261004T202614Z-fc20c6,Q4985,nationality,wikidata,United States,2026-10-04T19:12:46+00:00,,
20261004T202614Z-fc20c6,Q4985,open_library_id,wikidata,OL29497A,2026-10-04T19:12:46+00:00,,
20261004T202614Z-fc20c6,Q4985,wikidata_qid,openlibrary,Q4985,2026-10-04T20:21:08+00:00,false,
20261004T202614Z-fc20c6,Q4985,work_count,openlibrary,2483,2026-10-04T20:21:08+00:00,,
20261004T202614Z-fc20c6,Q502,birth_year,openlibrary,23 January 1783,2026-10-04T20:21:17+00:00,false,
20261004T202614Z-fc20c6,Q502,birth_year,wikidata,1783,2026-10-04T19:13:21+00:00,false,
20261004T202614Z-fc20c6,Q502,canonical_name,wikidata,Stendhal,2026-10-04T19:13:21+00:00,,
20261004T202614Z-fc20c6,Q502,death_year,openlibrary,23 March 1842,2026-10-04T20:21:17+00:00,false,
20261004T202614Z-fc20c6,Q502,death_year,wikidata,1842,2026-10-04T19:13:21+00:00,false,
20261004T202614Z-fc20c6,Q502,nationality,wikidata,France,2026-10-04T19:13:21+00:00,,
20261004T202614Z-fc20c6,Q502,open_library_id,wikidata,OL3547743A,2026-10-04T19:13:21+00:00,,
20261004T202614Z-fc20c6,Q502,wikidata_qid,openlibrary,Q502,2026-10-04T20:21:17+00:00,false,
20261004T202614Z-fc20c6,Q502,work_count,openlibrary,0,2026-10-04T20:21:17+00:00,,
20261004T202614Z-fc20c6,Q504,birth_year,openlibrary,2 April 1840,2026-10-04T20:21:12+00:00,false,
20261004T202614Z-fc20c6,Q504,birth_year,wikidata,1840,2026-10-04T19:13:20+00:00,false,
20261004T202614Z-fc20c6,Q504,canonical_name,wikidata,Émile Zola,2026-10-04T19:13:20+00:00,,
20261004T202614Z-fc20c6,Q504,death_year,openlibrary,28 September 1902,2026-10-04T20:21:12+00:00,false,
20261004T202614Z-fc20c6,Q504,death_year,wikidata,1902,2026-10-04T19:13:20+00:00,false,
20261004T202614Z-fc20c6,Q504,nationality,wikidata,France; United Kingdom,2026-10-04T19:13:20+00:00,,
20261004T202614Z-fc20c6,Q504,open_library_id,wikidata,OL32772A,2026-10-04T19:13:20+00:00,,
20261004T202614Z-fc20c6,Q504,wikidata_qid,openlibrary,Q504,2026-10-04T20:21:12+00:00,false,
20261004T202614Z-fc20c6,Q504,work_count,openlibrary,4471,2026-10-04T20:21:12+00:00,,
20261004T202614Z-fc20c6,Q509662,birth_year,openlibrary,6 Nov 1969,2026-10-04T20:21:12+00:00,false,
20261004T202614Z-fc20c6,Q509662,birth_year,wikidata,1969,2026-10-04T19:13:13+00:00,false,
20261004T202614Z-fc20c6,Q509662,canonical_name,wikidata,Colson Whitehead,2026-10-04T19:13:13+00:00,,
20261004T202614Z-fc20c6,Q509662,death_year,openlibrary,,2026-10-04T20:21:12+00:00,,not_comparable
20261004T202614Z-fc20c6,Q509662,death_year,wikidata,,2026-10-04T19:13:13+00:00,,not_comparable
20261004T202614Z-fc20c6,Q509662,nationality,wikidata,United States,2026-10-04T19:13:13+00:00,,
20261004T202614Z-fc20c6,Q509662,open_library_id,wikidata,OL218462A,2026-10-04T19:13:13+00:00,,
20261004T202614Z-fc20c6,Q509662,wikidata_qid,openlibrary,Q509662,2026-10-04T20:21:12+00:00,false,
20261004T202614Z-fc20c6,Q509662,work_count,openlibrary,17,2026-10-04T20:21:12+00:00,,
20261004T202614Z-fc20c6,Q512062,birth_year,openlibrary,5 January 1954,2026-10-04T20:21:22+00:00,false,
20261004T202614Z-fc20c6,Q512062,birth_year,wikidata,1954,2026-10-04T19:14:02+00:00,false,
20261004T202614Z-fc20c6,Q512062,canonical_name,wikidata,László Krasznahorkai,2026-10-04T19:14:02+00:00,,
20261004T202614Z-fc20c6,Q512062,death_year,openlibrary,,2026-10-04T20:21:22+00:00,,not_comparable
20261004T202614Z-fc20c6,Q512062,death_year,wikidata,,2026-10-04T19:14:02+00:00,,not_comparable
20261004T202614Z-fc20c6,Q512062,nationality,wikidata,Hungary,2026-10-04T19:14:02+00:00,,
20261004T202614Z-fc20c6,Q512062,open_library_id,wikidata,OL6759572A; OL565295A,2026-10-04T19:14:02+00:00,,
20261004T202614Z-fc20c6,Q512062,wikidata_qid,openlibrary,Q512062,2026-10-04T20:21:22+00:00,false,
20261004T202614Z-fc20c6,Q512062,work_count,openlibrary,23,2026-10-04T20:21:22+00:00,,
20261004T202614Z-fc20c6,Q535,birth_year,openlibrary,26 February 1802,2026-10-04T20:21:16+00:00,false,
20261004T202614Z-fc20c6,Q535,birth_year,wikidata,1802,2026-10-04T19:13:21+00:00,false,
20261004T202614Z-fc20c6,Q535,canonical_name,wikidata,Victor Hugo,2026-10-04T19:13:21+00:00,,
20261004T202614Z-fc20c6,Q535,death_year,openlibrary,22 May 1885,2026-10-04T20:21:16+00:00,false,
20261004T202614Z-fc20c6,Q535,death_year,wikidata,1885,2026-10-04T19:13:21+00:00,false,
20261004T202614Z-fc20c6,Q535,nationality,wikidata,Belgium; France; United Kingdom,2026-10-04T19:13:21+00:00,,
20261004T202614Z-fc20c6,Q535,open_library_id,wikidata,OL107571A,2026-10-04T19:13:21+00:00,,
20261004T202614Z-fc20c6,Q535,wikidata_qid,openlibrary,Q535,2026-10-04T20:21:16+00:00,false,
20261004T202614Z-fc20c6,Q535,work_count,openlibrary,4646,2026-10-04T20:21:16+00:00,,
20261004T202614Z-fc20c6,Q5359012,birth_year,openlibrary,17 November 1886,2026-10-04T20:21:17+00:00,false,
20261004T202614Z-fc20c6,Q5359012,birth_year,wikidata,1886,2026-10-04T19:15:09+00:00,false,
20261004T202614Z-fc20c6,Q5359012,canonical_name,wikidata,Elena Fortún,2026-10-04T19:15:09+00:00,,
20261004T202614Z-fc20c6,Q5359012,death_year,openlibrary,1952,2026-10-04T20:21:17+00:00,false,
20261004T202614Z-fc20c6,Q5359012,death_year,wikidata,1952,2026-10-04T19:15:09+00:00,false,
20261004T202614Z-fc20c6,Q5359012,nationality,wikidata,Spain,2026-10-04T19:15:09+00:00,,
20261004T202614Z-fc20c6,Q5359012,open_library_id,wikidata,OL4211064A,2026-10-04T19:15:09+00:00,,
20261004T202614Z-fc20c6,Q5359012,wikidata_qid,openlibrary,Q5359012,2026-10-04T20:21:17+00:00,false,
20261004T202614Z-fc20c6,Q5359012,work_count,openlibrary,17,2026-10-04T20:21:17+00:00,,
20261004T202614Z-fc20c6,Q5360799,birth_year,openlibrary,1977,2026-10-04T20:21:20+00:00,false,
20261004T202614Z-fc20c6,Q5360799,birth_year,wikidata,1977,2026-10-04T19:14:26+00:00,false,
20261004T202614Z-fc20c6,Q5360799,canonical_name,wikidata,Elif Batuman,2026-10-04T19:14:26+00:00,,
20261004T202614Z-fc20c6,Q5360799,death_year,openlibrary,,2026-10-04T20:21:20+00:00,,not_comparable
20261004T202614Z-fc20c6,Q5360799,death_year,wikidata,,2026-10-04T19:14:26+00:00,,not_comparable
20261004T202614Z-fc20c6,Q5360799,nationality,wikidata,United States,2026-10-04T19:14:26+00:00,,
20261004T202614Z-fc20c6,Q5360799,open_library_id,wikidata,OL3031163A,2026-10-04T19:14:26+00:00,,
20261004T202614Z-fc20c6,Q5360799,wikidata_qid,openlibrary,Q5360799,2026-10-04T20:21:20+00:00,false,
20261004T202614Z-fc20c6,Q5360799,work_count,openlibrary,5,2026-10-04T20:21:20+00:00,,
20261004T202614Z-fc20c6,Q555888,birth_year,openlibrary,1959,2026-10-04T20:21:26+00:00,false,
20261004T202614Z-fc20c6,Q555888,birth_year,wikidata,1959,2026-10-04T19:12:24+00:00,false,
20261004T202614Z-fc20c6,Q555888,canonical_name,wikidata,Ildefonso Falcones,2026-10-04T19:12:24+00:00,,
20261004T202614Z-fc20c6,Q555888,death_year,openlibrary,).,2026-10-04T20:21:26+00:00,,not_comparable
20261004T202614Z-fc20c6,Q555888,death_year,wikidata,,2026-10-04T19:12:24+00:00,,not_comparable
20261004T202614Z-fc20c6,Q555888,nationality,wikidata,Spain,2026-10-04T19:12:24+00:00,,
20261004T202614Z-fc20c6,Q555888,open_library_id,wikidata,OL3203942A,2026-10-04T19:12:24+00:00,,
20261004T202614Z-fc20c6,Q555888,wikidata_qid,openlibrary,Q555888,2026-10-04T20:21:26+00:00,false,
20261004T202614Z-fc20c6,Q555888,work_count,openlibrary,0,2026-10-04T20:21:26+00:00,,
20261004T202614Z-fc20c6,Q55767,birth_year,openlibrary,14 November 1907,2026-10-04T20:21:21+00:00,false,
20261004T202614Z-fc20c6,Q55767,birth_year,wikidata,1907,2026-10-04T19:14:00+00:00,false,
20261004T202614Z-fc20c6,Q55767,canonical_name,wikidata,Astrid Lindgren,2026-10-04T19:14:00+00:00,,
20261004T202614Z-fc20c6,Q55767,death_year,openlibrary,28 January 2002,2026-10-04T20:21:21+00:00,false,
20261004T202614Z-fc20c6,Q55767,death_year,wikidata,2002,2026-10-04T19:14:00+00:00,false,
20261004T202614Z-fc20c6,Q55767,nationality,wikidata,Sweden,2026-10-04T19:14:00+00:00,,
20261004T202614Z-fc20c6,Q55767,open_library_id,wikidata,OL24950A,2026-10-04T19:14:00+00:00,,
20261004T202614Z-fc20c6,Q55767,wikidata_qid,openlibrary,Q55767,2026-10-04T20:21:21+00:00,false,
20261004T202614Z-fc20c6,Q55767,work_count,openlibrary,424,2026-10-04T20:21:21+00:00,,
20261004T202614Z-fc20c6,Q558252,birth_year,openlibrary,1924,2026-10-04T20:21:24+00:00,false,
20261004T202614Z-fc20c6,Q558252,birth_year,wikidata,1924,2026-10-04T19:14:44+00:00,false,
20261004T202614Z-fc20c6,Q558252,canonical_name,wikidata,F. Sionil José,2026-10-04T19:14:44+00:00,,
20261004T202614Z-fc20c6,Q558252,death_year,openlibrary,,2026-10-04T20:21:24+00:00,,not_comparable
20261004T202614Z-fc20c6,Q558252,death_year,wikidata,2022,2026-10-04T19:14:44+00:00,,not_comparable
20261004T202614Z-fc20c6,Q558252,nationality,wikidata,Philippines,2026-10-04T19:14:44+00:00,,
20261004T202614Z-fc20c6,Q558252,open_library_id,wikidata,OL18929A,2026-10-04T19:14:44+00:00,,
20261004T202614Z-fc20c6,Q558252,wikidata_qid,openlibrary,Q558252,2026-10-04T20:21:24+00:00,false,
20261004T202614Z-fc20c6,Q558252,work_count,openlibrary,77,2026-10-04T20:21:24+00:00,,
20261004T202614Z-fc20c6,Q558950,birth_year,openlibrary,1935,2026-10-04T20:21:24+00:00,false,
20261004T202614Z-fc20c6,Q558950,birth_year,wikidata,1935,2026-10-04T19:12:04+00:00,false,
20261004T202614Z-fc20c6,Q558950,canonical_name,wikidata,José Luandino Vieira,2026-10-04T19:12:04+00:00,,
20261004T202614Z-fc20c6,Q558950,death_year,openlibrary,,2026-10-04T20:21:24+00:00,,not_comparable
20261004T202614Z-fc20c6,Q558950,death_year,wikidata,,2026-10-04T19:12:04+00:00,,not_comparable
20261004T202614Z-fc20c6,Q558950,nationality,wikidata,Angola,2026-10-04T19:12:04+00:00,,
20261004T202614Z-fc20c6,Q558950,open_library_id,wikidata,OL655333A,2026-10-04T19:12:04+00:00,,
20261004T202614Z-fc20c6,Q558950,wikidata_qid,openlibrary,Q558950,2026-10-04T20:21:24+00:00,false,
20261004T202614Z-fc20c6,Q558950,work_count,openlibrary,38,2026-10-04T20:21:24+00:00,,
20261004T202614Z-fc20c6,Q561434,birth_year,openlibrary,1929,2026-10-04T20:21:25+00:00,false,
20261004T202614Z-fc20c6,Q561434,birth_year,wikidata,1929,2026-10-04T19:14:28+00:00,false,
20261004T202614Z-fc20c6,Q561434,canonical_name,wikidata,al-Tayyib Salih,2026-10-04T19:14:28+00:00,,
20261004T202614Z-fc20c6,Q561434,death_year,openlibrary,2009,2026-10-04T20:21:25+00:00,false,
20261004T202614Z-fc20c6,Q561434,death_year,wikidata,2009,2026-10-04T19:14:28+00:00,false,
20261004T202614Z-fc20c6,Q561434,nationality,wikidata,Sudan,2026-10-04T19:14:28+00:00,,
20261004T202614Z-fc20c6,Q561434,open_library_id,wikidata,OL454048A,2026-10-04T19:14:28+00:00,,
20261004T202614Z-fc20c6,Q561434,wikidata_qid,openlibrary,,2026-10-04T20:21:25+00:00,,not_comparable
20261004T202614Z-fc20c6,Q561434,work_count,openlibrary,36,2026-10-04T20:21:25+00:00,,
20261004T202614Z-fc20c6,Q5646626,birth_year,openlibrary,1970-11-27,2026-10-04T20:21:25+00:00,false,
20261004T202614Z-fc20c6,Q5646626,birth_year,wikidata,1970,2026-10-04T19:14:12+00:00,false,
20261004T202614Z-fc20c6,Q5646626,canonical_name,wikidata,Han Kang,2026-10-04T19:14:12+00:00,,
20261004T202614Z-fc20c6,Q5646626,death_year,openlibrary,,2026-10-04T20:21:25+00:00,,not_comparable
20261004T202614Z-fc20c6,Q5646626,death_year,wikidata,,2026-10-04T19:14:12+00:00,,not_comparable
20261004T202614Z-fc20c6,Q5646626,nationality,wikidata,South Korea,2026-10-04T19:14:12+00:00,,
20261004T202614Z-fc20c6,Q5646626,open_library_id,wikidata,OL2671323A,2026-10-04T19:14:12+00:00,,
20261004T202614Z-fc20c6,Q5646626,wikidata_qid,openlibrary,Q5646626,2026-10-04T20:21:25+00:00,false,
20261004T202614Z-fc20c6,Q5646626,work_count,openlibrary,32,2026-10-04T20:21:25+00:00,,
20261004T202614Z-fc20c6,Q5673,birth_year,openlibrary,2 April 1805,2026-10-04T20:21:27+00:00,false,
20261004T202614Z-fc20c6,Q5673,birth_year,wikidata,1805,2026-10-04T19:13:57+00:00,false,
20261004T202614Z-fc20c6,Q5673,canonical_name,wikidata,Hans Christian Andersen,2026-10-04T19:13:57+00:00,,
20261004T202614Z-fc20c6,Q5673,death_year,openlibrary,4 August 1875,2026-10-04T20:21:27+00:00,false,
20261004T202614Z-fc20c6,Q5673,death_year,wikidata,1875,2026-10-04T19:13:57+00:00,false,
20261004T202614Z-fc20c6,Q5673,nationality,wikidata,Kingdom of Denmark,2026-10-04T19:13:57+00:00,,
20261004T202614Z-fc20c6,Q5673,open_library_id,wikidata,OL25931A,2026-10-04T19:13:57+00:00,,
20261004T202614Z-fc20c6,Q5673,wikidata_qid,openlibrary,Q5673,2026-10-04T20:21:27+00:00,false,
20261004T202614Z-fc20c6,Q5673,work_count,openlibrary,2641,2026-10-04T20:21:27+00:00,,
20261004T202614Z-fc20c6,Q5679,birth_year,openlibrary,22 January 1788,2026-10-04T20:21:28+00:00,false,
20261004T202614Z-fc20c6,Q5679,birth_year,wikidata,1788,2026-10-04T19:12:38+00:00,false,
20261004T202614Z-fc20c6,Q5679,canonical_name,wikidata,Lord Byron,2026-10-04T19:12:38+00:00,,
20261004T202614Z-fc20c6,Q5679,death_year,openlibrary,19 April 1824,2026-10-04T20:21:28+00:00,false,
20261004T202614Z-fc20c6,Q5679,death_year,wikidata,1824,2026-10-04T19:12:38+00:00,false,
20261004T202614Z-fc20c6,Q5679,nationality,wikidata,Kingdom of Great Britain; United Kingdom; United Kingdom of Great Britain and Ireland,2026-10-04T19:12:38+00:00,,
20261004T202614Z-fc20c6,Q5679,open_library_id,wikidata,OL113143A,2026-10-04T19:12:38+00:00,,
20261004T202614Z-fc20c6,Q5679,wikidata_qid,openlibrary,Q5679,2026-10-04T20:21:28+00:00,false,
20261004T202614Z-fc20c6,Q5679,work_count,openlibrary,1024,2026-10-04T20:21:28+00:00,,
20261004T202614Z-fc20c6,Q5682,birth_year,openlibrary,29 Sep 1547,2026-10-04T20:09:49+00:00,false,
20261004T202614Z-fc20c6,Q5682,birth_year,wikidata,1547,2026-10-04T19:11:46+00:00,false,
20261004T202614Z-fc20c6,Q5682,canonical_name,wikidata,Miguel de Cervantes Saavedra,2026-10-04T19:11:46+00:00,,
20261004T202614Z-fc20c6,Q5682,death_year,openlibrary,23 Apr 1616,2026-10-04T20:09:49+00:00,false,
20261004T202614Z-fc20c6,Q5682,death_year,wikidata,1616,2026-10-04T19:11:46+00:00,false,
20261004T202614Z-fc20c6,Q5682,nationality,wikidata,Corona de Castilla,2026-10-04T19:11:46+00:00,,
20261004T202614Z-fc20c6,Q5682,open_library_id,wikidata,OL676237A; OL66452A,2026-10-04T19:11:46+00:00,,
20261004T202614Z-fc20c6,Q5682,wikidata_qid,openlibrary,Q5682,2026-10-04T20:09:49+00:00,false,
20261004T202614Z-fc20c6,Q5682,work_count,openlibrary,3214,2026-10-04T20:09:49+00:00,,
20261004T202614Z-fc20c6,Q5683,birth_year,openlibrary,1343,2026-10-04T20:21:29+00:00,false,
20261004T202614Z-fc20c6,Q5683,birth_year,wikidata,1343,2026-10-04T19:12:31+00:00,false,
20261004T202614Z-fc20c6,Q5683,canonical_name,wikidata,Geoffrey Chaucer,2026-10-04T19:12:31+00:00,,
20261004T202614Z-fc20c6,Q5683,death_year,openlibrary,25 October 1400,2026-10-04T20:21:29+00:00,false,
20261004T202614Z-fc20c6,Q5683,death_year,wikidata,1400,2026-10-04T19:12:31+00:00,false,
20261004T202614Z-fc20c6,Q5683,nationality,wikidata,Kingdom of England,2026-10-04T19:12:31+00:00,,
20261004T202614Z-fc20c6,Q5683,open_library_id,wikidata,OL37436A,2026-10-04T19:12:31+00:00,,
20261004T202614Z-fc20c6,Q5683,wikidata_qid,openlibrary,Q5683,2026-10-04T20:21:29+00:00,false,
20261004T202614Z-fc20c6,Q5683,work_count,openlibrary,1514,2026-10-04T20:21:29+00:00,,
20261004T202614Z-fc20c6,Q5685,birth_year,openlibrary,29 January 1860,2026-10-04T20:21:38+00:00,false,
20261004T202614Z-fc20c6,Q5685,birth_year,wikidata,1860,2026-10-04T19:13:17+00:00,false,
20261004T202614Z-fc20c6,Q5685,canonical_name,wikidata,Anton Chekhov,2026-10-04T19:13:17+00:00,,
20261004T202614Z-fc20c6,Q5685,death_year,openlibrary,15 July 1904,2026-10-04T20:21:38+00:00,false,
20261004T202614Z-fc20c6,Q5685,death_year,wikidata,1904,2026-10-04T19:13:17+00:00,false,
20261004T202614Z-fc20c6,Q5685,nationality,wikidata,Russian Empire,2026-10-04T19:13:17+00:00,,
20261004T202614Z-fc20c6,Q5685,open_library_id,wikidata,OL3156833A; OL19677A,2026-10-04T19:13:17+00:00,,
20261004T202614Z-fc20c6,Q5685,wikidata_qid,openlibrary,Q5685,2026-10-04T20:21:38+00:00,false,
20261004T202614Z-fc20c6,Q5685,work_count,openlibrary,2700,2026-10-04T20:21:38+00:00,,
20261004T202614Z-fc20c6,Q5686,birth_year,openlibrary,7 February 1812,2026-10-04T20:21:33+00:00,false,
20261004T202614Z-fc20c6,Q5686,birth_year,wikidata,1812,2026-10-04T19:12:27+00:00,false,
20261004T202614Z-fc20c6,Q5686,canonical_name,wikidata,Charles Dickens,2026-10-04T19:12:27+00:00,,
20261004T202614Z-fc20c6,Q5686,death_year,openlibrary,9 June 1870,2026-10-04T20:21:33+00:00,false,
20261004T202614Z-fc20c6,Q5686,death_year,wikidata,1870,2026-10-04T19:12:27+00:00,false,
20261004T202614Z-fc20c6,Q5686,nationality,wikidata,United Kingdom; United Kingdom of Great Britain and Ireland,2026-10-04T19:12:27+00:00,,
20261004T202614Z-fc20c6,Q5686,open_library_id,wikidata,OL24638A,2026-10-04T19:12:27+00:00,,
20261004T202614Z-fc20c6,Q5686,wikidata_qid,openlibrary,Q5686,2026-10-04T20:21:33+00:00,false,
20261004T202614Z-fc20c6,Q5686,work_count,openlibrary,7558,2026-10-04T20:21:33+00:00,,
20261004T202614Z-fc20c6,Q57382,birth_year,openlibrary,18 March 1929,2026-10-04T20:21:35+00:00,false,
20261004T202614Z-fc20c6,Q57382,birth_year,wikidata,1929,2026-10-04T19:13:35+00:00,false,
20261004T202614Z-fc20c6,Q57382,canonical_name,wikidata,Christa Wolf,2026-10-04T19:13:35+00:00,,
20261004T202614Z-fc20c6,Q57382,death_year,openlibrary,1 December 2011,2026-10-04T20:21:35+00:00,false,
20261004T202614Z-fc20c6,Q57382,death_year,wikidata,2011,2026-10-04T19:13:35+00:00,false,
20261004T202614Z-fc20c6,Q57382,nationality,wikidata,East Germany; Germany,2026-10-04T19:13:35+00:00,,
20261004T202614Z-fc20c6,Q57382,open_library_id,wikidata,OL61330A,2026-10-04T19:13:35+00:00,,
20261004T202614Z-fc20c6,Q57382,wikidata_qid,openlibrary,Q57382,2026-10-04T20:21:35+00:00,false,
20261004T202614Z-fc20c6,Q57382,work_count,openlibrary,163,2026-10-04T20:21:35+00:00,,
20261004T202614Z-fc20c6,Q57971,birth_year,openlibrary,10. Dezember 1958,2026-10-04T20:21:42+00:00,false,
20261004T202614Z-fc20c6,Q57971,birth_year,wikidata,1958,2026-10-04T19:15:08+00:00,false,
20261004T202614Z-fc20c6,Q57971,canonical_name,wikidata,Cornelia Funke,2026-10-04T19:15:08+00:00,,
20261004T202614Z-fc20c6,Q57971,death_year,openlibrary,,2026-10-04T20:21:42+00:00,,not_comparable
20261004T202614Z-fc20c6,Q57971,death_year,wikidata,,2026-10-04T19:15:08+00:00,,not_comparable
20261004T202614Z-fc20c6,Q57971,nationality,wikidata,Germany,2026-10-04T19:15:08+00:00,,
20261004T202614Z-fc20c6,Q57971,open_library_id,wikidata,OL2704045A; OL83365A,2026-10-04T19:15:08+00:00,,
20261004T202614Z-fc20c6,Q57971,wikidata_qid,openlibrary,Q57971,2026-10-04T20:21:42+00:00,false,
20261004T202614Z-fc20c6,Q57971,work_count,openlibrary,119,2026-10-04T20:21:42+00:00,,
20261004T202614Z-fc20c6,Q5878,birth_year,openlibrary,1927-03-06,2026-10-04T20:09:52+00:00,false,
20261004T202614Z-fc20c6,Q5878,birth_year,wikidata,1927,2026-10-04T19:11:45+00:00,false,
20261004T202614Z-fc20c6,Q5878,canonical_name,wikidata,Gabriel García Márquez,2026-10-04T19:11:45+00:00,,
20261004T202614Z-fc20c6,Q5878,death_year,openlibrary,2014-04-17,2026-10-04T20:09:52+00:00,false,
20261004T202614Z-fc20c6,Q5878,death_year,wikidata,2014,2026-10-04T19:11:45+00:00,false,
20261004T202614Z-fc20c6,Q5878,nationality,wikidata,Colombia,2026-10-04T19:11:45+00:00,,
20261004T202614Z-fc20c6,Q5878,open_library_id,wikidata,OL4586796A; OL27363A,2026-10-04T19:11:45+00:00,,
20261004T202614Z-fc20c6,Q5878,wikidata_qid,openlibrary,Q5878,2026-10-04T20:09:52+00:00,false,
20261004T202614Z-fc20c6,Q5878,work_count,openlibrary,456,2026-10-04T20:09:52+00:00,,
20261004T202614Z-fc20c6,Q5879,birth_year,openlibrary,28 August 1749,2026-10-04T20:21:37+00:00,false,
20261004T202614Z-fc20c6,Q5879,birth_year,wikidata,1749,2026-10-04T19:13:31+00:00,false,
20261004T202614Z-fc20c6,Q5879,canonical_name,wikidata,Johann Wolfgang von Goethe,2026-10-04T19:13:31+00:00,,
20261004T202614Z-fc20c6,Q5879,death_year,openlibrary,22 March 1832,2026-10-04T20:21:37+00:00,false,
20261004T202614Z-fc20c6,Q5879,death_year,wikidata,1832,2026-10-04T19:13:31+00:00,false,
20261004T202614Z-fc20c6,Q5879,nationality,wikidata,Duchy of Saxe-Weimar-Eisenach,2026-10-04T19:13:31+00:00,,
20261004T202614Z-fc20c6,Q5879,open_library_id,wikidata,OL13193A,2026-10-04T19:13:31+00:00,,
20261004T202614Z-fc20c6,Q5879,wikidata_qid,openlibrary,Q5879,2026-10-04T20:21:37+00:00,false,
20261004T202614Z-fc20c6,Q5879,work_count,openlibrary,5409,2026-10-04T20:21:37+00:00,,
20261004T202614Z-fc20c6,Q5997426,birth_year,openlibrary,1973,2026-10-04T20:21:37+00:00,false,
20261004T202614Z-fc20c6,Q5997426,birth_year,wikidata,1973,2026-10-04T19:11:55+00:00,false,
20261004T202614Z-fc20c6,Q5997426,canonical_name,wikidata,Mariana Enriquez,2026-10-04T19:11:55+00:00,,
20261004T202614Z-fc20c6,Q5997426,death_year,openlibrary,,2026-10-04T20:21:37+00:00,,not_comparable
20261004T202614Z-fc20c6,Q5997426,death_year,wikidata,,2026-10-04T19:11:55+00:00,,not_comparable
20261004T202614Z-fc20c6,Q5997426,nationality,wikidata,Argentina,2026-10-04T19:11:55+00:00,,
20261004T202614Z-fc20c6,Q5997426,open_library_id,wikidata,OL318873A,2026-10-04T19:11:55+00:00,,
20261004T202614Z-fc20c6,Q5997426,wikidata_qid,openlibrary,Q5997426,2026-10-04T20:21:37+00:00,false,
20261004T202614Z-fc20c6,Q5997426,work_count,openlibrary,26,2026-10-04T20:21:37+00:00,,
20261004T202614Z-fc20c6,Q60025,birth_year,openlibrary,14 October 1906,2026-10-04T20:21:44+00:00,false,
20261004T202614Z-fc20c6,Q60025,birth_year,wikidata,1906,2026-10-04T19:14:47+00:00,false,
20261004T202614Z-fc20c6,Q60025,canonical_name,wikidata,Hannah Arendt,2026-10-04T19:14:47+00:00,,
20261004T202614Z-fc20c6,Q60025,death_year,openlibrary,4 December 1975,2026-10-04T20:21:44+00:00,false,
20261004T202614Z-fc20c6,Q60025,death_year,wikidata,1975,2026-10-04T19:14:47+00:00,false,
20261004T202614Z-fc20c6,Q60025,nationality,wikidata,Preußen; United States; statelessness,2026-10-04T19:14:47+00:00,,
20261004T202614Z-fc20c6,Q60025,open_library_id,wikidata,OL4339286A; OL142235A,2026-10-04T19:14:47+00:00,,
20261004T202614Z-fc20c6,Q60025,wikidata_qid,openlibrary,Q60025,2026-10-04T20:21:44+00:00,false,
20261004T202614Z-fc20c6,Q60025,work_count,openlibrary,283,2026-10-04T20:21:44+00:00,,
20261004T202614Z-fc20c6,Q605664,birth_year,wikidata,1970,2026-10-04T19:12:23+00:00,,
20261004T202614Z-fc20c6,Q605664,canonical_name,wikidata,Kirmen Uribe,2026-10-04T19:12:23+00:00,,
20261004T202614Z-fc20c6,Q605664,death_year,wikidata,,2026-10-04T19:12:23+00:00,,
20261004T202614Z-fc20c6,Q605664,nationality,wikidata,Spain,2026-10-04T19:12:23+00:00,,
20261004T202614Z-fc20c6,Q60713260,birth_year,openlibrary,1978,2026-10-04T20:21:39+00:00,false,
20261004T202614Z-fc20c6,Q60713260,birth_year,wikidata,1978,2026-10-04T19:14:12+00:00,false,
20261004T202614Z-fc20c6,Q60713260,canonical_name,wikidata,Cho Nam-joo,2026-10-04T19:14:12+00:00,,
20261004T202614Z-fc20c6,Q60713260,death_year,openlibrary,,2026-10-04T20:21:39+00:00,,not_comparable
20261004T202614Z-fc20c6,Q60713260,death_year,wikidata,,2026-10-04T19:14:12+00:00,,not_comparable
20261004T202614Z-fc20c6,Q60713260,nationality,wikidata,South Korea,2026-10-04T19:14:12+00:00,,
20261004T202614Z-fc20c6,Q60713260,open_library_id,wikidata,OL7836616A,2026-10-04T19:14:12+00:00,,
20261004T202614Z-fc20c6,Q60713260,wikidata_qid,openlibrary,Q60713260,2026-10-04T20:21:39+00:00,false,
20261004T202614Z-fc20c6,Q60713260,work_count,openlibrary,5,2026-10-04T20:21:39+00:00,,
20261004T202614Z-fc20c6,Q607588,birth_year,openlibrary,23 June 1963,2026-10-04T20:21:40+00:00,false,
20261004T202614Z-fc20c6,Q607588,birth_year,wikidata,1963,2026-10-04T19:14:14+00:00,false,
20261004T202614Z-fc20c6,Q607588,canonical_name,wikidata,Liu Cixin,2026-10-04T19:14:14+00:00,,
20261004T202614Z-fc20c6,Q607588,death_year,openlibrary,,2026-10-04T20:21:40+00:00,,not_comparable
20261004T202614Z-fc20c6,Q607588,death_year,wikidata,,2026-10-04T19:14:14+00:00,,not_comparable
20261004T202614Z-fc20c6,Q607588,nationality,wikidata,People's Republic of China,2026-10-04T19:14:14+00:00,,
20261004T202614Z-fc20c6,Q607588,open_library_id,wikidata,OL7044246A,2026-10-04T19:14:14+00:00,,
20261004T202614Z-fc20c6,Q607588,wikidata_qid,openlibrary,Q607588,2026-10-04T20:21:40+00:00,false,
20261004T202614Z-fc20c6,Q607588,work_count,openlibrary,126,2026-10-04T20:21:40+00:00,,
20261004T202614Z-fc20c6,Q609317,birth_year,openlibrary,1968,2026-10-04T20:21:40+00:00,false,
20261004T202614Z-fc20c6,Q609317,birth_year,wikidata,1968,2026-10-04T19:13:59+00:00,false,
20261004T202614Z-fc20c6,Q609317,canonical_name,wikidata,Karl Ove Knausgård,2026-10-04T19:13:59+00:00,,
20261004T202614Z-fc20c6,Q609317,death_year,openlibrary,,2026-10-04T20:21:40+00:00,,not_comparable
20261004T202614Z-fc20c6,Q609317,death_year,wikidata,,2026-10-04T19:13:59+00:00,,not_comparable
20261004T202614Z-fc20c6,Q609317,nationality,wikidata,Norway,2026-10-04T19:13:59+00:00,,
20261004T202614Z-fc20c6,Q609317,open_library_id,wikidata,OL50998A,2026-10-04T19:13:59+00:00,,
20261004T202614Z-fc20c6,Q609317,wikidata_qid,openlibrary,Q609317,2026-10-04T20:21:40+00:00,false,
20261004T202614Z-fc20c6,Q609317,work_count,openlibrary,165,2026-10-04T20:21:40+00:00,,
20261004T202614Z-fc20c6,Q610522,birth_year,openlibrary,1953,2026-10-04T20:21:41+00:00,false,
20261004T202614Z-fc20c6,Q610522,birth_year,wikidata,1953,2026-10-04T19:14:18+00:00,false,
20261004T202614Z-fc20c6,Q610522,canonical_name,wikidata,Qiu Xiaolong,2026-10-04T19:14:18+00:00,,
20261004T202614Z-fc20c6,Q610522,death_year,openlibrary,,2026-10-04T20:21:41+00:00,,not_comparable
20261004T202614Z-fc20c6,Q610522,death_year,wikidata,,2026-10-04T19:14:18+00:00,,not_comparable
20261004T202614Z-fc20c6,Q610522,nationality,wikidata,People's Republic of China; United States,2026-10-04T19:14:18+00:00,,
20261004T202614Z-fc20c6,Q610522,open_library_id,wikidata,OL1431656A,2026-10-04T19:14:18+00:00,,
20261004T202614Z-fc20c6,Q610522,wikidata_qid,openlibrary,,2026-10-04T20:21:41+00:00,,not_comparable
20261004T202614Z-fc20c6,Q610522,work_count,openlibrary,59,2026-10-04T20:21:41+00:00,,
20261004T202614Z-fc20c6,Q6197,birth_year,openlibrary,65 BC,2026-10-04T20:21:42+00:00,,not_comparable
20261004T202614Z-fc20c6,Q6197,birth_year,wikidata,-65,2026-10-04T19:13:55+00:00,,not_comparable
20261004T202614Z-fc20c6,Q6197,canonical_name,wikidata,Horace,2026-10-04T19:13:55+00:00,,
20261004T202614Z-fc20c6,Q6197,death_year,openlibrary,8 BC,2026-10-04T20:21:42+00:00,,not_comparable
20261004T202614Z-fc20c6,Q6197,death_year,wikidata,-8,2026-10-04T19:13:55+00:00,,not_comparable
20261004T202614Z-fc20c6,Q6197,nationality,wikidata,Ancient Rome,2026-10-04T19:13:55+00:00,,
20261004T202614Z-fc20c6,Q6197,open_library_id,wikidata,OL20088A,2026-10-04T19:13:55+00:00,,
20261004T202614Z-fc20c6,Q6197,wikidata_qid,openlibrary,Q6197,2026-10-04T20:21:42+00:00,false,
20261004T202614Z-fc20c6,Q6197,work_count,openlibrary,811,2026-10-04T20:21:42+00:00,,
20261004T202614Z-fc20c6,Q6240,birth_year,openlibrary,14th cent.,2026-10-04T20:21:45+00:00,,not_comparable
20261004T202614Z-fc20c6,Q6240,birth_year,wikidata,1325,2026-10-04T19:14:35+00:00,,not_comparable
20261004T202614Z-fc20c6,Q6240,canonical_name,wikidata,Ḥāfiz,2026-10-04T19:14:35+00:00,,
20261004T202614Z-fc20c6,Q6240,death_year,openlibrary,ca. 1388,2026-10-04T20:21:45+00:00,,not_comparable
20261004T202614Z-fc20c6,Q6240,death_year,wikidata,1389,2026-10-04T19:14:35+00:00,,not_comparable
20261004T202614Z-fc20c6,Q6240,nationality,wikidata,Muzaffarids of Iran; Timurid Empire,2026-10-04T19:14:35+00:00,,
20261004T202614Z-fc20c6,Q6240,open_library_id,wikidata,OL71598A,2026-10-04T19:14:35+00:00,,
20261004T202614Z-fc20c6,Q6240,wikidata_qid,openlibrary,,2026-10-04T20:21:45+00:00,,not_comparable
20261004T202614Z-fc20c6,Q6240,work_count,openlibrary,259,2026-10-04T20:21:45+00:00,,
20261004T202614Z-fc20c6,Q629931,birth_year,openlibrary,13 Jan 1886,2026-10-04T20:21:47+00:00,false,
20261004T202614Z-fc20c6,Q629931,birth_year,wikidata,1886,2026-10-04T19:12:20+00:00,false,
20261004T202614Z-fc20c6,Q629931,canonical_name,wikidata,Ricardo Güiraldes,2026-10-04T19:12:20+00:00,,
20261004T202614Z-fc20c6,Q629931,death_year,openlibrary,8 Oct 1927,2026-10-04T20:21:47+00:00,false,
20261004T202614Z-fc20c6,Q629931,death_year,wikidata,1927,2026-10-04T19:12:20+00:00,false,
20261004T202614Z-fc20c6,Q629931,nationality,wikidata,Argentina,2026-10-04T19:12:20+00:00,,
20261004T202614Z-fc20c6,Q629931,open_library_id,wikidata,OL259636A,2026-10-04T19:12:20+00:00,,
20261004T202614Z-fc20c6,Q629931,wikidata_qid,openlibrary,Q629931,2026-10-04T20:21:47+00:00,false,
20261004T202614Z-fc20c6,Q629931,work_count,openlibrary,83,2026-10-04T20:21:47+00:00,,
20261004T202614Z-fc20c6,Q6512,birth_year,openlibrary,1813,2026-10-04T20:21:55+00:00,false,
20261004T202614Z-fc20c6,Q6512,birth_year,wikidata,1813,2026-10-04T19:13:56+00:00,false,
20261004T202614Z-fc20c6,Q6512,canonical_name,wikidata,Søren Kierkegaard,2026-10-04T19:13:56+00:00,,
20261004T202614Z-fc20c6,Q6512,death_year,openlibrary,1855,2026-10-04T20:21:55+00:00,false,
20261004T202614Z-fc20c6,Q6512,death_year,wikidata,1855,2026-10-04T19:13:56+00:00,false,
20261004T202614Z-fc20c6,Q6512,nationality,wikidata,Kingdom of Denmark,2026-10-04T19:13:56+00:00,,
20261004T202614Z-fc20c6,Q6512,open_library_id,wikidata,OL233017A; OL20509A,2026-10-04T19:13:56+00:00,,
20261004T202614Z-fc20c6,Q6512,wikidata_qid,openlibrary,Q6512,2026-10-04T20:21:55+00:00,false,
20261004T202614Z-fc20c6,Q6512,work_count,openlibrary,1095,2026-10-04T20:21:55+00:00,,
20261004T202614Z-fc20c6,Q6527,birth_year,openlibrary,28 June 1712,2026-10-04T20:21:49+00:00,false,
20261004T202614Z-fc20c6,Q6527,birth_year,wikidata,1712,2026-10-04T19:13:25+00:00,false,
20261004T202614Z-fc20c6,Q6527,canonical_name,wikidata,Jean-Jacques Rousseau,2026-10-04T19:13:25+00:00,,
20261004T202614Z-fc20c6,Q6527,death_year,openlibrary,2 July 1778,2026-10-04T20:21:49+00:00,false,
20261004T202614Z-fc20c6,Q6527,death_year,wikidata,1778,2026-10-04T19:13:25+00:00,false,
20261004T202614Z-fc20c6,Q6527,nationality,wikidata,France; Republic of Geneva,2026-10-04T19:13:25+00:00,,
20261004T202614Z-fc20c6,Q6527,open_library_id,wikidata,OL29048A; OL4961652A,2026-10-04T19:13:25+00:00,,
20261004T202614Z-fc20c6,Q6527,wikidata_qid,openlibrary,Q6527,2026-10-04T20:21:49+00:00,false,
20261004T202614Z-fc20c6,Q6527,work_count,openlibrary,2247,2026-10-04T20:21:49+00:00,,
20261004T202614Z-fc20c6,Q6530,birth_year,openlibrary,12 September 1921,2026-10-04T20:21:51+00:00,false,
20261004T202614Z-fc20c6,Q6530,birth_year,wikidata,1921,2026-10-04T19:13:40+00:00,false,
20261004T202614Z-fc20c6,Q6530,canonical_name,wikidata,Stanisław Lem,2026-10-04T19:13:40+00:00,,
20261004T202614Z-fc20c6,Q6530,death_year,openlibrary,27 March 2006,2026-10-04T20:21:51+00:00,false,
20261004T202614Z-fc20c6,Q6530,death_year,wikidata,2006,2026-10-04T19:13:40+00:00,false,
20261004T202614Z-fc20c6,Q6530,nationality,wikidata,Poland,2026-10-04T19:13:40+00:00,,
20261004T202614Z-fc20c6,Q6530,open_library_id,wikidata,OL29655A,2026-10-04T19:13:40+00:00,,
20261004T202614Z-fc20c6,Q6530,wikidata_qid,openlibrary,Q6530,2026-10-04T20:21:51+00:00,false,
20261004T202614Z-fc20c6,Q6530,work_count,openlibrary,273,2026-10-04T20:21:51+00:00,,
20261004T202614Z-fc20c6,Q6538,birth_year,openlibrary,16 October 1927,2026-10-04T20:21:52+00:00,false,
20261004T202614Z-fc20c6,Q6538,birth_year,wikidata,1927,2026-10-04T19:13:34+00:00,false,
20261004T202614Z-fc20c6,Q6538,canonical_name,wikidata,Günter Grass,2026-10-04T19:13:34+00:00,,
20261004T202614Z-fc20c6,Q6538,death_year,openlibrary,13 April 2015,2026-10-04T20:21:52+00:00,false,
20261004T202614Z-fc20c6,Q6538,death_year,wikidata,2015,2026-10-04T19:13:34+00:00,false,
20261004T202614Z-fc20c6,Q6538,nationality,wikidata,Free City of Danzig; Germany,2026-10-04T19:13:34+00:00,,
20261004T202614Z-fc20c6,Q6538,open_library_id,wikidata,OL28731A,2026-10-04T19:13:34+00:00,,
20261004T202614Z-fc20c6,Q6538,wikidata_qid,openlibrary,Q6538,2026-10-04T20:21:52+00:00,false,
20261004T202614Z-fc20c6,Q6538,work_count,openlibrary,555,2026-10-04T20:21:52+00:00,,
20261004T202614Z-fc20c6,Q6691,birth_year,openlibrary,,2026-10-04T20:21:52+00:00,,not_comparable
20261004T202614Z-fc20c6,Q6691,birth_year,wikidata,-900,2026-10-04T19:13:54+00:00,,not_comparable
20261004T202614Z-fc20c6,Q6691,canonical_name,wikidata,Homer,2026-10-04T19:13:54+00:00,,
20261004T202614Z-fc20c6,Q6691,death_year,openlibrary,,2026-10-04T20:21:52+00:00,,not_comparable
20261004T202614Z-fc20c6,Q6691,death_year,wikidata,-800,2026-10-04T19:13:54+00:00,,not_comparable
20261004T202614Z-fc20c6,Q6691,nationality,wikidata,Ionian League,2026-10-04T19:13:54+00:00,,
20261004T202614Z-fc20c6,Q6691,open_library_id,wikidata,OL18404A; OL6928543A,2026-10-04T19:13:54+00:00,,
20261004T202614Z-fc20c6,Q6691,wikidata_qid,openlibrary,Q6691,2026-10-04T20:21:52+00:00,false,
20261004T202614Z-fc20c6,Q6691,work_count,openlibrary,1928,2026-10-04T20:21:52+00:00,,
20261004T202614Z-fc20c6,Q669956,birth_year,openlibrary,1941,2026-10-04T20:21:53+00:00,false,
20261004T202614Z-fc20c6,Q669956,birth_year,wikidata,1941,2026-10-04T19:13:49+00:00,false,
20261004T202614Z-fc20c6,Q669956,canonical_name,wikidata,Roberto Calasso,2026-10-04T19:13:49+00:00,,
20261004T202614Z-fc20c6,Q669956,death_year,openlibrary,,2026-10-04T20:21:53+00:00,,not_comparable
20261004T202614Z-fc20c6,Q669956,death_year,wikidata,2021,2026-10-04T19:13:49+00:00,,not_comparable
20261004T202614Z-fc20c6,Q669956,nationality,wikidata,Italy,2026-10-04T19:13:49+00:00,,
20261004T202614Z-fc20c6,Q669956,open_library_id,wikidata,OL246924A,2026-10-04T19:13:49+00:00,,
20261004T202614Z-fc20c6,Q669956,wikidata_qid,openlibrary,Q669956,2026-10-04T20:21:53+00:00,false,
20261004T202614Z-fc20c6,Q669956,work_count,openlibrary,48,2026-10-04T20:21:53+00:00,,
20261004T202614Z-fc20c6,Q6841352,birth_year,wikidata,1930,2026-10-04T19:14:36+00:00,,
20261004T202614Z-fc20c6,Q6841352,canonical_name,wikidata,Bilge Karasu,2026-10-04T19:14:36+00:00,,
20261004T202614Z-fc20c6,Q6841352,death_year,wikidata,1995,2026-10-04T19:14:36+00:00,,
20261004T202614Z-fc20c6,Q6841352,nationality,wikidata,Turkey,2026-10-04T19:14:36+00:00,,
20261004T202614Z-fc20c6,Q687,birth_year,openlibrary,15 Jan 1622,2026-10-04T20:21:54+00:00,false,
20261004T202614Z-fc20c6,Q687,birth_year,wikidata,1622,2026-10-04T19:13:23+00:00,false,
20261004T202614Z-fc20c6,Q687,canonical_name,wikidata,Molière,2026-10-04T19:13:23+00:00,,
20261004T202614Z-fc20c6,Q687,death_year,openlibrary,17 Feb 1673,2026-10-04T20:21:54+00:00,false,
20261004T202614Z-fc20c6,Q687,death_year,wikidata,1673,2026-10-04T19:13:23+00:00,false,
20261004T202614Z-fc20c6,Q687,nationality,wikidata,Kingdom of France,2026-10-04T19:13:23+00:00,,
20261004T202614Z-fc20c6,Q687,open_library_id,wikidata,OL6899222A,2026-10-04T19:13:23+00:00,,
20261004T202614Z-fc20c6,Q687,wikidata_qid,openlibrary,Q687,2026-10-04T20:21:54+00:00,false,
20261004T202614Z-fc20c6,Q687,work_count,openlibrary,2492,2026-10-04T20:21:54+00:00,,
20261004T202614Z-fc20c6,Q6882,birth_year,openlibrary,2 February 1882,2026-10-04T20:21:56+00:00,false,
20261004T202614Z-fc20c6,Q6882,birth_year,wikidata,1882,2026-10-04T19:12:53+00:00,false,
20261004T202614Z-fc20c6,Q6882,canonical_name,wikidata,James Joyce,2026-10-04T19:12:53+00:00,,
20261004T202614Z-fc20c6,Q6882,death_year,openlibrary,13 January 1941,2026-10-04T20:21:56+00:00,false,
20261004T202614Z-fc20c6,Q6882,death_year,wikidata,1941,2026-10-04T19:12:53+00:00,false,
20261004T202614Z-fc20c6,Q6882,nationality,wikidata,France; Ireland; United Kingdom,2026-10-04T19:12:53+00:00,,
20261004T202614Z-fc20c6,Q6882,open_library_id,wikidata,OL31827A,2026-10-04T19:12:53+00:00,,
20261004T202614Z-fc20c6,Q6882,wikidata_qid,openlibrary,Q6882,2026-10-04T20:21:56+00:00,false,
20261004T202614Z-fc20c6,Q6882,work_count,openlibrary,695,2026-10-04T20:21:56+00:00,,
20261004T202614Z-fc20c6,Q692,birth_year,openlibrary,20 April 1564,2026-10-04T20:21:57+00:00,false,
20261004T202614Z-fc20c6,Q692,birth_year,wikidata,1564,2026-10-04T19:12:31+00:00,false,
20261004T202614Z-fc20c6,Q692,canonical_name,wikidata,William Shakespeare,2026-10-04T19:12:31+00:00,,
20261004T202614Z-fc20c6,Q692,death_year,openlibrary,23 April 1616,2026-10-04T20:21:57+00:00,false,
20261004T202614Z-fc20c6,Q692,death_year,wikidata,1616,2026-10-04T19:12:31+00:00,false,
20261004T202614Z-fc20c6,Q692,nationality,wikidata,Kingdom of England,2026-10-04T19:12:31+00:00,,
20261004T202614Z-fc20c6,Q692,open_library_id,wikidata,OL9388A,2026-10-04T19:12:31+00:00,,
20261004T202614Z-fc20c6,Q692,wikidata_qid,openlibrary,Q692,2026-10-04T20:21:57+00:00,false,
20261004T202614Z-fc20c6,Q692,work_count,openlibrary,12578,2026-10-04T20:21:57+00:00,,
20261004T202614Z-fc20c6,Q69339,birth_year,openlibrary,4 July 1804,2026-10-04T20:21:59+00:00,false,
20261004T202614Z-fc20c6,Q69339,birth_year,wikidata,1804,2026-10-04T19:12:46+00:00,false,
20261004T202614Z-fc20c6,Q69339,canonical_name,wikidata,Nathaniel Hawthorne,2026-10-04T19:12:46+00:00,,
20261004T202614Z-fc20c6,Q69339,death_year,openlibrary,19 May 1864,2026-10-04T20:21:59+00:00,false,
20261004T202614Z-fc20c6,Q69339,death_year,wikidata,1864,2026-10-04T19:12:46+00:00,false,
20261004T202614Z-fc20c6,Q69339,nationality,wikidata,United States,2026-10-04T19:12:46+00:00,,
20261004T202614Z-fc20c6,Q69339,open_library_id,wikidata,OL26681A,2026-10-04T19:12:46+00:00,,
20261004T202614Z-fc20c6,Q69339,wikidata_qid,openlibrary,Q69339,2026-10-04T20:21:59+00:00,false,
20261004T202614Z-fc20c6,Q69339,work_count,openlibrary,1296,2026-10-04T20:21:59+00:00,,
20261004T202614Z-fc20c6,Q7176,birth_year,openlibrary,1911,2026-10-04T20:22:06+00:00,false,
20261004T202614Z-fc20c6,Q7176,birth_year,wikidata,1911,2026-10-04T19:14:27+00:00,false,
20261004T202614Z-fc20c6,Q7176,canonical_name,wikidata,Naguib Mahfouz,2026-10-04T19:14:27+00:00,,
20261004T202614Z-fc20c6,Q7176,death_year,openlibrary,2006,2026-10-04T20:22:06+00:00,false,
20261004T202614Z-fc20c6,Q7176,death_year,wikidata,2006,2026-10-04T19:14:27+00:00,false,
20261004T202614Z-fc20c6,Q7176,nationality,wikidata,Egypt; Khedivate of Egypt; Kingdom of Egypt; Republic of Egypt; Sultanate of Egypt; United Arab Republic,2026-10-04T19:14:27+00:00,,
20261004T202614Z-fc20c6,Q7176,open_library_id,wikidata,OL2675259A; OL173760A,2026-10-04T19:14:27+00:00,,
20261004T202614Z-fc20c6,Q7176,wikidata_qid,openlibrary,Q7176,2026-10-04T20:22:06+00:00,false,
20261004T202614Z-fc20c6,Q7176,work_count,openlibrary,314,2026-10-04T20:22:06+00:00,,
20261004T202614Z-fc20c6,Q7197,birth_year,openlibrary,9 January 1908,2026-10-04T20:22:02+00:00,false,
20261004T202614Z-fc20c6,Q7197,birth_year,wikidata,1908,2026-10-04T19:13:25+00:00,false,
20261004T202614Z-fc20c6,Q7197,canonical_name,wikidata,Simone de Beauvoir,2026-10-04T19:13:25+00:00,,
20261004T202614Z-fc20c6,Q7197,death_year,openlibrary,14 April 1986,2026-10-04T20:22:02+00:00,false,
20261004T202614Z-fc20c6,Q7197,death_year,wikidata,1986,2026-10-04T19:13:25+00:00,false,
20261004T202614Z-fc20c6,Q7197,nationality,wikidata,France,2026-10-04T19:13:25+00:00,,
20261004T202614Z-fc20c6,Q7197,open_library_id,wikidata,OL63285A,2026-10-04T19:13:25+00:00,,
20261004T202614Z-fc20c6,Q7197,wikidata_qid,openlibrary,Q7197,2026-10-04T20:22:02+00:00,false,
20261004T202614Z-fc20c6,Q7197,work_count,openlibrary,282,2026-10-04T20:22:02+00:00,,
20261004T202614Z-fc20c6,Q7198,birth_year,openlibrary,20 March 43 BCE,2026-10-04T20:22:03+00:00,,not_comparable
20261004T202614Z-fc20c6,Q7198,birth_year,wikidata,-43,2026-10-04T19:13:54+00:00,,not_comparable
20261004T202614Z-fc20c6,Q7198,canonical_name,wikidata,Ovidius,2026-10-04T19:13:54+00:00,,
20261004T202614Z-fc20c6,Q7198,death_year,openlibrary,17 or 18 CE),2026-10-04T20:22:03+00:00,,not_comparable
20261004T202614Z-fc20c6,Q7198,death_year,wikidata,17,2026-10-04T19:13:54+00:00,,not_comparable
20261004T202614Z-fc20c6,Q7198,nationality,wikidata,Ancient Rome,2026-10-04T19:13:54+00:00,,
20261004T202614Z-fc20c6,Q7198,open_library_id,wikidata,OL18770A,2026-10-04T19:13:54+00:00,,
20261004T202614Z-fc20c6,Q7198,wikidata_qid,openlibrary,,2026-10-04T20:22:03+00:00,,not_comparable
20261004T202614Z-fc20c6,Q7198,work_count,openlibrary,1319,2026-10-04T20:22:03+00:00,,
20261004T202614Z-fc20c6,Q7199,birth_year,openlibrary,10 July 1871,2026-10-04T20:22:04+00:00,false,
20261004T202614Z-fc20c6,Q7199,birth_year,wikidata,1871,2026-10-04T19:13:21+00:00,false,
20261004T202614Z-fc20c6,Q7199,canonical_name,wikidata,Marcel Proust,2026-10-04T19:13:21+00:00,,
20261004T202614Z-fc20c6,Q7199,death_year,openlibrary,18 November 1922,2026-10-04T20:22:04+00:00,false,
20261004T202614Z-fc20c6,Q7199,death_year,wikidata,1922,2026-10-04T19:13:21+00:00,false,
20261004T202614Z-fc20c6,Q7199,nationality,wikidata,France,2026-10-04T19:13:21+00:00,,
20261004T202614Z-fc20c6,Q7199,open_library_id,wikidata,OL120205A,2026-10-04T19:13:21+00:00,,
20261004T202614Z-fc20c6,Q7199,wikidata_qid,openlibrary,Q7199,2026-10-04T20:22:04+00:00,false,
20261004T202614Z-fc20c6,Q7199,work_count,openlibrary,1162,2026-10-04T20:22:04+00:00,,
20261004T202614Z-fc20c6,Q72334,birth_year,openlibrary,18 February 1931,2026-10-04T20:22:11+00:00,false,
20261004T202614Z-fc20c6,Q72334,birth_year,wikidata,1931,2026-10-04T19:13:03+00:00,false,
20261004T202614Z-fc20c6,Q72334,canonical_name,wikidata,Toni Morrison,2026-10-04T19:13:03+00:00,,
20261004T202614Z-fc20c6,Q72334,death_year,openlibrary,5 August 2019,2026-10-04T20:22:11+00:00,false,
20261004T202614Z-fc20c6,Q72334,death_year,wikidata,2019,2026-10-04T19:13:03+00:00,false,
20261004T202614Z-fc20c6,Q72334,nationality,wikidata,United States,2026-10-04T19:13:03+00:00,,
20261004T202614Z-fc20c6,Q72334,open_library_id,wikidata,OL6784512A; OL31120A,2026-10-04T19:13:03+00:00,,
20261004T202614Z-fc20c6,Q72334,wikidata_qid,openlibrary,Q72334,2026-10-04T20:22:11+00:00,false,
20261004T202614Z-fc20c6,Q72334,work_count,openlibrary,95,2026-10-04T20:22:11+00:00,,
20261004T202614Z-fc20c6,Q7235,birth_year,openlibrary,496 B.C.,2026-10-04T20:22:06+00:00,,not_comparable
20261004T202614Z-fc20c6,Q7235,birth_year,wikidata,-496,2026-10-04T19:13:53+00:00,,not_comparable
20261004T202614Z-fc20c6,Q7235,canonical_name,wikidata,Sophocles,2026-10-04T19:13:53+00:00,,
20261004T202614Z-fc20c6,Q7235,death_year,openlibrary,406 B.C.,2026-10-04T20:22:06+00:00,,not_comparable
20261004T202614Z-fc20c6,Q7235,death_year,wikidata,-406,2026-10-04T19:13:53+00:00,,not_comparable
20261004T202614Z-fc20c6,Q7235,nationality,wikidata,Classical Athens,2026-10-04T19:13:53+00:00,,
20261004T202614Z-fc20c6,Q7235,open_library_id,wikidata,OL11149A,2026-10-04T19:13:53+00:00,,
20261004T202614Z-fc20c6,Q7235,wikidata_qid,openlibrary,Q7235,2026-10-04T20:22:06+00:00,false,
20261004T202614Z-fc20c6,Q7235,work_count,openlibrary,986,2026-10-04T20:22:06+00:00,,
20261004T202614Z-fc20c6,Q7241,birth_year,openlibrary,7 May 1861,2026-10-04T20:22:08+00:00,false,
20261004T202614Z-fc20c6,Q7241,birth_year,wikidata,1861,2026-10-04T19:14:20+00:00,false,
20261004T202614Z-fc20c6,Q7241,canonical_name,wikidata,Rabindranath Tagore,2026-10-04T19:14:20+00:00,,
20261004T202614Z-fc20c6,Q7241,death_year,openlibrary,7 August 1941,2026-10-04T20:22:08+00:00,false,
20261004T202614Z-fc20c6,Q7241,death_year,wikidata,1941,2026-10-04T19:14:20+00:00,false,
20261004T202614Z-fc20c6,Q7241,nationality,wikidata,British Raj,2026-10-04T19:14:20+00:00,,
20261004T202614Z-fc20c6,Q7241,open_library_id,wikidata,OL1770A,2026-10-04T19:14:20+00:00,,
20261004T202614Z-fc20c6,Q7241,wikidata_qid,openlibrary,Q7241,2026-10-04T20:22:08+00:00,false,
20261004T202614Z-fc20c6,Q7241,work_count,openlibrary,2007,2026-10-04T20:22:08+00:00,,
20261004T202614Z-fc20c6,Q7243,birth_year,openlibrary,9 September 1828,2026-10-04T20:22:09+00:00,false,
20261004T202614Z-fc20c6,Q7243,birth_year,wikidata,1828,2026-10-04T19:13:18+00:00,false,
20261004T202614Z-fc20c6,Q7243,canonical_name,wikidata,Leo Tolstoy,2026-10-04T19:13:18+00:00,,
20261004T202614Z-fc20c6,Q7243,death_year,openlibrary,20 November 1910,2026-10-04T20:22:09+00:00,false,
20261004T202614Z-fc20c6,Q7243,death_year,wikidata,1910,2026-10-04T19:13:18+00:00,false,
20261004T202614Z-fc20c6,Q7243,nationality,wikidata,Russian Empire,2026-10-04T19:13:18+00:00,,
20261004T202614Z-fc20c6,Q7243,open_library_id,wikidata,OL26783A; OL7555476A,2026-10-04T19:13:18+00:00,,
20261004T202614Z-fc20c6,Q7243,wikidata_qid,openlibrary,Q7243,2026-10-04T20:22:09+00:00,false,
20261004T202614Z-fc20c6,Q7243,work_count,openlibrary,4828,2026-10-04T20:22:09+00:00,,
20261004T202614Z-fc20c6,Q7245,birth_year,openlibrary,30 November 1835,2026-10-04T20:22:11+00:00,false,
20261004T202614Z-fc20c6,Q7245,birth_year,wikidata,1835,2026-10-04T19:12:39+00:00,false,
20261004T202614Z-fc20c6,Q7245,canonical_name,wikidata,Mark Twain,2026-10-04T19:12:39+00:00,,
20261004T202614Z-fc20c6,Q7245,death_year,openlibrary,21 April 1910,2026-10-04T20:22:11+00:00,false,
20261004T202614Z-fc20c6,Q7245,death_year,wikidata,1910,2026-10-04T19:12:39+00:00,false,
20261004T202614Z-fc20c6,Q7245,nationality,wikidata,United States,2026-10-04T19:12:39+00:00,,
20261004T202614Z-fc20c6,Q7245,open_library_id,wikidata,OL18319A,2026-10-04T19:12:39+00:00,,
20261004T202614Z-fc20c6,Q7245,wikidata_qid,openlibrary,Q7245,2026-10-04T20:22:11+00:00,false,
20261004T202614Z-fc20c6,Q7245,work_count,openlibrary,7423,2026-10-04T20:22:11+00:00,,
20261004T202614Z-fc20c6,Q72541,birth_year,openlibrary,1943,2026-10-04T20:22:13+00:00,false,
20261004T202614Z-fc20c6,Q72541,birth_year,wikidata,1943,2026-10-04T19:12:07+00:00,false,
20261004T202614Z-fc20c6,Q72541,canonical_name,wikidata,Eduardo Mendoza Garriga,2026-10-04T19:12:07+00:00,,
20261004T202614Z-fc20c6,Q72541,death_year,openlibrary,,2026-10-04T20:22:13+00:00,,not_comparable
20261004T202614Z-fc20c6,Q72541,death_year,wikidata,,2026-10-04T19:12:07+00:00,,not_comparable
20261004T202614Z-fc20c6,Q72541,nationality,wikidata,Spain,2026-10-04T19:12:07+00:00,,
20261004T202614Z-fc20c6,Q72541,open_library_id,wikidata,OL341406A,2026-10-04T19:12:07+00:00,,
20261004T202614Z-fc20c6,Q72541,wikidata_qid,openlibrary,Q72541,2026-10-04T20:22:13+00:00,false,
20261004T202614Z-fc20c6,Q72541,work_count,openlibrary,220,2026-10-04T20:22:13+00:00,,
20261004T202614Z-fc20c6,Q732338,birth_year,openlibrary,1952,2026-10-04T20:22:13+00:00,false,
20261004T202614Z-fc20c6,Q732338,birth_year,wikidata,1952,2026-10-04T19:14:22+00:00,false,
20261004T202614Z-fc20c6,Q732338,canonical_name,wikidata,Rohinton Mistry,2026-10-04T19:14:22+00:00,,
20261004T202614Z-fc20c6,Q732338,death_year,openlibrary,,2026-10-04T20:22:13+00:00,,not_comparable
20261004T202614Z-fc20c6,Q732338,death_year,wikidata,,2026-10-04T19:14:22+00:00,,not_comparable
20261004T202614Z-fc20c6,Q732338,nationality,wikidata,Canada,2026-10-04T19:14:22+00:00,,
20261004T202614Z-fc20c6,Q732338,open_library_id,wikidata,OL456240A,2026-10-04T19:14:22+00:00,,
20261004T202614Z-fc20c6,Q732338,wikidata_qid,openlibrary,Q732338,2026-10-04T20:22:13+00:00,false,
20261004T202614Z-fc20c6,Q732338,work_count,openlibrary,33,2026-10-04T20:22:13+00:00,,
20261004T202614Z-fc20c6,Q732434,birth_year,openlibrary,1905,2026-10-04T20:22:14+00:00,false,
20261004T202614Z-fc20c6,Q732434,birth_year,wikidata,1905,2026-10-04T19:14:23+00:00,false,
20261004T202614Z-fc20c6,Q732434,canonical_name,wikidata,Mulk Raj Anand,2026-10-04T19:14:23+00:00,,
20261004T202614Z-fc20c6,Q732434,death_year,openlibrary,2004,2026-10-04T20:22:14+00:00,false,
20261004T202614Z-fc20c6,Q732434,death_year,wikidata,2004,2026-10-04T19:14:23+00:00,false,
20261004T202614Z-fc20c6,Q732434,nationality,wikidata,British Raj; Dominion of India; India,2026-10-04T19:14:23+00:00,,
20261004T202614Z-fc20c6,Q732434,open_library_id,wikidata,OL8160A,2026-10-04T19:14:23+00:00,,
20261004T202614Z-fc20c6,Q732434,wikidata_qid,openlibrary,Q732434,2026-10-04T20:22:14+00:00,false,
20261004T202614Z-fc20c6,Q732434,work_count,openlibrary,169,2026-10-04T20:22:14+00:00,,
20261004T202614Z-fc20c6,Q736858,birth_year,openlibrary,19 Oct 1941,2026-10-04T20:22:15+00:00,false,
20261004T202614Z-fc20c6,Q736858,birth_year,wikidata,1941,2026-10-04T19:12:04+00:00,false,
20261004T202614Z-fc20c6,Q736858,canonical_name,wikidata,Pepetela,2026-10-04T19:12:04+00:00,,
20261004T202614Z-fc20c6,Q736858,death_year,openlibrary,,2026-10-04T20:22:15+00:00,,not_comparable
20261004T202614Z-fc20c6,Q736858,death_year,wikidata,,2026-10-04T19:12:04+00:00,,not_comparable
20261004T202614Z-fc20c6,Q736858,nationality,wikidata,Angola,2026-10-04T19:12:04+00:00,,
20261004T202614Z-fc20c6,Q736858,open_library_id,wikidata,OL272472A,2026-10-04T19:12:04+00:00,,
20261004T202614Z-fc20c6,Q736858,wikidata_qid,openlibrary,Q736858,2026-10-04T20:22:15+00:00,false,
20261004T202614Z-fc20c6,Q736858,work_count,openlibrary,30,2026-10-04T20:22:15+00:00,,
20261004T202614Z-fc20c6,Q7408607,birth_year,wikidata,1978,2026-10-04T19:11:56+00:00,,
20261004T202614Z-fc20c6,Q7408607,canonical_name,wikidata,Samanta Schweblin,2026-10-04T19:11:56+00:00,,
20261004T202614Z-fc20c6,Q7408607,death_year,wikidata,,2026-10-04T19:11:56+00:00,,
20261004T202614Z-fc20c6,Q7408607,nationality,wikidata,Argentina,2026-10-04T19:11:56+00:00,,
20261004T202614Z-fc20c6,Q742,birth_year,openlibrary,1639,2026-10-04T20:22:16+00:00,false,
20261004T202614Z-fc20c6,Q742,birth_year,wikidata,1639,2026-10-04T19:13:26+00:00,false,
20261004T202614Z-fc20c6,Q742,canonical_name,wikidata,Jean Racine,2026-10-04T19:13:26+00:00,,
20261004T202614Z-fc20c6,Q742,death_year,openlibrary,1699,2026-10-04T20:22:16+00:00,false,
20261004T202614Z-fc20c6,Q742,death_year,wikidata,1699,2026-10-04T19:13:26+00:00,false,
20261004T202614Z-fc20c6,Q742,nationality,wikidata,Kingdom of France,2026-10-04T19:13:26+00:00,,
20261004T202614Z-fc20c6,Q742,open_library_id,wikidata,OL60352A,2026-10-04T19:13:26+00:00,,
20261004T202614Z-fc20c6,Q742,wikidata_qid,openlibrary,Q742,2026-10-04T20:22:16+00:00,false,
20261004T202614Z-fc20c6,Q742,work_count,openlibrary,1096,2026-10-04T20:22:16+00:00,,
20261004T202614Z-fc20c6,Q747,birth_year,openlibrary,1606,2026-10-04T20:22:16+00:00,false,
20261004T202614Z-fc20c6,Q747,birth_year,wikidata,1606,2026-10-04T19:13:24+00:00,false,
20261004T202614Z-fc20c6,Q747,canonical_name,wikidata,Pierre Corneille,2026-10-04T19:13:24+00:00,,
20261004T202614Z-fc20c6,Q747,death_year,openlibrary,1684,2026-10-04T20:22:16+00:00,false,
20261004T202614Z-fc20c6,Q747,death_year,wikidata,1684,2026-10-04T19:13:24+00:00,false,
20261004T202614Z-fc20c6,Q747,nationality,wikidata,Kingdom of France,2026-10-04T19:13:24+00:00,,
20261004T202614Z-fc20c6,Q747,open_library_id,wikidata,OL130779A,2026-10-04T19:13:24+00:00,,
20261004T202614Z-fc20c6,Q747,wikidata_qid,openlibrary,Q747,2026-10-04T20:22:16+00:00,false,
20261004T202614Z-fc20c6,Q747,work_count,openlibrary,663,2026-10-04T20:22:16+00:00,,
20261004T202614Z-fc20c6,Q7487568,birth_year,wikidata,1969,2026-10-04T19:14:42+00:00,,
20261004T202614Z-fc20c6,Q7487568,canonical_name,wikidata,Shamini Flint,2026-10-04T19:14:42+00:00,,
20261004T202614Z-fc20c6,Q7487568,death_year,wikidata,,2026-10-04T19:14:42+00:00,,
20261004T202614Z-fc20c6,Q7487568,nationality,wikidata,Malaysia,2026-10-04T19:14:42+00:00,,
20261004T202614Z-fc20c6,Q75612,birth_year,openlibrary,"November 21, 1902",2026-10-04T20:22:18+00:00,true,
20261004T202614Z-fc20c6,Q75612,birth_year,wikidata,1904,2026-10-04T19:13:42+00:00,true,
20261004T202614Z-fc20c6,Q75612,canonical_name,wikidata,Isaac Bashevis Singer,2026-10-04T19:13:42+00:00,,
20261004T202614Z-fc20c6,Q75612,death_year,openlibrary,"July 24, 1991",2026-10-04T20:22:18+00:00,false,
20261004T202614Z-fc20c6,Q75612,death_year,wikidata,1991,2026-10-04T19:13:42+00:00,false,
20261004T202614Z-fc20c6,Q75612,nationality,wikidata,Poland; Russian Empire; United States,2026-10-04T19:13:42+00:00,,
20261004T202614Z-fc20c6,Q75612,open_library_id,wikidata,OL137147A,2026-10-04T19:13:42+00:00,,
20261004T202614Z-fc20c6,Q75612,wikidata_qid,openlibrary,Q75612,2026-10-04T20:22:18+00:00,false,
20261004T202614Z-fc20c6,Q75612,work_count,openlibrary,763,2026-10-04T20:22:18+00:00,,
20261004T202614Z-fc20c6,Q76480,birth_year,openlibrary,27. März 1871,2026-10-04T20:22:20+00:00,false,
20261004T202614Z-fc20c6,Q76480,birth_year,wikidata,1871,2026-10-04T19:13:33+00:00,false,
20261004T202614Z-fc20c6,Q76480,canonical_name,wikidata,Heinrich Mann,2026-10-04T19:13:33+00:00,,
20261004T202614Z-fc20c6,Q76480,death_year,openlibrary,11. März 1950,2026-10-04T20:22:20+00:00,false,
20261004T202614Z-fc20c6,Q76480,death_year,wikidata,1950,2026-10-04T19:13:33+00:00,false,
20261004T202614Z-fc20c6,Q76480,nationality,wikidata,Germany,2026-10-04T19:13:33+00:00,,
20261004T202614Z-fc20c6,Q76480,open_library_id,wikidata,OL125711A,2026-10-04T19:13:33+00:00,,
20261004T202614Z-fc20c6,Q76480,wikidata_qid,openlibrary,Q76480,2026-10-04T20:22:20+00:00,false,
20261004T202614Z-fc20c6,Q76480,work_count,openlibrary,372,2026-10-04T20:22:20+00:00,,
20261004T202614Z-fc20c6,Q76483,birth_year,openlibrary,4 December 1875,2026-10-04T20:22:23+00:00,false,
20261004T202614Z-fc20c6,Q76483,birth_year,wikidata,1875,2026-10-04T19:13:31+00:00,false,
20261004T202614Z-fc20c6,Q76483,canonical_name,wikidata,Rainer Rilke,2026-10-04T19:13:31+00:00,,
20261004T202614Z-fc20c6,Q76483,death_year,openlibrary,29 December 1926,2026-10-04T20:22:23+00:00,false,
20261004T202614Z-fc20c6,Q76483,death_year,wikidata,1926,2026-10-04T19:13:31+00:00,false,
20261004T202614Z-fc20c6,Q76483,nationality,wikidata,Cisleithania; Czechoslovakia,2026-10-04T19:13:31+00:00,,
20261004T202614Z-fc20c6,Q76483,open_library_id,wikidata,OL673325A,2026-10-04T19:13:31+00:00,,
20261004T202614Z-fc20c6,Q76483,wikidata_qid,openlibrary,Q76483,2026-10-04T20:22:23+00:00,false,
20261004T202614Z-fc20c6,Q76483,work_count,openlibrary,1643,2026-10-04T20:22:23+00:00,,
20261004T202614Z-fc20c6,Q76498,birth_year,openlibrary,12 Nov 1929,2026-10-04T20:22:24+00:00,false,
20261004T202614Z-fc20c6,Q76498,birth_year,wikidata,1929,2026-10-04T19:15:08+00:00,false,
20261004T202614Z-fc20c6,Q76498,canonical_name,wikidata,Michael Ende,2026-10-04T19:15:08+00:00,,
20261004T202614Z-fc20c6,Q76498,death_year,openlibrary,28 Aug 1995,2026-10-04T20:22:24+00:00,false,
20261004T202614Z-fc20c6,Q76498,death_year,wikidata,1995,2026-10-04T19:15:08+00:00,false,
20261004T202614Z-fc20c6,Q76498,nationality,wikidata,Germany,2026-10-04T19:15:08+00:00,,
20261004T202614Z-fc20c6,Q76498,open_library_id,wikidata,OL296646A,2026-10-04T19:15:08+00:00,,
20261004T202614Z-fc20c6,Q76498,wikidata_qid,openlibrary,Q76498,2026-10-04T20:22:24+00:00,false,
20261004T202614Z-fc20c6,Q76498,work_count,openlibrary,212,2026-10-04T20:22:24+00:00,,
20261004T202614Z-fc20c6,Q765,birth_year,openlibrary,24 March 1926,2026-10-04T20:22:25+00:00,false,
20261004T202614Z-fc20c6,Q765,birth_year,wikidata,1926,2026-10-04T19:13:48+00:00,false,
20261004T202614Z-fc20c6,Q765,canonical_name,wikidata,Dario Fo,2026-10-04T19:13:48+00:00,,
20261004T202614Z-fc20c6,Q765,death_year,openlibrary,13 October 2016,2026-10-04T20:22:25+00:00,false,
20261004T202614Z-fc20c6,Q765,death_year,wikidata,2016,2026-10-04T19:13:48+00:00,false,
20261004T202614Z-fc20c6,Q765,nationality,wikidata,Italy; Kingdom of Italy,2026-10-04T19:13:48+00:00,,
20261004T202614Z-fc20c6,Q765,open_library_id,wikidata,OL67411A,2026-10-04T19:13:48+00:00,,
20261004T202614Z-fc20c6,Q765,wikidata_qid,openlibrary,Q765,2026-10-04T20:22:25+00:00,false,
20261004T202614Z-fc20c6,Q765,work_count,openlibrary,277,2026-10-04T20:22:25+00:00,,
20261004T202614Z-fc20c6,Q7662663,birth_year,openlibrary,1972,2026-10-04T20:22:25+00:00,false,
20261004T202614Z-fc20c6,Q7662663,birth_year,wikidata,1972,2026-10-04T19:14:43+00:00,false,
20261004T202614Z-fc20c6,Q7662663,canonical_name,wikidata,Tan Twan Eng,2026-10-04T19:14:43+00:00,,
20261004T202614Z-fc20c6,Q7662663,death_year,openlibrary,,2026-10-04T20:22:25+00:00,,not_comparable
20261004T202614Z-fc20c6,Q7662663,death_year,wikidata,,2026-10-04T19:14:43+00:00,,not_comparable
20261004T202614Z-fc20c6,Q7662663,nationality,wikidata,Malaysia,2026-10-04T19:14:43+00:00,,
20261004T202614Z-fc20c6,Q7662663,open_library_id,wikidata,OL3946473A,2026-10-04T19:14:43+00:00,,
20261004T202614Z-fc20c6,Q7662663,wikidata_qid,openlibrary,,2026-10-04T20:22:25+00:00,,not_comparable
20261004T202614Z-fc20c6,Q7662663,work_count,openlibrary,5,2026-10-04T20:22:25+00:00,,
20261004T202614Z-fc20c6,Q76952,birth_year,openlibrary,18 May 1944,2026-10-04T20:22:26+00:00,false,
20261004T202614Z-fc20c6,Q76952,birth_year,wikidata,1944,2026-10-04T19:13:34+00:00,false,
20261004T202614Z-fc20c6,Q76952,canonical_name,wikidata,W. G. Sebald,2026-10-04T19:13:34+00:00,,
20261004T202614Z-fc20c6,Q76952,death_year,openlibrary,14 December 2001,2026-10-04T20:22:26+00:00,false,
20261004T202614Z-fc20c6,Q76952,death_year,wikidata,2001,2026-10-04T19:13:34+00:00,false,
20261004T202614Z-fc20c6,Q76952,nationality,wikidata,Germany,2026-10-04T19:13:34+00:00,,
20261004T202614Z-fc20c6,Q76952,open_library_id,wikidata,OL34270A,2026-10-04T19:13:34+00:00,,
20261004T202614Z-fc20c6,Q76952,wikidata_qid,openlibrary,Q76952,2026-10-04T20:22:26+00:00,false,
20261004T202614Z-fc20c6,Q76952,work_count,openlibrary,59,2026-10-04T20:22:26+00:00,,
20261004T202614Z-fc20c6,Q7724,birth_year,openlibrary,22 January 1849,2026-10-04T20:22:27+00:00,false,
20261004T202614Z-fc20c6,Q7724,birth_year,wikidata,1849,2026-10-04T19:14:02+00:00,false,
20261004T202614Z-fc20c6,Q7724,canonical_name,wikidata,August Strindberg,2026-10-04T19:14:02+00:00,,
20261004T202614Z-fc20c6,Q7724,death_year,openlibrary,14 May 1912,2026-10-04T20:22:27+00:00,false,
20261004T202614Z-fc20c6,Q7724,death_year,wikidata,1912,2026-10-04T19:14:02+00:00,false,
20261004T202614Z-fc20c6,Q7724,nationality,wikidata,Sweden,2026-10-04T19:14:02+00:00,,
20261004T202614Z-fc20c6,Q7724,open_library_id,wikidata,OL65966A,2026-10-04T19:14:02+00:00,,
20261004T202614Z-fc20c6,Q7724,wikidata_qid,openlibrary,Q7724,2026-10-04T20:22:27+00:00,false,
20261004T202614Z-fc20c6,Q7724,work_count,openlibrary,1257,2026-10-04T20:22:27+00:00,,
20261004T202614Z-fc20c6,Q78487,birth_year,openlibrary,1880,2026-10-04T20:22:28+00:00,false,
20261004T202614Z-fc20c6,Q78487,birth_year,wikidata,1880,2026-10-04T19:13:36+00:00,false,
20261004T202614Z-fc20c6,Q78487,canonical_name,wikidata,Robert Musil,2026-10-04T19:13:36+00:00,,
20261004T202614Z-fc20c6,Q78487,death_year,openlibrary,1942,2026-10-04T20:22:28+00:00,false,
20261004T202614Z-fc20c6,Q78487,death_year,wikidata,1942,2026-10-04T19:13:36+00:00,false,
20261004T202614Z-fc20c6,Q78487,nationality,wikidata,Austria,2026-10-04T19:13:36+00:00,,
20261004T202614Z-fc20c6,Q78487,open_library_id,wikidata,OL135531A,2026-10-04T19:13:36+00:00,,
20261004T202614Z-fc20c6,Q78487,wikidata_qid,openlibrary,Q78487,2026-10-04T20:22:28+00:00,false,
20261004T202614Z-fc20c6,Q78487,work_count,openlibrary,256,2026-10-04T20:22:28+00:00,,
20261004T202614Z-fc20c6,Q78491,birth_year,openlibrary,28 November 1881,2026-10-04T20:22:28+00:00,false,
20261004T202614Z-fc20c6,Q78491,birth_year,wikidata,1881,2026-10-04T19:13:35+00:00,false,
20261004T202614Z-fc20c6,Q78491,canonical_name,wikidata,Stefan Zweig,2026-10-04T19:13:35+00:00,,
20261004T202614Z-fc20c6,Q78491,death_year,openlibrary,22 February 1942,2026-10-04T20:22:28+00:00,false,
20261004T202614Z-fc20c6,Q78491,death_year,wikidata,1942,2026-10-04T19:13:35+00:00,false,
20261004T202614Z-fc20c6,Q78491,nationality,wikidata,Austria; Cisleithania,2026-10-04T19:13:35+00:00,,
20261004T202614Z-fc20c6,Q78491,open_library_id,wikidata,OL26439A,2026-10-04T19:13:35+00:00,,
20261004T202614Z-fc20c6,Q78491,wikidata_qid,openlibrary,Q78491,2026-10-04T20:22:28+00:00,false,
20261004T202614Z-fc20c6,Q78491,work_count,openlibrary,1854,2026-10-04T20:22:28+00:00,,
20261004T202614Z-fc20c6,Q78506,birth_year,openlibrary,1926,2026-10-04T20:22:29+00:00,false,
20261004T202614Z-fc20c6,Q78506,birth_year,wikidata,1926,2026-10-04T19:13:37+00:00,false,
20261004T202614Z-fc20c6,Q78506,canonical_name,wikidata,Ingeborg Bachmann,2026-10-04T19:13:37+00:00,,
20261004T202614Z-fc20c6,Q78506,death_year,openlibrary,1973,2026-10-04T20:22:29+00:00,false,
20261004T202614Z-fc20c6,Q78506,death_year,wikidata,1973,2026-10-04T19:13:37+00:00,false,
20261004T202614Z-fc20c6,Q78506,nationality,wikidata,Austria,2026-10-04T19:13:37+00:00,,
20261004T202614Z-fc20c6,Q78506,open_library_id,wikidata,OL27744A,2026-10-04T19:13:37+00:00,,
20261004T202614Z-fc20c6,Q78506,wikidata_qid,openlibrary,Q78506,2026-10-04T20:22:29+00:00,false,
20261004T202614Z-fc20c6,Q78506,work_count,openlibrary,152,2026-10-04T20:22:29+00:00,,
20261004T202614Z-fc20c6,Q78509,birth_year,openlibrary,2 September 1894,2026-10-04T20:22:30+00:00,false,
20261004T202614Z-fc20c6,Q78509,birth_year,wikidata,1894,2026-10-04T19:13:37+00:00,false,
20261004T202614Z-fc20c6,Q78509,canonical_name,wikidata,Joseph Roth,2026-10-04T19:13:37+00:00,,
20261004T202614Z-fc20c6,Q78509,death_year,openlibrary,27 May 1939,2026-10-04T20:22:30+00:00,false,
20261004T202614Z-fc20c6,Q78509,death_year,wikidata,1939,2026-10-04T19:13:37+00:00,false,
20261004T202614Z-fc20c6,Q78509,nationality,wikidata,Austria; Cisleithania,2026-10-04T19:13:37+00:00,,
20261004T202614Z-fc20c6,Q78509,open_library_id,wikidata,OL27272A,2026-10-04T19:13:37+00:00,,
20261004T202614Z-fc20c6,Q78509,wikidata_qid,openlibrary,Q78509,2026-10-04T20:22:30+00:00,false,
20261004T202614Z-fc20c6,Q78509,work_count,openlibrary,194,2026-10-04T20:22:30+00:00,,
20261004T202614Z-fc20c6,Q79025,birth_year,openlibrary,15 August 1771,2026-10-04T20:22:32+00:00,false,
20261004T202614Z-fc20c6,Q79025,birth_year,wikidata,1771,2026-10-04T19:12:34+00:00,false,
20261004T202614Z-fc20c6,Q79025,canonical_name,wikidata,Walter Scott,2026-10-04T19:12:34+00:00,,
20261004T202614Z-fc20c6,Q79025,death_year,openlibrary,21 September 1832,2026-10-04T20:22:32+00:00,false,
20261004T202614Z-fc20c6,Q79025,death_year,wikidata,1832,2026-10-04T19:12:34+00:00,false,
20261004T202614Z-fc20c6,Q79025,nationality,wikidata,Kingdom of Great Britain; United Kingdom,2026-10-04T19:12:34+00:00,,
20261004T202614Z-fc20c6,Q79025,open_library_id,wikidata,OL75235A,2026-10-04T19:12:34+00:00,,
20261004T202614Z-fc20c6,Q79025,wikidata_qid,openlibrary,Q79025,2026-10-04T20:22:32+00:00,false,
20261004T202614Z-fc20c6,Q79025,work_count,openlibrary,4767,2026-10-04T20:22:32+00:00,,
20261004T202614Z-fc20c6,Q7934,birth_year,openlibrary,8 October 1920,2026-10-04T20:22:33+00:00,false,
20261004T202614Z-fc20c6,Q7934,birth_year,wikidata,1920,2026-10-04T19:13:01+00:00,false,
20261004T202614Z-fc20c6,Q7934,canonical_name,wikidata,Frank Herbert,2026-10-04T19:13:01+00:00,,
20261004T202614Z-fc20c6,Q7934,death_year,openlibrary,11 February 1986,2026-10-04T20:22:33+00:00,false,
20261004T202614Z-fc20c6,Q7934,death_year,wikidata,1986,2026-10-04T19:13:01+00:00,false,
20261004T202614Z-fc20c6,Q7934,nationality,wikidata,United States,2026-10-04T19:13:01+00:00,,
20261004T202614Z-fc20c6,Q7934,open_library_id,wikidata,OL79034A,2026-10-04T19:13:01+00:00,,
20261004T202614Z-fc20c6,Q7934,wikidata_qid,openlibrary,Q7934,2026-10-04T20:22:33+00:00,false,
20261004T202614Z-fc20c6,Q7934,work_count,openlibrary,141,2026-10-04T20:22:33+00:00,,
20261004T202614Z-fc20c6,Q79759,birth_year,openlibrary,9 December 1608,2026-10-04T20:22:35+00:00,false,
20261004T202614Z-fc20c6,Q79759,birth_year,wikidata,1608,2026-10-04T19:12:32+00:00,false,
20261004T202614Z-fc20c6,Q79759,canonical_name,wikidata,John Milton,2026-10-04T19:12:32+00:00,,
20261004T202614Z-fc20c6,Q79759,death_year,openlibrary,8 November 1674,2026-10-04T20:22:35+00:00,false,
20261004T202614Z-fc20c6,Q79759,death_year,wikidata,1674,2026-10-04T19:12:32+00:00,false,
20261004T202614Z-fc20c6,Q79759,nationality,wikidata,Kingdom of England,2026-10-04T19:12:32+00:00,,
20261004T202614Z-fc20c6,Q79759,open_library_id,wikidata,OL68333A,2026-10-04T19:12:32+00:00,,
20261004T202614Z-fc20c6,Q79759,wikidata_qid,openlibrary,Q79759,2026-10-04T20:22:35+00:00,false,
20261004T202614Z-fc20c6,Q79759,work_count,openlibrary,6751,2026-10-04T20:22:35+00:00,,
20261004T202614Z-fc20c6,Q79822,birth_year,openlibrary,24 December 1798,2026-10-04T20:22:36+00:00,false,
20261004T202614Z-fc20c6,Q79822,birth_year,wikidata,1798,2026-10-04T19:13:41+00:00,false,
20261004T202614Z-fc20c6,Q79822,canonical_name,wikidata,Adam Mickiewicz,2026-10-04T19:13:41+00:00,,
20261004T202614Z-fc20c6,Q79822,death_year,openlibrary,26 November 1855,2026-10-04T20:22:36+00:00,false,
20261004T202614Z-fc20c6,Q79822,death_year,wikidata,1855,2026-10-04T19:13:41+00:00,false,
20261004T202614Z-fc20c6,Q79822,nationality,wikidata,Poland; Russian Empire,2026-10-04T19:13:41+00:00,,
20261004T202614Z-fc20c6,Q79822,open_library_id,wikidata,OL114808A,2026-10-04T19:13:41+00:00,,
20261004T202614Z-fc20c6,Q79822,wikidata_qid,openlibrary,Q79822,2026-10-04T20:22:36+00:00,false,
20261004T202614Z-fc20c6,Q79822,work_count,openlibrary,433,2026-10-04T20:22:36+00:00,,
20261004T202614Z-fc20c6,Q79904,birth_year,openlibrary,1 January 1919,2026-10-04T20:22:37+00:00,false,
20261004T202614Z-fc20c6,Q79904,birth_year,wikidata,1919,2026-10-04T19:12:58+00:00,false,
20261004T202614Z-fc20c6,Q79904,canonical_name,wikidata,J. D. Salinger,2026-10-04T19:12:58+00:00,,
20261004T202614Z-fc20c6,Q79904,death_year,openlibrary,27 January 2010,2026-10-04T20:22:37+00:00,false,
20261004T202614Z-fc20c6,Q79904,death_year,wikidata,2010,2026-10-04T19:12:58+00:00,false,
20261004T202614Z-fc20c6,Q79904,nationality,wikidata,United States,2026-10-04T19:12:58+00:00,,
20261004T202614Z-fc20c6,Q79904,open_library_id,wikidata,OL540486A,2026-10-04T19:12:58+00:00,,
20261004T202614Z-fc20c6,Q79904,wikidata_qid,openlibrary,Q79904,2026-10-04T20:22:37+00:00,false,
20261004T202614Z-fc20c6,Q79904,work_count,openlibrary,42,2026-10-04T20:22:37+00:00,,
20261004T202614Z-fc20c6,Q80095,birth_year,openlibrary,1935-01-31,2026-10-04T20:22:43+00:00,false,
20261004T202614Z-fc20c6,Q80095,birth_year,wikidata,1935,2026-10-04T19:14:08+00:00,false,
20261004T202614Z-fc20c6,Q80095,canonical_name,wikidata,Kenzaburō Ōe,2026-10-04T19:14:08+00:00,,
20261004T202614Z-fc20c6,Q80095,death_year,openlibrary,2023-03-03,2026-10-04T20:22:43+00:00,false,
20261004T202614Z-fc20c6,Q80095,death_year,wikidata,2023,2026-10-04T19:14:08+00:00,false,
20261004T202614Z-fc20c6,Q80095,nationality,wikidata,Dai-Nippon Teikoku; Japan,2026-10-04T19:14:08+00:00,,
20261004T202614Z-fc20c6,Q80095,open_library_id,wikidata,OL4280455A; OL2781343A,2026-10-04T19:14:08+00:00,,
20261004T202614Z-fc20c6,Q80095,wikidata_qid,openlibrary,Q80095,2026-10-04T20:22:43+00:00,false,
20261004T202614Z-fc20c6,Q80095,work_count,openlibrary,342,2026-10-04T20:22:43+00:00,,
20261004T202614Z-fc20c6,Q80321,birth_year,openlibrary,1902,2026-10-04T20:22:38+00:00,false,
20261004T202614Z-fc20c6,Q80321,birth_year,wikidata,1902,2026-10-04T19:14:02+00:00,false,
20261004T202614Z-fc20c6,Q80321,canonical_name,wikidata,Halldór Laxness,2026-10-04T19:14:02+00:00,,
20261004T202614Z-fc20c6,Q80321,death_year,openlibrary,1998,2026-10-04T20:22:38+00:00,false,
20261004T202614Z-fc20c6,Q80321,death_year,wikidata,1998,2026-10-04T19:14:02+00:00,false,
20261004T202614Z-fc20c6,Q80321,nationality,wikidata,Iceland,2026-10-04T19:14:02+00:00,,
20261004T202614Z-fc20c6,Q80321,open_library_id,wikidata,OL62102A,2026-10-04T19:14:02+00:00,,
20261004T202614Z-fc20c6,Q80321,wikidata_qid,openlibrary,Q80321,2026-10-04T20:22:38+00:00,false,
20261004T202614Z-fc20c6,Q80321,work_count,openlibrary,267,2026-10-04T20:22:38+00:00,,
20261004T202614Z-fc20c6,Q80871,birth_year,openlibrary,7 April 1889,2026-10-04T20:22:39+00:00,false,
20261004T202614Z-fc20c6,Q80871,birth_year,wikidata,1889,2026-10-04T19:11:52+00:00,false,
20261004T202614Z-fc20c6,Q80871,canonical_name,wikidata,Gabriela Mistral,2026-10-04T19:11:52+00:00,,
20261004T202614Z-fc20c6,Q80871,death_year,openlibrary,10 January 1957,2026-10-04T20:22:39+00:00,false,
20261004T202614Z-fc20c6,Q80871,death_year,wikidata,1957,2026-10-04T19:11:52+00:00,false,
20261004T202614Z-fc20c6,Q80871,nationality,wikidata,Chile,2026-10-04T19:11:52+00:00,,
20261004T202614Z-fc20c6,Q80871,open_library_id,wikidata,OL41892A,2026-10-04T19:11:52+00:00,,
20261004T202614Z-fc20c6,Q80871,wikidata_qid,openlibrary,Q80871,2026-10-04T20:22:39+00:00,false,
20261004T202614Z-fc20c6,Q80871,work_count,openlibrary,295,2026-10-04T20:22:39+00:00,,
20261004T202614Z-fc20c6,Q80889,birth_year,openlibrary,20 May 1882,2026-10-04T20:22:40+00:00,false,
20261004T202614Z-fc20c6,Q80889,birth_year,wikidata,1882,2026-10-04T19:13:58+00:00,false,
20261004T202614Z-fc20c6,Q80889,canonical_name,wikidata,Sigrid Undset,2026-10-04T19:13:58+00:00,,
20261004T202614Z-fc20c6,Q80889,death_year,openlibrary,10 June 1949,2026-10-04T20:22:40+00:00,false,
20261004T202614Z-fc20c6,Q80889,death_year,wikidata,1949,2026-10-04T19:13:58+00:00,false,
20261004T202614Z-fc20c6,Q80889,nationality,wikidata,Norway,2026-10-04T19:13:58+00:00,,
20261004T202614Z-fc20c6,Q80889,open_library_id,wikidata,OL23696A,2026-10-04T19:13:58+00:00,,
20261004T202614Z-fc20c6,Q80889,wikidata_qid,openlibrary,Q80889,2026-10-04T20:22:40+00:00,false,
20261004T202614Z-fc20c6,Q80889,work_count,openlibrary,185,2026-10-04T20:22:40+00:00,,
20261004T202614Z-fc20c6,Q81438,birth_year,openlibrary,31 May 1819,2026-10-04T20:22:40+00:00,false,
20261004T202614Z-fc20c6,Q81438,birth_year,wikidata,1819,2026-10-04T19:12:50+00:00,false,
20261004T202614Z-fc20c6,Q81438,canonical_name,wikidata,Walt Whitman,2026-10-04T19:12:50+00:00,,
20261004T202614Z-fc20c6,Q81438,death_year,openlibrary,26 March 1892,2026-10-04T20:22:40+00:00,false,
20261004T202614Z-fc20c6,Q81438,death_year,wikidata,1892,2026-10-04T19:12:50+00:00,false,
20261004T202614Z-fc20c6,Q81438,nationality,wikidata,United States,2026-10-04T19:12:50+00:00,,
20261004T202614Z-fc20c6,Q81438,open_library_id,wikidata,OL23178A,2026-10-04T19:12:50+00:00,,
20261004T202614Z-fc20c6,Q81438,wikidata_qid,openlibrary,Q81438,2026-10-04T20:22:40+00:00,false,
20261004T202614Z-fc20c6,Q81438,work_count,openlibrary,1099,2026-10-04T20:22:40+00:00,,
20261004T202614Z-fc20c6,Q81731,birth_year,openlibrary,973?,2026-10-04T20:22:41+00:00,,not_comparable
20261004T202614Z-fc20c6,Q81731,birth_year,wikidata,970,2026-10-04T19:14:09+00:00,,not_comparable
20261004T202614Z-fc20c6,Q81731,canonical_name,wikidata,Murasaki Shikibu,2026-10-04T19:14:09+00:00,,
20261004T202614Z-fc20c6,Q81731,death_year,openlibrary,1014?,2026-10-04T20:22:41+00:00,,not_comparable
20261004T202614Z-fc20c6,Q81731,death_year,wikidata,1100,2026-10-04T19:14:09+00:00,,not_comparable
20261004T202614Z-fc20c6,Q81731,nationality,wikidata,Japan,2026-10-04T19:14:09+00:00,,
20261004T202614Z-fc20c6,Q81731,open_library_id,wikidata,OL365212A,2026-10-04T19:14:09+00:00,,
20261004T202614Z-fc20c6,Q81731,wikidata_qid,openlibrary,Q81731,2026-10-04T20:22:41+00:00,false,
20261004T202614Z-fc20c6,Q81731,work_count,openlibrary,309,2026-10-04T20:22:41+00:00,,
20261004T202614Z-fc20c6,Q82083,birth_year,openlibrary,31 October 1795,2026-10-04T20:22:42+00:00,false,
20261004T202614Z-fc20c6,Q82083,birth_year,wikidata,1795,2026-10-04T19:12:40+00:00,false,
20261004T202614Z-fc20c6,Q82083,canonical_name,wikidata,John Keats,2026-10-04T19:12:40+00:00,,
20261004T202614Z-fc20c6,Q82083,death_year,openlibrary,23 February 1821,2026-10-04T20:22:42+00:00,false,
20261004T202614Z-fc20c6,Q82083,death_year,wikidata,1821,2026-10-04T19:12:40+00:00,false,
20261004T202614Z-fc20c6,Q82083,nationality,wikidata,United Kingdom of Great Britain and Ireland,2026-10-04T19:12:40+00:00,,
20261004T202614Z-fc20c6,Q82083,open_library_id,wikidata,OL153488A,2026-10-04T19:12:40+00:00,,
20261004T202614Z-fc20c6,Q82083,wikidata_qid,openlibrary,Q82083,2026-10-04T20:22:42+00:00,false,
20261004T202614Z-fc20c6,Q82083,work_count,openlibrary,625,2026-10-04T20:22:42+00:00,,
20261004T202614Z-fc20c6,Q82409,birth_year,openlibrary,21 October 1772,2026-10-04T20:22:44+00:00,false,
20261004T202614Z-fc20c6,Q82409,birth_year,wikidata,1772,2026-10-04T19:12:37+00:00,false,
20261004T202614Z-fc20c6,Q82409,canonical_name,wikidata,Samuel Taylor Coleridge,2026-10-04T19:12:37+00:00,,
20261004T202614Z-fc20c6,Q82409,death_year,openlibrary,25 July 1834,2026-10-04T20:22:44+00:00,false,
20261004T202614Z-fc20c6,Q82409,death_year,wikidata,1834,2026-10-04T19:12:37+00:00,false,
20261004T202614Z-fc20c6,Q82409,nationality,wikidata,Kingdom of Great Britain; United Kingdom of Great Britain and Ireland,2026-10-04T19:12:37+00:00,,
20261004T202614Z-fc20c6,Q82409,open_library_id,wikidata,OL26099A,2026-10-04T19:12:37+00:00,,
20261004T202614Z-fc20c6,Q82409,wikidata_qid,openlibrary,Q82409,2026-10-04T20:22:44+00:00,false,
20261004T202614Z-fc20c6,Q82409,work_count,openlibrary,1040,2026-10-04T20:22:44+00:00,,
20261004T202614Z-fc20c6,Q82925,birth_year,openlibrary,3 December 1857,2026-10-04T20:22:45+00:00,false,
20261004T202614Z-fc20c6,Q82925,birth_year,wikidata,1857,2026-10-04T19:12:45+00:00,false,
20261004T202614Z-fc20c6,Q82925,canonical_name,wikidata,Joseph Conrad,2026-10-04T19:12:45+00:00,,
20261004T202614Z-fc20c6,Q82925,death_year,openlibrary,3 August 1924,2026-10-04T20:22:45+00:00,false,
20261004T202614Z-fc20c6,Q82925,death_year,wikidata,1924,2026-10-04T19:12:45+00:00,false,
20261004T202614Z-fc20c6,Q82925,nationality,wikidata,Poland; Russian Empire; Second Polish Republic; Ukraine; United Kingdom; United Kingdom of Great Britain and Ireland,2026-10-04T19:12:45+00:00,,
20261004T202614Z-fc20c6,Q82925,open_library_id,wikidata,OL19441A,2026-10-04T19:12:45+00:00,,
20261004T202614Z-fc20c6,Q82925,wikidata_qid,openlibrary,Q82925,2026-10-04T20:22:45+00:00,false,
20261004T202614Z-fc20c6,Q82925,work_count,openlibrary,5600,2026-10-04T20:22:45+00:00,,
20261004T202614Z-fc20c6,Q83566,birth_year,openlibrary,2 August 1942,2026-10-04T20:09:51+00:00,false,
20261004T202614Z-fc20c6,Q83566,birth_year,wikidata,1942,2026-10-04T19:11:44+00:00,false,
20261004T202614Z-fc20c6,Q83566,canonical_name,wikidata,Isabel Allende,2026-10-04T19:11:44+00:00,,
20261004T202614Z-fc20c6,Q83566,death_year,openlibrary,,2026-10-04T20:09:51+00:00,,not_comparable
20261004T202614Z-fc20c6,Q83566,death_year,wikidata,,2026-10-04T19:11:44+00:00,,not_comparable
20261004T202614Z-fc20c6,Q83566,nationality,wikidata,Chile; United States,2026-10-04T19:11:44+00:00,,
20261004T202614Z-fc20c6,Q83566,open_library_id,wikidata,OL228079A,2026-10-04T19:11:44+00:00,,
20261004T202614Z-fc20c6,Q83566,wikidata_qid,openlibrary,Q83566,2026-10-04T20:09:51+00:00,false,
20261004T202614Z-fc20c6,Q83566,work_count,openlibrary,103,2026-10-04T20:09:51+00:00,,
20261004T202614Z-fc20c6,Q859,birth_year,openlibrary,428/427 BC,2026-10-04T20:22:47+00:00,,not_comparable
20261004T202614Z-fc20c6,Q859,birth_year,wikidata,-428,2026-10-04T19:15:00+00:00,,not_comparable
20261004T202614Z-fc20c6,Q859,canonical_name,wikidata,Πλάτων,2026-10-04T19:15:00+00:00,,
20261004T202614Z-fc20c6,Q859,death_year,openlibrary,348/347 BC,2026-10-04T20:22:47+00:00,,not_comparable
20261004T202614Z-fc20c6,Q859,death_year,wikidata,-348,2026-10-04T19:15:00+00:00,,not_comparable
20261004T202614Z-fc20c6,Q859,nationality,wikidata,Classical Athens,2026-10-04T19:15:00+00:00,,
20261004T202614Z-fc20c6,Q859,open_library_id,wikidata,OL12823A; OL13119715A,2026-10-04T19:15:00+00:00,,
20261004T202614Z-fc20c6,Q859,wikidata_qid,openlibrary,Q859,2026-10-04T20:22:47+00:00,false,
20261004T202614Z-fc20c6,Q859,work_count,openlibrary,3760,2026-10-04T20:22:47+00:00,,
20261004T202614Z-fc20c6,Q868,birth_year,openlibrary,384 BC,2026-10-04T20:22:54+00:00,false,
20261004T202614Z-fc20c6,Q868,birth_year,wikidata,-384,2026-10-04T19:15:01+00:00,false,
20261004T202614Z-fc20c6,Q868,canonical_name,wikidata,Aristotle,2026-10-04T19:15:01+00:00,,
20261004T202614Z-fc20c6,Q868,death_year,openlibrary,322 BC,2026-10-04T20:22:54+00:00,false,
20261004T202614Z-fc20c6,Q868,death_year,wikidata,-322,2026-10-04T19:15:01+00:00,false,
20261004T202614Z-fc20c6,Q868,open_library_id,wikidata,OL6856645A; OL22105A,2026-10-04T19:15:01+00:00,,
20261004T202614Z-fc20c6,Q868,wikidata_qid,openlibrary,Q868,2026-10-04T20:22:54+00:00,false,
20261004T202614Z-fc20c6,Q868,work_count,openlibrary,2485,2026-10-04T20:22:54+00:00,,
20261004T202614Z-fc20c6,Q892,birth_year,openlibrary,3 January 1892,2026-10-04T20:22:49+00:00,false,
20261004T202614Z-fc20c6,Q892,birth_year,wikidata,1892,2026-10-04T19:12:31+00:00,false,
20261004T202614Z-fc20c6,Q892,canonical_name,wikidata,J. R. R. Tolkien,2026-10-04T19:12:31+00:00,,
20261004T202614Z-fc20c6,Q892,death_year,openlibrary,2 September 1973,2026-10-04T20:22:49+00:00,false,
20261004T202614Z-fc20c6,Q892,death_year,wikidata,1973,2026-10-04T19:12:31+00:00,false,
20261004T202614Z-fc20c6,Q892,nationality,wikidata,United Kingdom,2026-10-04T19:12:31+00:00,,
20261004T202614Z-fc20c6,Q892,open_library_id,wikidata,OL26320A,2026-10-04T19:12:31+00:00,,
20261004T202614Z-fc20c6,Q892,wikidata_qid,openlibrary,Q892,2026-10-04T20:22:49+00:00,false,
20261004T202614Z-fc20c6,Q892,work_count,openlibrary,349,2026-10-04T20:22:49+00:00,,
20261004T202614Z-fc20c6,Q8998,birth_year,openlibrary,1955,2026-10-04T20:22:56+00:00,false,
20261004T202614Z-fc20c6,Q8998,birth_year,wikidata,1955,2026-10-04T19:14:15+00:00,false,
20261004T202614Z-fc20c6,Q8998,canonical_name,wikidata,Mo Yan,2026-10-04T19:14:15+00:00,,
20261004T202614Z-fc20c6,Q8998,death_year,openlibrary,,2026-10-04T20:22:56+00:00,,not_comparable
20261004T202614Z-fc20c6,Q8998,death_year,wikidata,,2026-10-04T19:14:15+00:00,,not_comparable
20261004T202614Z-fc20c6,Q8998,nationality,wikidata,People's Republic of China,2026-10-04T19:14:15+00:00,,
20261004T202614Z-fc20c6,Q8998,open_library_id,wikidata,OL1426172A; OL2645259A,2026-10-04T19:14:15+00:00,,
20261004T202614Z-fc20c6,Q8998,wikidata_qid,openlibrary,Q8998,2026-10-04T20:22:56+00:00,false,
20261004T202614Z-fc20c6,Q8998,work_count,openlibrary,357,2026-10-04T20:22:56+00:00,,
20261004T202614Z-fc20c6,Q9025225,birth_year,openlibrary,1942,2026-10-04T20:22:51+00:00,false,
20261004T202614Z-fc20c6,Q9025225,birth_year,wikidata,1942,2026-10-04T19:12:09+00:00,false,
20261004T202614Z-fc20c6,Q9025225,canonical_name,wikidata,Luis Mateo Díez,2026-10-04T19:12:09+00:00,,
20261004T202614Z-fc20c6,Q9025225,death_year,openlibrary,,2026-10-04T20:22:51+00:00,,not_comparable
20261004T202614Z-fc20c6,Q9025225,death_year,wikidata,,2026-10-04T19:12:09+00:00,,not_comparable
20261004T202614Z-fc20c6,Q9025225,nationality,wikidata,Spain,2026-10-04T19:12:09+00:00,,
20261004T202614Z-fc20c6,Q9025225,open_library_id,wikidata,OL202977A,2026-10-04T19:12:09+00:00,,
20261004T202614Z-fc20c6,Q9025225,wikidata_qid,openlibrary,Q9025225,2026-10-04T20:22:51+00:00,false,
20261004T202614Z-fc20c6,Q9025225,work_count,openlibrary,111,2026-10-04T20:22:51+00:00,,
20261004T202614Z-fc20c6,Q9049,birth_year,openlibrary,7 December 1928,2026-10-04T20:22:52+00:00,false,
20261004T202614Z-fc20c6,Q9049,birth_year,wikidata,1928,2026-10-04T19:14:50+00:00,false,
20261004T202614Z-fc20c6,Q9049,canonical_name,wikidata,Noam Chomsky,2026-10-04T19:14:50+00:00,,
20261004T202614Z-fc20c6,Q9049,death_year,openlibrary,,2026-10-04T20:22:52+00:00,,not_comparable
20261004T202614Z-fc20c6,Q9049,death_year,wikidata,,2026-10-04T19:14:50+00:00,,not_comparable
20261004T202614Z-fc20c6,Q9049,nationality,wikidata,United States,2026-10-04T19:14:50+00:00,,
20261004T202614Z-fc20c6,Q9049,open_library_id,wikidata,OL31676A,2026-10-04T19:14:50+00:00,,
20261004T202614Z-fc20c6,Q9049,wikidata_qid,openlibrary,Q9049,2026-10-04T20:22:52+00:00,false,
20261004T202614Z-fc20c6,Q9049,work_count,openlibrary,763,2026-10-04T20:22:52+00:00,,
20261004T202614Z-fc20c6,Q905,birth_year,openlibrary,3 July 1883,2026-10-04T20:22:52+00:00,false,
20261004T202614Z-fc20c6,Q905,birth_year,wikidata,1883,2026-10-04T19:13:17+00:00,false,
20261004T202614Z-fc20c6,Q905,canonical_name,wikidata,Franz Kafka,2026-10-04T19:13:17+00:00,,
20261004T202614Z-fc20c6,Q905,death_year,openlibrary,3 June 1924,2026-10-04T20:22:52+00:00,false,
20261004T202614Z-fc20c6,Q905,death_year,wikidata,1924,2026-10-04T19:13:17+00:00,false,
20261004T202614Z-fc20c6,Q905,nationality,wikidata,Cisleithania; Czechoslovakia,2026-10-04T19:13:17+00:00,,
20261004T202614Z-fc20c6,Q905,open_library_id,wikidata,OL33146A; OL11831108A,2026-10-04T19:13:17+00:00,,
20261004T202614Z-fc20c6,Q905,wikidata_qid,openlibrary,Q905,2026-10-04T20:22:52+00:00,false,
20261004T202614Z-fc20c6,Q905,work_count,openlibrary,1867,2026-10-04T20:22:52+00:00,,
20261004T202614Z-fc20c6,Q9068,birth_year,openlibrary,21 November 1694,2026-10-04T20:22:53+00:00,false,
20261004T202614Z-fc20c6,Q9068,birth_year,wikidata,1694,2026-10-04T19:13:24+00:00,false,
20261004T202614Z-fc20c6,Q9068,canonical_name,wikidata,Voltaire,2026-10-04T19:13:24+00:00,,
20261004T202614Z-fc20c6,Q9068,death_year,openlibrary,30 May 1778,2026-10-04T20:22:53+00:00,false,
20261004T202614Z-fc20c6,Q9068,death_year,wikidata,1778,2026-10-04T19:13:24+00:00,false,
20261004T202614Z-fc20c6,Q9068,nationality,wikidata,France; Kingdom of France,2026-10-04T19:13:24+00:00,,
20261004T202614Z-fc20c6,Q9068,open_library_id,wikidata,OL32293A,2026-10-04T19:13:24+00:00,,
20261004T202614Z-fc20c6,Q9068,wikidata_qid,openlibrary,Q9068,2026-10-04T20:22:53+00:00,false,
20261004T202614Z-fc20c6,Q9068,work_count,openlibrary,4180,2026-10-04T20:22:53+00:00,,
20261004T202614Z-fc20c6,Q909,birth_year,openlibrary,24 Aug 1899,2026-10-04T20:09:52+00:00,false,
20261004T202614Z-fc20c6,Q909,birth_year,wikidata,1899,2026-10-04T19:11:44+00:00,false,
20261004T202614Z-fc20c6,Q909,canonical_name,wikidata,Jorge Luis Borges,2026-10-04T19:11:44+00:00,,
20261004T202614Z-fc20c6,Q909,death_year,openlibrary,14 Jun 1986,2026-10-04T20:09:52+00:00,false,
20261004T202614Z-fc20c6,Q909,death_year,wikidata,1986,2026-10-04T19:11:44+00:00,false,
20261004T202614Z-fc20c6,Q909,nationality,wikidata,Argentina,2026-10-04T19:11:44+00:00,,
20261004T202614Z-fc20c6,Q909,open_library_id,wikidata,OL18928A,2026-10-04T19:11:44+00:00,,
20261004T202614Z-fc20c6,Q909,wikidata_qid,openlibrary,Q909,2026-10-04T20:09:52+00:00,false,
20261004T202614Z-fc20c6,Q909,work_count,openlibrary,820,2026-10-04T20:09:52+00:00,,
20261004T202614Z-fc20c6,Q9204,birth_year,openlibrary,29 November 1898,2026-10-04T20:22:54+00:00,false,
20261004T202614Z-fc20c6,Q9204,birth_year,wikidata,1898,2026-10-04T19:12:29+00:00,false,
20261004T202614Z-fc20c6,Q9204,canonical_name,wikidata,C. S. Lewis,2026-10-04T19:12:29+00:00,,
20261004T202614Z-fc20c6,Q9204,death_year,openlibrary,22 November 1963,2026-10-04T20:22:54+00:00,false,
20261004T202614Z-fc20c6,Q9204,death_year,wikidata,1963,2026-10-04T19:12:29+00:00,false,
20261004T202614Z-fc20c6,Q9204,nationality,wikidata,United Kingdom,2026-10-04T19:12:29+00:00,,
20261004T202614Z-fc20c6,Q9204,open_library_id,wikidata,OL31574A,2026-10-04T19:12:29+00:00,,
20261004T202614Z-fc20c6,Q9204,wikidata_qid,openlibrary,Q9204,2026-10-04T20:22:54+00:00,false,
20261004T202614Z-fc20c6,Q9204,work_count,openlibrary,1430,2026-10-04T20:22:54+00:00,,
20261004T202614Z-fc20c6,Q93166,birth_year,openlibrary,1929-04-01,2026-10-04T20:23:02+00:00,false,
20261004T202614Z-fc20c6,Q93166,birth_year,wikidata,1929,2026-10-04T19:13:29+00:00,false,
20261004T202614Z-fc20c6,Q93166,canonical_name,wikidata,Milan Kundera,2026-10-04T19:13:29+00:00,,
20261004T202614Z-fc20c6,Q93166,death_year,openlibrary,2023-07-11,2026-10-04T20:23:02+00:00,false,
20261004T202614Z-fc20c6,Q93166,death_year,wikidata,2023,2026-10-04T19:13:29+00:00,false,
20261004T202614Z-fc20c6,Q93166,nationality,wikidata,Czech Republic; Czechoslovakia; France; statelessness,2026-10-04T19:13:29+00:00,,
20261004T202614Z-fc20c6,Q93166,open_library_id,wikidata,OL4326321A; OL20887A,2026-10-04T19:13:29+00:00,,
20261004T202614Z-fc20c6,Q93166,wikidata_qid,openlibrary,Q93166,2026-10-04T20:23:02+00:00,false,
20261004T202614Z-fc20c6,Q93166,work_count,openlibrary,245,2026-10-04T20:23:02+00:00,,
20261004T202614Z-fc20c6,Q9327,birth_year,openlibrary,5 Aug 1850,2026-10-04T20:22:57+00:00,false,
20261004T202614Z-fc20c6,Q9327,birth_year,wikidata,1850,2026-10-04T19:13:22+00:00,false,
20261004T202614Z-fc20c6,Q9327,canonical_name,wikidata,Guy de Maupassant,2026-10-04T19:13:22+00:00,,
20261004T202614Z-fc20c6,Q9327,death_year,openlibrary,2 Mar 1893,2026-10-04T20:22:57+00:00,false,
20261004T202614Z-fc20c6,Q9327,death_year,wikidata,1893,2026-10-04T19:13:22+00:00,false,
20261004T202614Z-fc20c6,Q9327,nationality,wikidata,France,2026-10-04T19:13:22+00:00,,
20261004T202614Z-fc20c6,Q9327,open_library_id,wikidata,OL29388A,2026-10-04T19:13:22+00:00,,
20261004T202614Z-fc20c6,Q9327,wikidata_qid,openlibrary,Q9327,2026-10-04T20:22:57+00:00,false,
20261004T202614Z-fc20c6,Q9327,work_count,openlibrary,3613,2026-10-04T20:22:57+00:00,,
20261004T202614Z-fc20c6,Q9333,birth_year,openlibrary,c. 604 BC,2026-10-04T20:23:01+00:00,,not_comparable
20261004T202614Z-fc20c6,Q9333,birth_year,wikidata,-579,2026-10-04T19:14:59+00:00,,not_comparable
20261004T202614Z-fc20c6,Q9333,canonical_name,wikidata,Laozi,2026-10-04T19:14:59+00:00,,
20261004T202614Z-fc20c6,Q9333,death_year,openlibrary,,2026-10-04T20:23:01+00:00,,not_comparable
20261004T202614Z-fc20c6,Q9333,death_year,wikidata,-500,2026-10-04T19:14:59+00:00,,not_comparable
20261004T202614Z-fc20c6,Q9333,nationality,wikidata,Zhou dynasty,2026-10-04T19:14:59+00:00,,
20261004T202614Z-fc20c6,Q9333,open_library_id,wikidata,OL18293A,2026-10-04T19:14:59+00:00,,
20261004T202614Z-fc20c6,Q9333,wikidata_qid,openlibrary,Q9333,2026-10-04T20:23:01+00:00,false,
20261004T202614Z-fc20c6,Q9333,work_count,openlibrary,673,2026-10-04T20:23:01+00:00,,
20261004T202614Z-fc20c6,Q93343,birth_year,openlibrary,4 August 1792,2026-10-04T20:23:01+00:00,false,
20261004T202614Z-fc20c6,Q93343,birth_year,wikidata,1792,2026-10-04T19:12:39+00:00,false,
20261004T202614Z-fc20c6,Q93343,canonical_name,wikidata,Percy Bysshe Shelley,2026-10-04T19:12:39+00:00,,
20261004T202614Z-fc20c6,Q93343,death_year,openlibrary,8 July 1822,2026-10-04T20:23:01+00:00,false,
20261004T202614Z-fc20c6,Q93343,death_year,wikidata,1822,2026-10-04T19:12:39+00:00,false,
20261004T202614Z-fc20c6,Q93343,nationality,wikidata,Kingdom of Great Britain; Kingdom of Italy; Switzerland; United Kingdom of Great Britain and Ireland,2026-10-04T19:12:39+00:00,,
20261004T202614Z-fc20c6,Q93343,open_library_id,wikidata,OL20743A,2026-10-04T19:12:39+00:00,,
20261004T202614Z-fc20c6,Q93343,wikidata_qid,openlibrary,Q93343,2026-10-04T20:23:01+00:00,false,
20261004T202614Z-fc20c6,Q93343,work_count,openlibrary,1096,2026-10-04T20:23:01+00:00,,
20261004T202614Z-fc20c6,Q93354,birth_year,openlibrary,24 September 1896,2026-10-04T20:23:03+00:00,false,
20261004T202614Z-fc20c6,Q93354,birth_year,wikidata,1896,2026-10-04T19:12:53+00:00,false,
20261004T202614Z-fc20c6,Q93354,canonical_name,wikidata,F. Scott Fitzgerald,2026-10-04T19:12:53+00:00,,
20261004T202614Z-fc20c6,Q93354,death_year,openlibrary,21 December 1940,2026-10-04T20:23:03+00:00,false,
20261004T202614Z-fc20c6,Q93354,death_year,wikidata,1940,2026-10-04T19:12:53+00:00,false,
20261004T202614Z-fc20c6,Q93354,nationality,wikidata,United States,2026-10-04T19:12:53+00:00,,
20261004T202614Z-fc20c6,Q93354,open_library_id,wikidata,OL27349A,2026-10-04T19:12:53+00:00,,
20261004T202614Z-fc20c6,Q93354,wikidata_qid,openlibrary,Q93354,2026-10-04T20:23:03+00:00,false,
20261004T202614Z-fc20c6,Q93354,work_count,openlibrary,1264,2026-10-04T20:23:03+00:00,,
20261004T202614Z-fc20c6,Q9364,birth_year,openlibrary,21 June 1905,2026-10-04T20:23:04+00:00,false,
20261004T202614Z-fc20c6,Q9364,birth_year,wikidata,1905,2026-10-04T19:13:26+00:00,false,
20261004T202614Z-fc20c6,Q9364,canonical_name,wikidata,Jean-Paul Sartre,2026-10-04T19:13:26+00:00,,
20261004T202614Z-fc20c6,Q9364,death_year,openlibrary,15 April 1980,2026-10-04T20:23:04+00:00,false,
20261004T202614Z-fc20c6,Q9364,death_year,wikidata,1980,2026-10-04T19:13:26+00:00,false,
20261004T202614Z-fc20c6,Q9364,nationality,wikidata,France,2026-10-04T19:13:26+00:00,,
20261004T202614Z-fc20c6,Q9364,open_library_id,wikidata,OL117592A,2026-10-04T19:13:26+00:00,,
20261004T202614Z-fc20c6,Q9364,wikidata_qid,openlibrary,Q9364,2026-10-04T20:23:04+00:00,false,
20261004T202614Z-fc20c6,Q9364,work_count,openlibrary,1200,2026-10-04T20:23:04+00:00,,
20261004T202614Z-fc20c6,Q9711,birth_year,openlibrary,20 May 1799,2026-10-04T20:23:05+00:00,false,
20261004T202614Z-fc20c6,Q9711,birth_year,wikidata,1799,2026-10-04T19:13:21+00:00,false,
20261004T202614Z-fc20c6,Q9711,canonical_name,wikidata,Honoré de Balzac,2026-10-04T19:13:21+00:00,,
20261004T202614Z-fc20c6,Q9711,death_year,openlibrary,18 August 1850,2026-10-04T20:23:05+00:00,false,
20261004T202614Z-fc20c6,Q9711,death_year,wikidata,1850,2026-10-04T19:13:21+00:00,false,
20261004T202614Z-fc20c6,Q9711,nationality,wikidata,France,2026-10-04T19:13:21+00:00,,
20261004T202614Z-fc20c6,Q9711,open_library_id,wikidata,OL29097A,2026-10-04T19:13:21+00:00,,
20261004T202614Z-fc20c6,Q9711,wikidata_qid,openlibrary,Q9711,2026-10-04T20:23:05+00:00,false,
20261004T202614Z-fc20c6,Q9711,work_count,openlibrary,7466,2026-10-04T20:23:05+00:00,,
20261004T202614Z-fc20c6,Q982838,birth_year,openlibrary,1906,2026-10-04T20:23:06+00:00,true,
20261004T202614Z-fc20c6,Q982838,birth_year,wikidata,1907,2026-10-04T19:14:35+00:00,true,
20261004T202614Z-fc20c6,Q982838,canonical_name,wikidata,Sabahattin Ali,2026-10-04T19:14:35+00:00,,
20261004T202614Z-fc20c6,Q982838,death_year,openlibrary,1948,2026-10-04T20:23:06+00:00,false,
20261004T202614Z-fc20c6,Q982838,death_year,wikidata,1948,2026-10-04T19:14:35+00:00,false,
20261004T202614Z-fc20c6,Q982838,nationality,wikidata,Ottoman Empire; Turkey,2026-10-04T19:14:35+00:00,,
20261004T202614Z-fc20c6,Q982838,open_library_id,wikidata,OL97057A,2026-10-04T19:14:35+00:00,,
20261004T202614Z-fc20c6,Q982838,wikidata_qid,openlibrary,Q982838,2026-10-04T20:23:06+00:00,false,
20261004T202614Z-fc20c6,Q982838,work_count,openlibrary,207,2026-10-04T20:23:06+00:00,,
20261004T202614Z-fc20c6,Q991,birth_year,openlibrary,11 November 1821,2026-10-04T20:23:10+00:00,false,
20261004T202614Z-fc20c6,Q991,birth_year,wikidata,1821,2026-10-04T19:13:16+00:00,false,
20261004T202614Z-fc20c6,Q991,canonical_name,wikidata,Fyodor Dostoyevsky,2026-10-04T19:13:16+00:00,,
20261004T202614Z-fc20c6,Q991,death_year,openlibrary,9 February 1881,2026-10-04T20:23:10+00:00,false,
20261004T202614Z-fc20c6,Q991,death_year,wikidata,1881,2026-10-04T19:13:16+00:00,false,
20261004T202614Z-fc20c6,Q991,nationality,wikidata,Russia; Russian Empire,2026-10-04T19:13:16+00:00,,
20261004T202614Z-fc20c6,Q991,open_library_id,wikidata,OL22242A,2026-10-04T19:13:16+00:00,,
20261004T202614Z-fc20c6,Q991,wikidata_qid,openlibrary,Q991,2026-10-04T20:23:10+00:00,false,
20261004T202614Z-fc20c6,Q991,work_count,openlibrary,2825,2026-10-04T20:23:10+00:00,,
